book,gross_exposure,path,seed,ending_after_tax_wealth,after_tax_cagr,gross_losses_realized,gross_losses_liquidation,disallowed_wash_losses,net_realized_pre_liquidation,tax_benefit_used,unused_loss_carry,liquidation_tax,tracking_error,max_drawdown,annual_turnover,average_nav,management_fees,borrow_costs,transaction_costs,payments_in_lieu,payments_in_lieu_capitalized,dividends_received,net_dividend_income,investment_interest_deducted,investment_interest_benefit,unused_investment_interest_carry,dividend_taxes,debit_interest,min_margin_excess_ratio,avg_long_exposure,avg_short_exposure,max_net_exposure_error,maintenance_deficiency_observed,feasible_at_inception,insolvent,deleverage_events,extension_scale,yearly_taxes_paid
100/0,1.0,0,7,899009.9488057517,-0.010589648463288803,889772.7596402499,90.36937856952608,0.0,-515628.78642814246,227314.37091112963,-0.0,54196.25152497676,0.011139708735047755,-0.4931295071766596,0.8881293398501648,747653.0192026729,33596.52594591427,0.0,7516.672917882165,0.0,0.0,101176.80709777384,101176.80709777384,18398.005811599072,7506.386371132421,0.0,24080.080089270163,18398.005811599076,0.8362081014260345,1.043305264954299,0.0,0.09194599049310281,False,True,False,0,1.0,72017.34526649184
100/0,1.0,1,8,1749140.2684795177,0.05750508369841745,752398.2642341416,110.24705759884907,0.0,-85256.3037014695,125460.68997707828,-0.0,234373.73094693266,0.010543755757263715,-0.28053169258885613,0.5898664062932748,1196489.1643320532,53764.295851619,0.0,8545.698132277828,0.0,0.0,162691.16447656264,162691.16447656264,32787.809146611005,13377.42613181729,0.0,38720.49714542191,32787.809146611005,0.8356048140753798,1.0475124244096308,0.0,0.09596790616413453,False,True,False,0,1.0,296016.9962878854
100/0,1.0,2,9,1787931.09264018,0.059827240013408334,754587.9728658367,209.39286117248835,0.0,66954.90209016834,110204.53999499486,-0.0,200795.0809229234,0.014852726112352398,-0.37680975747383294,0.5009080363984052,1428164.438127453,64171.96186363622,0.0,8658.249251504272,0.0,0.0,193972.87857950144,193972.87857950144,37813.47996193108,15427.899824467879,0.0,46165.54510192133,37813.479961931065,0.8356684998530108,1.0460434635338298,0.0,0.09554333431326101,False,True,False,0,1.0,300355.54796166345
100/0,1.0,3,10,1184837.4710177525,0.017105207913896914,936184.5176440683,137.80309365822598,0.0,-269814.6112038364,145230.8643077187,-0.0,105109.4220675413,0.011599013881365763,-0.42443366853835574,0.6766176783099598,1141785.0546597093,51305.10043515211,0.0,8839.382497348006,0.0,0.0,154696.3219858345,154696.3219858345,28797.23576938235,11749.272193907997,0.0,36817.72463262861,28797.23576938235,0.8339495467905457,1.043212479801251,0.0,0.10700302139636242,False,True,False,0,1.0,124449.15485015331
100/0,1.0,4,11,1572173.936257968,0.04628514477070533,696446.487898207,181.1492244470084,0.0,-35360.71261628787,105022.1065326358,-0.0,158033.40386802913,0.011315866057718173,-0.18698536443759783,0.5225069842285376,1277373.4609344702,57396.904958175015,0.0,8033.460704266072,0.0,0.0,173527.13593512116,173527.13593512116,33988.501983413065,13867.30880923253,0.0,41299.458352558824,33988.501983413065,0.8355349107850119,1.0463215649747282,0.0,0.09643392809992046,False,True,False,0,1.0,220906.38190612485
100/0,1.0,5,12,3383789.719205843,0.12964071406272404,565128.0323206711,66.22811581804453,0.0,671705.1520017289,42024.0,-0.0,566460.7395467857,0.011689064684913668,-0.1581389868849301,0.3275439968051542,2100514.000637864,94381.61119260351,0.0,9487.131018353362,0.0,0.0,285928.52389409736,285928.52389409736,58872.28421221773,24019.89195858483,0.0,68050.98868679517,58872.28421221772,0.8362793060434637,1.0476093426029742,0.0,0.09147129304357549,False,True,False,0,1.0,774681.9336190516
100/0,1.0,6,13,2178667.7284827754,0.08098358726791988,726578.1323160824,168.470178785472,0.0,62478.22493022535,143922.19214092975,-0.0,333394.8942633857,0.014444545342219577,-0.2881865273140165,0.41150849371700315,1376506.6627195433,61850.42735982951,0.0,7438.169828575522,0.0,0.0,187205.44101265958,187205.44101265958,37581.71621921747,15333.340217440727,0.0,44554.89496101297,37581.71621921746,0.8352549719928916,1.0472085496102737,0.0,0.09830018671405605,False,True,False,0,1.0,452401.73373347876
100/0,1.0,7,14,1538862.0813073367,0.044046807792454734,832251.0306010135,69.83611728894468,0.0,-219650.9105254573,164427.28089202713,-0.0,192216.4589590067,0.008870798842693425,-0.41539315879404315,0.6686158332326316,1108945.1072157435,49829.11650944684,0.0,8736.631906323699,0.0,0.0,150187.92944124396,150187.92944124396,27687.950130535337,11296.683653258415,0.0,35744.72720701606,27687.95013053533,0.8354597143951791,1.0422096047377956,0.0,0.09693523736547283,False,True,False,0,1.0,247331.93439175715
100/0,1.0,8,15,1315452.7519514593,0.027797425228018424,794698.3180942857,276.6789428922855,0.0,-137017.46872112062,127433.11176669152,-0.0,99704.75739708729,0.013060635640016336,-0.2839452968651244,0.5836087529763656,1226060.5594540834,55093.028860352366,0.0,8336.132681088779,0.0,0.0,166592.08060215312,166592.08060215312,33502.48603879192,13669.0143038271,0.0,39648.91518331244,33502.486038791925,0.8354178328592997,1.0466100243134586,0.0,0.09721444760466902,False,True,False,0,1.0,140915.6767762391
100/0,1.0,9,16,2195185.1384558384,0.08180034444044981,742004.2202038869,303.96118098356783,0.0,343836.16406852024,62099.468084154316,-0.0,258589.47058256454,0.011092079596508177,-0.20443336465797246,0.3920188707341427,1998424.6536717564,89795.4066645681,0.0,9560.154221466786,0.0,0.0,272013.71762970614,272013.71762970614,55537.21972896493,22659.185649417686,0.0,64739.264795870055,55537.219728964934,0.8370771263273495,1.048887328159233,0.0,0.08615249115100299,False,True,False,0,1.0,380127.13389374403
100/0,1.0,10,17,1058225.9732198962,0.0056754341889349025,903449.0259097298,23.512660899276014,0.0,-425689.49898444343,212562.25924493553,-0.0,92922.1064569552,0.010141195347740925,-0.5104301240707594,0.8212622862736868,962429.1702113183,43247.38269309624,0.0,8898.249435904821,0.0,0.0,130401.92702741396,130401.92702741396,24201.617493415695,9874.259937313604,0.0,31035.658632524526,24201.6174934157,0.8353224508122088,1.0428174432048007,0.0,0.0978503279186087,False,True,False,0,1.0,133920.04629362252
100/0,1.0,11,18,1467054.299269609,0.03906955206542606,750877.0829813658,189.3797237055205,0.0,-142730.09973395435,133778.86915135727,-0.0,165093.10156867479,0.012420086636620819,-0.2298399195854035,0.5902177778194094,1145637.4106900594,51480.321131864715,0.0,8075.363062084774,0.0,0.0,156089.33322173578,156089.33322173578,32636.279366677416,13315.601981604383,0.0,37149.261306773114,32636.279366677412,0.8364392720095392,1.0505547150883612,0.0,0.09040485326973924,False,True,False,0,1.0,218248.13147737092
100/0,1.0,12,19,1412847.3138714863,0.0351648650899512,886717.7198100751,175.9770109144324,0.0,-138243.9938967945,140064.17067040023,-0.0,144550.37895163905,0.012812370033657998,-0.3764335737839777,0.5646860005178251,1314048.1606634744,59047.14748158505,0.0,8669.827422359302,0.0,0.0,178903.4606237459,178903.4606237459,36862.95756438412,15040.086686268723,0.0,42579.02362845151,36862.957564384116,0.8373176817676646,1.048411512306815,0.0,0.08454878821556888,False,True,False,0,1.0,191977.2537911304
100/0,1.0,13,20,836894.4015825937,-0.017648152486329893,879114.7187580921,26.323533470448183,0.0,-586483.5352980024,255925.2055941133,-0.0,53108.35653326617,0.012961681002663492,-0.5569917795558152,0.9779598972705003,631574.233531415,28380.140001091037,0.0,7019.471386011781,0.0,0.0,85240.44442787967,85240.44442787967,14505.532525685088,5918.257270479515,0.0,20287.225773835362,14505.532525685085,0.8370829405099519,1.0406548437601302,0.0,0.08611372993365429,False,True,False,0,1.0,75215.277237409
100/0,1.0,14,21,2058925.7312169573,0.07489011280453317,715423.8469082898,192.44328633351472,0.0,153828.4252415233,68528.86969829479,-0.0,264697.6165223324,0.010824712462703669,-0.2634986821138956,0.482677462056264,1498910.839686411,67349.99602978518,0.0,8923.267164066436,0.0,0.0,203376.9079552421,203376.9079552421,39021.55725636257,15920.795360595926,0.0,48403.70409334761,39021.55725636257,0.8348812025451645,1.044570558107528,0.0,0.10079198303223658,False,True,False,0,1.0,347975.00731868244
100/0,1.0,15,22,1738167.9378486495,0.05683983228091738,723114.1852894741,35.904867316372695,0.0,-174646.5762469418,151635.2536127502,-0.0,266012.5523070365,0.013010537179574719,-0.30992825130328605,0.6028097316486629,1046578.363659968,47027.71487049246,0.0,7792.71485603609,0.0,0.0,142237.88327805384,142237.88327805384,28179.963998912146,11497.425311556157,0.0,33852.61622017682,28179.963998912153,0.8351260584600881,1.0473832028247572,0.0,0.099159610266079,False,True,False,0,1.0,327707.1314393342
100/0,1.0,16,23,1109109.051052499,0.01040950950234909,885709.4348670085,108.70837248830226,0.0,-331883.63509803306,175430.47220937384,-0.0,87558.92853380597,0.011171631026866247,-0.2958078058135871,0.7528973196292069,1019870.9758953633,45828.82110192653,0.0,8720.171129077262,0.0,0.0,138338.60917051364,138338.60917051364,26722.03939202584,10902.592071946543,0.0,32924.58898258224,26722.039392025836,0.8358679874350778,1.0455257084666776,0.0,0.09421341709948128,False,True,False,0,1.0,113441.35357395583
100/0,1.0,17,24,1738916.7958464925,0.05688535547513185,895922.2999950656,315.7295510517104,0.0,40340.77736928565,100105.45803520642,-0.0,178712.62786663923,0.013574521326687154,-0.22489221804615378,0.4956074363047714,1470225.1871240353,66063.69011805131,0.0,8687.114712155408,0.0,0.0,200134.6171855891,200134.6171855891,34739.508337978295,14173.719401895143,6317.493344838395,47632.03889017022,41057.00168281669,0.8361885456256951,1.0456919072140622,0.0,0.09207636249536644,False,True,False,0,1.0,236749.64462821317
100/0,1.0,18,25,2817749.953574917,0.10914990190268004,613441.2632368469,0.0,0.0,400707.1466431307,60005.76526635958,-0.0,458225.3194713601,0.01122756955367966,-0.19739128229421055,0.39354680613415605,1742394.8723434336,78289.58501646655,0.0,9095.2205433856,0.0,0.0,236712.72823368543,236712.72823368543,46513.34696868239,18977.445563222413,0.0,56337.629319617125,46513.34696868239,0.838368442595506,1.0468180762185892,0.0,0.07754371602996035,False,True,False,0,1.0,611042.9899216013
100/0,1.0,19,26,2822315.3738946053,0.10932947948642302,687901.6849651893,286.5765514670502,0.0,584321.173747543,13390.536790011054,-0.0,398691.4922958564,0.010494032324375858,-0.164951247950059,0.33227162350728573,2226352.5064603756,100036.63694829629,0.0,9561.383550472836,0.0,0.0,303111.4309111162,303111.4309111162,63032.06308182154,25717.081737383192,0.0,72140.52055684564,63032.06308182155,0.8365454373497982,1.0464904466783458,0.0,0.08969708433467849,False,True,False,0,1.0,549312.9635668962
100/0,1.0,20,27,2387958.863884718,0.09094456777395021,661609.9938769471,325.25837629777794,0.0,362110.3943409772,56710.81404487107,-0.0,325354.3076833059,0.011121655476208667,-0.17550985152988263,0.4043951411115052,1735706.9598004115,77991.09902880111,0.0,8917.344006454101,0.0,0.0,236115.73165716836,236115.73165716836,48248.484936875,19685.381854245003,0.0,56195.54413440608,48248.484936875,0.836304428600857,1.0467596454708197,0.0,0.09130380932762083,False,True,False,0,1.0,453726.41696835216
100/0,1.0,21,28,922289.9747071683,-0.008056927432097849,870330.7298708209,114.29541983556877,0.0,-498126.0956768455,218884.24957576604,-0.0,58984.78784121705,0.010664384523037524,-0.42675253823266346,0.8588331684849324,740155.4197684771,33258.82673349413,0.0,7245.605230670883,0.0,0.0,100020.82441267667,100020.82441267667,17590.04758045283,7176.739412824754,0.0,23804.956210217042,17590.047580452825,0.8363983666290481,1.0403924562886258,0.0,0.0906775558063464,False,True,False,0,1.0,75723.3579123765
100/0,1.0,22,29,1192525.8610478784,0.01776328640068514,898221.8128798292,267.39754094237736,0.0,-193186.55928150704,103943.12530910336,-0.0,66343.65855209384,0.01014146956910212,-0.3044643469993976,0.6162499417865186,1264703.9490493485,56829.98641927616,0.0,8869.103961417193,0.0,0.0,171974.882527476,171974.882527476,31291.671078689255,12767.001800105216,3445.009506811686,40930.022041539276,34736.68058550095,0.8370481481388259,1.0461412569547908,0.0,0.08634567907449409,False,True,False,0,1.0,68524.68440693311
100/0,1.0,23,30,1091282.4750521209,0.00877362330582021,1017661.4093970694,180.92172199649596,0.0,-270915.6196066351,145558.00885921836,-0.0,59627.58040328543,0.011814253927874751,-0.5762119791826327,0.5926123906551942,1443256.4518209922,64849.4138588365,0.0,9573.004065447261,0.0,0.0,195312.7075614827,195312.7075614827,35575.73437744776,14514.899625998687,0.0,46484.42439963289,35575.73437744777,0.8353999002086742,1.041181303990682,0.0,0.09733399860883862,False,True,False,0,1.0,78578.19719870418
100/0,1.0,24,31,2210946.2177051445,0.08257456167789146,677956.8025230484,376.2099457510147,0.0,356890.46982824354,56849.12104858433,-0.0,264689.31753635383,0.012087357370621804,-0.3127919565849048,0.37633894779826516,1845860.1703477905,82940.03512622994,0.0,8714.716652843137,0.0,0.0,251079.26971748684,251079.26971748684,51261.39769665638,20914.6502602358,0.0,59756.86619276187,51261.39769665638,0.8354391233300612,1.0460465400696553,0.0,0.09707251113292537,False,True,False,0,1.0,396394.6889160467
100/0,1.0,25,32,1115543.367147962,0.010994157510660019,871063.0796619258,249.31628995355652,0.0,-380134.5524246515,188921.20041860596,-0.0,94077.72303830828,0.00999347048143747,-0.345547445744132,0.817092379984719,899762.9915234376,40432.34579253078,0.0,8391.895719752858,0.0,0.0,122105.96354233168,122105.96354233168,23664.98866467153,9655.315375185985,0.0,29061.219323074936,23664.988664671528,0.8362781480007483,1.046084971576987,0.0,0.09147901332834518,False,True,False,0,1.0,121258.1676959097
100/0,1.0,26,33,2031180.8590454117,0.07343279504856781,840465.8539034098,369.4772935799382,0.0,313372.8009721076,51687.81639001162,-0.0,205895.79115060624,0.014564977812120194,-0.2747752304466532,0.411694884474891,2045354.3138791472,91902.49884536146,0.0,10015.133637117315,0.0,0.0,277578.98216321145,277578.98216321145,54193.39383813439,22110.904685958827,0.0,66063.79775484433,54193.3938381344,0.8365113328323446,1.042529538383849,0.0,0.08992444778436948,False,True,False,0,1.0,311661.9995602543
100/0,1.0,27,34,747727.3459450479,-0.028653171768555308,993309.94941702,141.3008842106935,0.0,-616029.5940005839,251837.74736989057,-0.0,24859.774168682245,0.012677668723696868,-0.5574346119749165,0.9911073968942865,730602.7422924645,32829.995828447834,0.0,7998.170068088952,0.0,0.0,98580.41838814845,98580.41838814845,16618.187216198152,6780.220384208846,0.0,23462.13957637933,16618.187216198152,0.8340353697115384,1.0380567077318903,0.0,0.10643086858974438,False,True,False,0,1.0,31093.20041343737
100/0,1.0,28,35,2202467.407887142,0.08215868441343388,693843.0926332221,42.947053278209154,0.0,200167.20527870412,69210.05539335939,-0.0,314127.39026466815,0.0121787360358622,-0.24172522094554916,0.46728413370960264,1568520.7075230372,70479.80284019715,0.0,9116.74525111447,0.0,0.0,213464.6886999096,213464.6886999096,43540.77226881902,17764.635085678157,0.0,50804.59591057848,43540.77226881901,0.8361478310868231,1.047893672672512,0.0,0.09234779275451332,False,True,False,0,1.0,404998.69045633345
100/0,1.0,29,36,1322382.9052866385,0.028337616711736846,761797.0043197026,63.074768761733615,0.0,-192841.53499546062,129305.92525482469,-0.0,122349.56527414842,0.011123589878074396,-0.3917370103452754,0.6278328711761771,1136472.666467628,51068.69761221159,0.0,8331.241640403898,0.0,0.0,154597.1368266437,154597.1368266437,31884.509058708263,13008.87969595297,0.0,36794.118564741206,31884.509058708267,0.8366849233286816,1.0478342873803475,0.0,0.08876717780878907,False,True,False,0,1.0,164201.89481577207
100/0,1.0,30,37,2027160.8994846835,0.07322015990403385,649832.1860308787,143.35143684215214,0.0,202594.01482524673,77513.38739931265,-0.0,251109.70225190057,0.011678092183363124,-0.18728213834494423,0.43135303350019144,1567498.6620122874,70432.81002888191,0.0,8402.068881228328,0.0,0.0,212989.62271913135,212989.62271913135,42791.127065091845,17458.779842557473,0.0,50691.53020715325,42791.12706509184,0.8371880440632697,1.0450644944647212,0.0,0.08541303957820223,False,True,False,0,1.0,355729.13921311597
100/0,1.0,31,38,1488528.9840660924,0.04058061115321143,748133.0127224734,129.00478024239797,0.0,-175613.30915148125,154448.6475080041,-0.0,179258.68612967056,0.012515220788663064,-0.26474765313935256,0.5959649686231052,1107140.6944959848,49748.91238702437,0.0,7915.619122649609,0.0,0.0,150215.5263116528,150215.5263116528,29496.11852545615,12034.416358386112,0.0,35751.29526217336,29496.11852545615,0.8366789041235093,1.045169471080539,0.0,0.08880730584327101,False,True,False,0,1.0,242377.10144782468
100/0,1.0,32,39,1125300.769066408,0.011874989446982731,903574.1536872821,4.580212725436502,0.0,-360545.69856732833,181944.71025638244,-0.0,107347.53708892094,0.011615565731479835,-0.3535780498874057,0.8142232748014345,953861.810659793,42862.386325774074,0.0,8844.773250414884,0.0,0.0,129192.25326795636,129192.25326795636,23989.83192224977,9787.851424277906,0.0,30747.756277773606,23989.831922249767,0.833835446477032,1.0444395943805589,0.0,0.10776369015311982,False,True,False,0,1.0,137417.73624647188
100/0,1.0,33,40,1567459.2493647526,0.04597095711953081,776517.3118682717,302.0760276102527,0.0,-110717.44406231603,152711.44116611936,-0.0,167903.2300633686,0.013015989511397185,-0.335301988190177,0.5123687564718935,1216305.9908945418,54654.4360464187,0.0,7552.406674100463,0.0,0.0,165649.92506542502,165649.92506542502,34244.81150686402,13971.883094800518,0.0,39424.68216557115,34244.81150686402,0.8363819608980081,1.0488701208902682,0.0,0.09078692734661242,False,True,False,0,1.0,239685.52780190198
100/0,1.0,34,41,1971744.8342391877,0.0702495925534461,726340.528236529,571.1407878576674,0.0,202554.32767308247,90347.78423244847,-0.0,216587.10237896492,0.016113485486080763,-0.27521237168465607,0.3957375965064381,1646798.962066507,73996.53729338183,0.0,8062.840482091369,0.0,0.0,224319.94107259103,224319.94107259103,46547.734826544256,18991.475809230054,0.0,53388.14597527666,46547.734826544256,0.8363858147612457,1.0471663165575387,0.0,0.09076123492502819,False,True,False,0,1.0,329370.59325443505
100/0,1.0,35,42,1269923.2270068643,0.024183433392178877,890320.5141165833,101.07592801205952,0.0,-292315.36883411766,179735.2025079748,-0.0,125261.94745316976,0.01067203989581018,-0.5305164764441922,0.637919629696997,1123344.4681503456,50473.215441738044,0.0,8290.33467599559,0.0,0.0,151314.10033068486,151314.10033068486,24976.516659734218,10190.41879717156,0.0,36012.75587870299,24976.516659734218,0.8366438646549063,1.0362123402096204,0.0,0.08904090230062511,False,True,False,0,1.0,175420.70122127482
100/0,1.0,36,43,1257455.6825812557,0.023173465398223847,801396.1107491399,82.57846936941063,0.0,-278609.32156143617,160452.8824197197,-0.0,116945.4981877422,0.009093234063456744,-0.329846966319188,0.7109403282690673,1003371.5915729918,45086.576940782834,0.0,8259.85234119298,0.0,0.0,136036.4643733275,136036.4643733275,25910.13192186238,10571.333824119849,0.0,32376.678520851947,25910.131921862365,0.8368354369436828,1.0429229244441895,0.0,0.08776375370878142,False,True,False,0,1.0,153584.14661436796
100/0,1.0,37,44,1701204.4924240469,0.05457058170949303,744609.9958696589,92.2837170987356,0.0,33546.07064031898,87108.63773318651,-0.0,183190.9541465437,0.011241461052752602,-0.21498970876505574,0.5075452132525972,1428307.483849377,64179.19064970126,0.0,8676.651608867827,0.0,0.0,193894.2174087075,193894.2174087075,38335.83292025681,15641.019831464777,0.0,46146.82374327236,38335.83292025682,0.8356108001272068,1.0441501660793822,0.0,0.09592799915195505,False,True,False,0,1.0,241980.25360628462
100/0,1.0,38,45,1113204.8954829392,0.01078202641824344,831415.9910416453,42.86922713427416,0.0,-442493.4726187905,216880.132484911,-0.0,111230.43647811546,0.011974654788273219,-0.511041845618625,0.7354081033462836,773956.375294356,34778.085107202765,0.0,6748.744990662252,0.0,0.0,105031.29087924155,105031.29087924155,20159.884722193405,8225.232966654909,0.0,24997.447229259495,20159.884722193405,0.8340457979775728,1.0468286304405023,0.0,0.10636134681618148,False,True,False,0,1.0,143244.20704990716
100/0,1.0,39,46,1561100.8610405107,0.045545883158507605,789376.3551834229,244.3317623100563,0.0,-71388.22575607373,134515.5296327121,-0.0,163301.64544967425,0.01260855048025006,-0.29981642628597704,0.6040357952862382,1242071.6131596803,55811.557649416645,0.0,8850.427612509753,0.0,0.0,168512.83130037118,168512.83130037118,32607.656265306985,13303.923756245245,0.0,40106.053849488344,32607.65626530698,0.8359471430676785,1.0441022681313332,0.0,0.09368571288214378,False,True,False,0,1.0,237159.21904282068
100/0,1.0,40,47,929969.5442556805,-0.007234051519405926,936261.0398772397,128.56881273639468,0.0,-438169.10321767215,197270.93162833006,-0.0,47959.02562416964,0.009375417119535207,-0.44406308684221907,0.8535412274546521,939581.5812766284,42218.66508567749,0.0,8935.917237932372,0.0,0.0,126628.80339304639,126628.80339304639,20829.469460459673,8498.423539867548,0.0,30137.655207545056,20829.469460459673,0.8377012066005616,1.0387202452327284,0.0,0.08199195599625675,False,True,False,0,1.0,62778.60760883697
100/0,1.0,41,48,2355744.029539798,0.08946381391046976,709920.601052424,292.122343148387,0.0,489045.83401359245,25062.882305690393,-0.0,297129.6771933221,0.012022429025964388,-0.18571398382487603,0.37532141786980106,2116758.8410265525,95112.7143256706,0.0,9814.018572107465,0.0,0.0,288264.48396671226,288264.48396671226,59488.435435570456,24271.281657712745,0.0,68606.94718407752,59488.43543557044,0.8370816662833281,1.0485762620452488,0.0,0.0861222247778124,False,True,False,0,1.0,437269.5996869881
100/0,1.0,42,49,2708490.3251830554,0.1047721784988993,642576.3572926287,146.0196001954552,0.0,201263.75647907483,112239.72731476094,-0.0,460912.02322637005,0.011292831901824937,-0.3183489742026471,0.4169899720658812,1505522.315811304,67647.77804727916,0.0,8374.634235415293,0.0,0.0,204527.8703032698,204527.8703032698,41067.84696784176,16755.681562879436,0.0,48677.63313217821,41067.84696784176,0.8355590189843581,1.0449586239450224,0.0,0.09627320677094597,False,True,False,0,1.0,600240.7941519044
100/0,1.0,43,50,3876244.0990850558,0.14509392809290111,585354.1300904312,220.16032347077865,0.0,490176.77900975326,120011.40583128757,-0.0,762903.6407716002,0.013146889233303259,-0.33259100817030784,0.32737157527841293,1847372.4244924695,83003.01868237846,0.0,8934.74401073128,0.0,0.0,250272.86409203082,250272.86409203082,46786.144506639925,19088.74695870909,0.0,59564.94165390334,46786.14450663992,0.8373924127111515,1.043651695769087,0.0,0.08405058192565629,False,True,False,0,1.0,989919.9655322239
100/0,1.0,44,51,3119455.82518233,0.12048973951813302,728788.9770203873,2.2836033784442273,0.0,595318.125290633,8433.545240151972,-0.0,524456.546298436,0.00932587068255639,-0.18222743193746882,0.3619247326316949,2280954.979219842,102491.68503478273,0.0,10730.147120946582,0.0,0.0,310983.44214313925,310983.44214313925,65757.27902270602,26828.96984126405,0.0,74014.05923006714,65757.27902270602,0.8354719857299894,1.0508341037478692,0.0,0.09685342846673706,False,True,False,0,1.0,667948.3988233965
100/0,1.0,45,52,3346197.8626475846,0.1283794332292525,593647.2724351829,492.5484219298012,0.0,783759.8619854297,26383.37657006538,-0.0,515278.0183812859,0.012721442062799675,-0.18358478326273275,0.3012223506055115,2359230.52781099,106005.78625031635,0.0,9640.541671170758,0.0,0.0,321287.5954199187,321287.5954199187,66319.72291468749,27058.446949192497,0.0,76466.44770994062,66319.7229146875,0.8357008278644362,1.049330188817724,0.0,0.09532781423709236,False,True,False,0,1.0,743064.5487537119
100/0,1.0,46,53,2243806.5541767958,0.08417288446454929,667060.2638557241,174.63626275433705,0.0,166684.96812481788,124807.10735496497,-0.0,324301.57578356896,0.012175196817416042,-0.2208795671114645,0.4319930010621496,1456660.6681581705,65454.06210745109,0.0,8114.595653135142,0.0,0.0,198547.8772529759,198547.8772529759,41762.95663957062,17039.28630894481,0.0,47254.39478620825,41762.95663957063,0.8369131544064121,1.0505081626464476,0.0,0.08724563729058654,False,True,False,0,1.0,454717.8051968798
100/0,1.0,47,54,1540169.710619286,0.044135490493023566,765798.337831218,140.47380133537072,0.0,-126702.0586047101,134512.02654272274,-0.0,165605.5128630902,0.009316406746893853,-0.2690304390739543,0.5867291063218767,1153950.7847383306,51852.05550043061,0.0,8079.794437790802,0.0,0.0,156728.58534071385,156728.58534071385,30790.57556314036,12562.554829761266,0.0,37301.403311089896,30790.57556314035,0.8368179722238329,1.0454417253781523,0.0,0.08788018517444662,False,True,False,0,1.0,222874.29201508497
100/0,1.0,48,55,1932864.9865892646,0.0681202577859299,674900.5497169863,81.15374654248905,0.0,123649.77281693643,87197.97567769494,-0.0,251865.7556788028,0.012533246718642978,-0.34363386658302875,0.4817633288187141,1424892.257326743,64026.36052720295,0.0,8466.219609280794,0.0,0.0,193760.4089331049,193760.4089331049,39499.61559003746,16115.84316073528,0.0,46114.97732607897,39499.615590037465,0.8356642340358876,1.0464990433336125,0.0,0.09557177309408216,False,True,False,0,1.0,341036.96261714987
100/0,1.0,49,56,1994841.6810160375,0.07149671371359423,731362.4646399021,155.1888239191954,0.0,178216.398186245,94295.1260458341,-0.0,240337.71886189946,0.012111352096470443,-0.2667980652326529,0.4048214864822529,1624199.2186375398,72982.90929091361,0.0,8189.80638007578,0.0,0.0,221668.45317948915,221668.45317948915,47838.83844542363,19518.24608573284,0.0,52757.09185671843,47838.838445423615,0.8332450216630277,1.0503881680223381,0.0,0.11169985557981521,False,True,False,0,1.0,343559.6613393427
100/0,1.0,50,57,863396.6329013152,-0.014580765489996983,881985.503364227,160.60122300786452,0.0,-557809.6968484693,239300.20830227758,-0.0,52237.210071747286,0.01198251087449808,-0.5450328974916117,0.9783467596638971,686913.1153152991,30867.25954692429,0.0,7568.894084228016,0.0,0.0,92813.77725470848,92813.77725470848,16265.55460092303,6636.346277176596,0.0,22089.678986620613,16265.55460092303,0.8374269837317639,1.0411429813506374,0.0,0.08382010845490662,False,True,False,0,1.0,70630.71723717601
100/0,1.0,51,58,926466.5368472855,-0.007608641789112247,965944.1449433395,209.81531166391665,0.0,-433580.8294125509,193622.65906823534,-0.0,44326.12133377076,0.012561263379937878,-0.35734024543483933,0.8220347346790134,936784.851514657,42094.25535750181,0.0,8580.621408172408,0.0,0.0,126714.65357735378,126714.65357735378,22641.51409987107,9237.737752747395,0.0,30158.087551410197,22641.514099871067,0.8342924716276857,1.039957192293269,0.0,0.10471685581542811,False,True,False,0,1.0,55629.838586038575
100/0,1.0,52,59,1316079.8188628852,0.027846409088930102,832515.7955709108,44.45990058354893,0.0,-412196.1334346217,225740.07256842166,-0.0,161414.3961157582,0.013107100918649866,-0.5315429240873164,0.7573510366091445,795575.8018559676,35749.009270965136,0.0,7196.314358066043,0.0,0.0,107738.81708863103,107738.81708863103,19829.56174338521,8090.461191301165,0.0,25641.838467094174,19829.56174338521,0.8332013095332778,1.0443937002175443,0.0,0.11199126977814866,False,True,False,0,1.0,208871.03625115767
100/0,1.0,53,60,3305433.9191261847,0.12699722824007842,774505.0368431326,219.8332393249532,0.0,831646.2922450153,53256.71773045906,-0.0,517053.0106598843,0.013456783177727808,-0.37430018213966754,0.33069407301248294,2600673.8892121622,116854.48717610462,0.0,11127.589001786066,0.0,0.0,353956.49200013315,353956.49200013315,72201.42957607485,29458.183267038534,0.0,84241.64509603172,72201.42957607484,0.8362118874061517,1.0483367103220467,0.0,0.09192075062565541,False,True,False,0,1.0,776586.169813033
100/0,1.0,54,61,2103341.0007217815,0.07718666581974976,625343.7522982252,117.92750800249837,0.0,135353.84477896796,102032.89011088594,-0.0,290470.78561570356,0.01155861422515249,-0.334560853125917,0.4262984944322904,1476753.172373751,66355.82956153402,0.0,7993.997600377013,0.0,0.0,200811.78382062176,200811.78382062176,40993.29302121258,16725.26355265473,0.0,47793.20454930797,40993.293021212565,0.8369131284023551,1.0459738116008839,0.0,0.08724581065096615,False,True,False,0,1.0,406563.309077797
100/0,1.0,55,62,1245401.4193195633,0.022188370454303552,771696.2858833711,100.02672133133782,0.0,-352811.8882317341,202926.88787979135,-0.0,131713.60454530537,0.012485159677244364,-0.4950552752293411,0.6557207200154382,862469.8076308828,38755.94493676575,0.0,6786.628959570129,0.0,0.0,117366.04534576039,117366.04534576039,23891.234621849177,9747.623725714464,0.0,27933.11879229097,23891.234621849177,0.835524932132979,1.0490262985296048,0.0,0.09650045244680716,False,True,False,0,1.0,173591.72993748795
100/0,1.0,56,63,1702317.7678833534,0.05463957294289812,783552.5695601325,157.8526581919063,0.0,-58425.720466197905,106218.9331027838,-0.0,206753.57804945222,0.010351700948119562,-0.3246826087982143,0.5379161520913096,1392426.0640000706,62568.015161638425,0.0,8949.573005540053,0.0,0.0,189452.48047231036,189452.48047231036,38365.29761559024,15653.041427160819,0.0,45089.69035240987,38365.29761559024,0.83648185738375,1.048329115494693,0.0,0.09012095077500026,False,True,False,0,1.0,264163.28966742597
100/0,1.0,57,64,1281041.7237744755,0.0250766183060791,944844.6178710987,169.74395562452048,0.0,-94968.28973069518,111154.12489835756,-0.0,69041.64802367179,0.012764653282687747,-0.4033556512537354,0.5832595204870195,1411588.9061782833,63429.5813537402,0.0,9353.721473193966,0.0,0.0,191929.11132350037,191929.11132350037,35549.23033471281,14504.085976562823,3010.918031817014,45679.128494993085,38560.14836652983,0.8353982564507958,1.0453136799389076,0.0,0.09734495699469514,False,True,False,0,1.0,105820.7296058844
100/0,1.0,58,65,2204945.0534211905,0.08228035928132194,696822.0723410489,250.06927913146606,0.0,282343.3537235153,79420.64993273567,-0.0,277031.48209677526,0.01520584409807164,-0.2749352968634843,0.3973673283398528,1779756.344729463,79969.72327540437,0.0,8816.864047901257,0.0,0.0,241858.6534787131,241858.6534787131,48761.43781289024,19894.666627659215,0.0,57562.35952793372,48761.43781289023,0.834374619972745,1.0450236966366715,0.0,0.1041692001817005,False,True,False,0,1.0,411720.0068537856
100/0,1.0,59,66,1490504.5046377096,0.04071863075186144,773642.1403024568,76.82553077233392,0.0,-235420.38243759828,172809.35704252188,-0.0,183410.56658647716,0.00986204828603302,-0.43751279110325103,0.6734536757667621,993394.3814936865,44637.85125289156,0.0,8006.230978401044,0.0,0.0,134734.11541711236,134734.11541711236,25720.956010015445,10494.150052086301,0.0,32066.719469272746,25720.95601001545,0.8353339878796074,1.0444984588516433,0.0,0.09777341413595053,False,True,False,0,1.0,245315.48130834257
100/0,1.0,60,67,2056350.5722480272,0.07475559741023674,675695.0377864178,114.59254902062914,0.0,197645.49468498517,67989.16592657965,-0.0,263631.348541697,0.010684962900353331,-0.1766839193723273,0.4465922873422163,1580733.6937671923,71029.35206189188,0.0,8757.373094992421,0.0,0.0,215272.20401943845,215272.20401943845,45037.49930285831,18375.29971556619,0.0,51234.78455662635,45037.49930285831,0.8359676134564227,1.047526159410219,0.0,0.09354924362384898,False,True,False,0,1.0,358156.52336228976
100/0,1.0,61,68,2621078.7064904175,0.1011538618110055,737875.3986814665,197.77472602910785,0.0,400733.77855224785,60282.92913023435,-0.0,393558.84749046795,0.014081415327548067,-0.20804232336584738,0.4382739516976112,1776576.3974942907,79826.0980983236,0.0,9843.443017453897,0.0,0.0,241184.9458200597,241184.9458200597,47048.31932217647,19195.714283447996,0.0,57402.01710517421,47048.31932217646,0.8359663154479878,1.043611243434021,0.0,0.09355789701341477,False,True,False,0,1.0,546289.5498111671
100/0,1.0,62,69,1202108.519032567,0.018578177687387676,809810.2650778561,141.4263762149209,0.0,-264061.0974697489,153166.62246872857,-0.0,94049.6058673203,0.009486827470661369,-0.33078306422319503,0.6520926036290057,1041562.1331991196,46801.76820016917,0.0,7905.04057832281,0.0,0.0,141088.88423225106,141088.88423225106,26581.5719182422,10845.281342642818,0.0,33579.15444727575,26581.571918242204,0.8350493587958052,1.043905098780003,0.0,0.09967094136129862,False,True,False,0,1.0,120534.04834321939
100/0,1.0,63,70,1781596.2881378618,0.05945113341152708,724492.2179327679,104.90106967397745,0.0,93982.78753005277,64305.50449686706,-0.0,208873.00262985486,0.009534065646743653,-0.20380668225629883,0.5078993866687147,1514366.4469662537,68047.84716304907,0.0,9242.396253950508,0.0,0.0,206241.2478580403,206241.2478580403,42819.32019240625,17470.28263850175,0.0,49085.416990213576,42819.32019240625,0.8359252004735133,1.0502717329904325,0.0,0.09383199684324528,False,True,False,0,1.0,268659.8178241317
100/0,1.0,64,71,1795023.7435982437,0.0602469205887628,714456.2480244116,269.36706454731336,0.0,58396.93956123766,94908.93761614538,-0.0,210050.60109532397,0.013435926858038391,-0.2354239308959044,0.5117662834750424,1394816.5532169645,62673.80081672431,0.0,8644.662968109691,0.0,0.0,189415.45340911762,189415.45340911762,36986.49349974165,15090.489347894592,0.0,45080.877911369986,36986.49349974165,0.8346508269988628,1.0457998919064073,0.0,0.10232782000758167,False,True,False,0,1.0,290688.4320965726
100/0,1.0,65,72,1178357.6385790238,0.016547583113212472,891298.2504457606,252.4284248717806,0.0,-184268.89078215937,92414.40654859314,-0.0,52885.26887483253,0.00791731875463663,-0.40531223200336,0.620917782066828,1319085.507613796,59272.63356343405,0.0,9268.751778725979,0.0,0.0,179204.46745283192,179204.46745283192,33068.90068107722,13492.111477879505,2037.5818981854568,42650.663253773986,35106.48257926269,0.8357046529631336,1.0457538206343633,0.0,0.09530231357910979,False,True,False,0,1.0,59766.577757898805
100/0,1.0,66,73,2231239.1321173646,0.08356410997293584,655696.6635315459,91.09504360442222,0.0,226622.6450387099,82006.48266386594,-0.0,303428.10313314525,0.010509140707943627,-0.35268084844773806,0.4398924495432636,1598651.2594844236,71830.59308140086,0.0,8835.047644421029,0.0,0.0,216832.586229914,216832.586229914,41335.339942881255,16864.81869669555,0.0,51606.155522719535,41335.33994288126,0.8370046472860828,1.0443385544783375,0.0,0.0866356847594485,False,True,False,0,1.0,419395.81273053156
100/0,1.0,67,74,3354573.3535001245,0.12866154755945125,581804.9783964767,96.65482592592895,0.0,641189.9731389873,35456.59927086999,-0.0,563569.4404070135,0.011145276729473255,-0.11493339494684263,0.3454309100931189,1999712.4915076424,89852.12386904102,0.0,9461.74771020608,0.0,0.0,272135.7702006407,272135.7702006407,55430.911225937874,22615.811780182652,0.0,64768.31330775249,55430.91122593789,0.8368216326914899,1.0476216896761639,0.0,0.08785578205673406,False,True,False,0,1.0,759002.7774496395
100/0,1.0,68,75,1689350.3891274736,0.05383343570525834,874828.1669883032,15.164954599513305,0.0,91521.20395960822,59982.85767416465,-0.0,179676.95989291958,0.010512715019934579,-0.3015076350333107,0.5250285949340252,1650584.8949043634,74166.83473435011,0.0,10147.001716278062,0.0,0.0,224224.01083153533,224224.01083153533,44070.65666306216,17980.827918529354,0.0,53365.31457790541,44070.656663062146,0.8358327483215661,1.0468212170816569,0.0,0.09444834452289297,False,True,False,0,1.0,226656.20306446048
100/0,1.0,69,76,3198001.672458969,0.12327959215276607,639259.4154374966,206.60423357792928,0.0,832867.6281236707,13151.639301029754,-0.0,454491.94136243715,0.014750715446045014,-0.1985929228920592,0.2841216617895094,2597456.685751196,116711.51171800194,0.0,9820.330763632908,0.0,0.0,354128.17247696494,354128.17247696494,75335.2651686445,30736.788188806957,0.0,84282.50504951767,75335.26516864452,0.835723226002749,1.0498820167776324,0.0,0.09517849331500705,False,True,False,0,1.0,680333.3804851865
100/0,1.0,70,77,1125300.9380113017,0.011875004638574715,1007719.3646753615,227.63280705058912,0.0,-272473.69022390846,136943.0000931534,-0.0,75256.65216244831,0.011705416415165253,-0.46879936928296073,0.6751938826807466,1317168.2636568355,59184.940524033125,0.0,9954.56716969855,0.0,0.0,178065.07960889192,178065.07960889192,32092.17463339139,13093.607250423687,0.0,42379.48894691626,32092.174633391398,0.8367365096408618,1.0417205406531147,0.0,0.08842326906092146,False,True,False,0,1.0,81710.5227676456
100/0,1.0,71,78,3007534.2974944753,0.1164031645507595,692473.6169829323,464.7637135266385,0.0,785363.8472290478,4367.205549712373,-0.0,404781.38086540723,0.011685883402901678,-0.27123785346147344,0.29879668692028466,2580140.9574402706,115933.02395559094,0.0,9960.221294750734,0.0,0.0,351500.24792355526,351500.24792355526,73796.40007257907,30108.93122961225,0.0,83657.05900580614,73796.40007257905,0.8377680156671836,1.0464437656940888,0.0,0.08154656221877632,False,True,False,0,1.0,611598.511907789
100/0,1.0,72,79,649798.2128978043,-0.042193342811800316,948580.1653156561,112.75362315488344,0.0,-765367.7967868601,315434.0976818062,-0.0,28576.964978762087,0.011365328107823652,-0.7484742644955483,1.144418271421438,470667.90093829075,21150.503808466976,0.0,6070.042611106764,0.0,0.0,63541.66346955409,63541.66346955409,10736.542421830705,4380.509308106927,0.0,15122.915905753875,10736.542421830709,0.8361037005969456,1.0409915844944375,0.0,0.09264199602036283,False,True,False,0,1.0,39886.610865320356
100/0,1.0,73,80,1906154.4915504062,0.06663494937284109,754385.3896251075,252.04639005645825,0.0,48517.19183369323,106754.22289445966,-0.0,248346.25123514317,0.011145022237615935,-0.34313323168418974,0.5044471899669787,1414330.392992278,63548.8838873629,0.0,8700.023190040452,0.0,0.0,191683.98180898902,191683.98180898902,35681.61707322024,14558.099765873856,0.0,45620.78767053939,35681.61707322023,0.8354763211206456,1.0429162653863697,0.0,0.09682452586236168,False,True,False,0,1.0,336736.48658690794
100/0,1.0,74,81,815376.2271338196,-0.020203678759697197,967361.3466102814,68.87474382988756,0.0,-600066.7759824288,261335.14953377596,-0.0,51942.15447630441,0.011963089358055312,-0.6002723789619996,0.9295087229473863,791531.4043052441,35567.10052002241,0.0,8172.41930087196,0.0,0.0,106534.05698291505,106534.05698291505,17553.89304738024,7161.9883633311365,0.0,25355.10556193378,17553.893047380243,0.8360678997225245,1.0380999116800453,0.0,0.09288066851650356,False,True,False,0,1.0,75665.19151150796
100/0,1.0,75,82,1828029.744364538,0.06218050396233332,680412.0827934477,193.97239698585548,0.0,-35837.78624941039,124096.09590988225,-0.0,239956.6888097726,0.011510591987670382,-0.4763697955598337,0.4995343204314605,1268358.1246691954,56989.491522125085,0.0,7858.530967271328,0.0,0.0,171607.61752129844,171607.61752129844,31283.05253717526,12763.485435167508,0.0,40842.61297006902,31283.052537175274,0.8352437077327876,1.041887511388099,0.0,0.0983752817814163,False,True,False,0,1.0,322856.38815761846
100/0,1.0,76,83,4851538.626372644,0.1710837354697874,557753.3507012401,284.7497507812188,0.0,1260910.81858171,12049.538220829152,-0.0,917614.898493193,0.013362762342572498,-0.14772021106220323,0.2516484527167355,2916082.69706738,131027.03790749054,0.0,10869.646418673525,0.0,0.0,397563.71076509106,397563.71076509106,84368.65316691731,34422.410492102266,0.0,94620.16316209169,84368.65316691731,0.8336927679749815,1.050539042788521,0.0,0.10871488016678987,False,True,False,0,1.0,1263436.135925565
100/0,1.0,77,84,1319784.4170549223,0.028135369014830047,963843.2018302073,457.2417543609973,0.0,-58099.975889113295,114785.27872385232,-0.0,71403.0686774998,0.013698008631663082,-0.4668266788328732,0.5898301068398455,1505267.158706742,67635.44175350454,0.0,9994.110735351349,0.0,0.0,203745.5238973729,203745.5238973729,35441.13650629196,14459.983694567116,1496.7482592710003,48491.43468757476,36937.884765562965,0.8345266144174205,1.039712719670682,0.0,0.1031559038838632,False,True,False,0,1.0,126091.86602571279
100/0,1.0,78,85,3558769.955674581,0.13535059409229633,580828.6612084906,287.38735422405404,0.0,772975.3550949474,40701.16840572873,-0.0,612056.6025972394,0.013078607399821602,-0.1441212777727897,0.31443469362476983,2255766.724839833,101356.17749266281,0.0,9810.006108000016,0.0,0.0,306675.0117766316,306675.0117766316,61936.92097857788,25270.263759259775,0.0,72988.6528028383,61936.92097857787,0.8381536083519306,1.0451232238110637,0.0,0.07897594432046229,False,True,False,0,1.0,844349.4542271944
100/0,1.0,79,86,3314944.077097995,0.12732106077137217,629550.1430503328,291.3411295398998,0.0,746053.4595615256,79386.41593972425,-0.0,504838.8313208794,0.014917162435515698,-0.21109825266419535,0.2997287217164567,2374518.677266506,106693.52679494148,0.0,9583.838677788412,0.0,0.0,323584.93468947755,323584.93468947755,67717.68714842616,27628.816356557872,0.0,77013.21445609565,67717.68714842616,0.8366437123407001,1.049950455563738,0.0,0.0890419177286661,False,True,False,0,1.0,758531.7461204735
100/0,1.0,80,87,2433430.111735864,0.0930043434482759,659853.6206789663,325.88645775139383,0.0,378590.24552892987,66760.45391873244,-0.0,321006.28619506466,0.01140199720233159,-0.19046720719980526,0.34154527017128355,1852064.9064194425,83219.16525334363,0.0,8218.375850788561,0.0,0.0,252322.59368423236,252322.59368423236,52772.86787026038,21531.330091066233,0.0,60052.77729684731,52772.86787026037,0.8375907753067423,1.0469081669787481,0.0,0.08272816462171773,False,True,False,0,1.0,458534.2648332109
100/0,1.0,81,88,1567405.8765782483,0.04596739548052553,783027.169396281,77.12763309056365,0.0,-90141.29988859364,97282.34152637093,-0.0,182065.07272797378,0.010682464647265853,-0.3298787796661944,0.5659524738489575,1306217.713164371,58691.0252448236,0.0,8795.992425926357,0.0,0.0,176691.90093058042,176691.90093058042,31699.9952703951,12933.5980703212,0.0,42052.67242147816,31699.99527039511,0.8333135230573158,1.0430955281967322,0.0,0.11124317961789454,False,True,False,0,1.0,226557.3672933844
100/0,1.0,82,89,1560356.543795795,0.04549602187973023,735029.9388565844,143.24718321445172,0.0,-155656.4287084811,159291.2841672084,-0.0,183836.88401484286,0.012468405728292118,-0.2960920509742979,0.5572414243897426,1095411.3934063057,49221.28902019885,0.0,7450.610182316143,0.0,0.0,148813.1563096319,148813.1563096319,29288.951829077756,11949.892346263725,0.0,35417.5312016924,29288.95182907775,0.8362499083124867,1.0460770504173815,0.0,0.09166727791675489,False,True,False,0,1.0,251295.6000768834
100/0,1.0,83,90,926851.5764023757,-0.007567405708968966,876683.6258262919,125.08827017505295,0.0,-457839.3329067844,201337.17763292737,-0.0,53095.78725522104,0.009364207614982696,-0.44412865724842365,0.8072616039430935,883601.3418428053,39704.53061671307,0.0,8057.077329266298,0.0,0.0,119333.7707846758,119333.7707846758,21358.695836087383,8714.34790112365,0.0,28401.437446752825,21358.69583608738,0.8353686979899296,1.0417325809053133,0.0,0.09754201340046897,False,True,False,0,1.0,70769.48505070443
100/0,1.0,84,91,1382476.862677561,0.0329178608662839,879209.0698595766,164.71074297335664,0.0,-188012.66109975858,134034.02392715676,-0.0,130174.5611188758,0.010299536389401233,-0.4238349758072495,0.6776345580425757,1170051.4051599216,52573.30508352053,0.0,9128.524349333215,0.0,0.0,157956.85567931223,157956.85567931223,27225.412437869396,11107.968274650711,0.0,37593.73165167631,27225.412437869396,0.836878380963796,1.0378062351742163,0.0,0.08747746024136038,False,True,False,0,1.0,172860.27932780277
100/0,1.0,85,92,1915493.4891712035,0.06715638702447602,741860.8389478154,230.16551833217108,0.0,193171.24069045344,101154.5672471151,-0.0,206649.50069661767,0.012983440562490406,-0.29839247870906394,0.44276816942348124,1693287.7753343203,76086.949325507,0.0,9046.801571068487,0.0,0.0,230810.3356377532,230810.3356377532,48558.87854862298,19812.022447838175,0.0,54932.85988178527,48558.87854862298,0.8357160184565715,1.048877055917363,0.0,0.09522654362285676,False,True,False,0,1.0,334234.31271504296
100/0,1.0,86,93,1266305.5542055399,0.02389129613414731,854739.2859315964,270.17114691239215,0.0,-160207.640223183,117242.72825288362,-0.0,85924.77171953565,0.014380180272196128,-0.2933425541385415,0.5855596535747615,1297433.381842862,58301.29200960873,0.0,8702.561603173206,0.0,0.0,176782.94267661334,176782.94267661334,36919.80574421607,15063.280743640158,0.0,42074.340357033965,36919.80574421607,0.8361226414067962,1.0475551295033152,0.0,0.09251572395469276,False,True,False,0,1.0,115521.03899095645
100/0,1.0,87,94,2084514.7864798044,0.0762186110080183,749067.595810879,15.568432324701272,0.0,-86862.65070445545,152993.18868796583,-0.0,333187.2967018798,0.010537642869373276,-0.2966225054852777,0.5933660953700695,1140072.2393834214,51227.650242642274,0.0,8469.658614947657,0.0,0.0,154607.02250743614,154607.02250743614,29414.099367624483,12000.95254199079,0.0,36796.4713567698,29414.09936762449,0.8352211914695582,1.0438983310831509,0.0,0.0985253902029457,False,True,False,0,1.0,418133.33367158414
100/0,1.0,88,95,2123334.102237333,0.07820622152120693,730224.1243908997,207.20330509862683,0.0,112677.68275800119,83780.19939510853,-0.0,308882.54585601966,0.00820228823468897,-0.21469328444737878,0.516957329686474,1413497.1374043287,63513.947046152614,0.0,9041.65675892647,0.0,0.0,192162.15442303885,192162.15442303885,38297.35294934139,15625.320003331284,0.0,45734.592752683246,38297.35294934139,0.8353183345939708,1.0456951615048324,0.0,0.09787776937352888,False,True,False,0,1.0,392024.2499628096
100/0,1.0,89,96,1447248.3192078893,0.03765815935952954,793393.4491704989,203.87738426169864,0.0,-173964.7274507221,133954.68181641743,-0.0,163565.3353599533,0.01122061057034388,-0.22802479022412703,0.6396271263431723,1102161.1701565762,49524.7072579028,0.0,8327.276859413827,0.0,0.0,149524.5667369677,149524.5667369677,28465.338420402684,11613.858075524298,0.0,35586.84688339832,28465.338420402688,0.8371711904721867,1.0449993272650555,0.0,0.0855253968520886,False,True,False,0,1.0,209879.25592719542
100/0,1.0,90,97,1454753.6646123335,0.038195031135641155,736847.927226589,124.19271866715701,0.0,-211383.59146966162,170964.9016078803,-0.0,166003.75254290132,0.010905936928092618,-0.3383647527221598,0.6336408980577407,1000385.3112673477,44952.88120588383,0.0,7594.218793490755,0.0,0.0,136069.07890096554,136069.07890096554,27481.52398310236,11212.461785105763,0.0,32384.4407784298,27481.523983102357,0.835670790789963,1.0465671779229822,0.0,0.09552806140024717,False,True,False,0,1.0,227315.7823119309
100/0,1.0,91,98,2291853.9715510486,0.08647238993484252,690038.4450901066,243.53776345722127,0.0,36950.24303474714,153066.38205087246,-0.0,373288.12221199076,0.01235535807153383,-0.2570179489664439,0.49100674665641153,1269411.5571536445,57039.3770146557,0.0,8071.627514899586,0.0,0.0,172598.38757976345,172598.38757976345,34532.28550260671,14089.172485063538,0.0,41078.416243983695,34532.285502606705,0.8355510673879416,1.047170519052606,0.0,0.09632621741372249,False,True,False,0,1.0,492140.13430345687
100/0,1.0,92,99,2387927.1255736705,0.09094311779314679,645474.9759468107,224.20323646174867,0.0,267432.05078987154,69865.6533464997,-0.0,353662.52582077397,0.014296039005410524,-0.2628715053066243,0.41196172283415866,1620590.8659255558,72816.12381695594,0.0,8597.527543650724,0.0,0.0,219918.5158753247,219918.5158753247,42234.93383451649,17231.853004482724,0.0,52340.60677832728,42234.93383451648,0.8373857598497301,1.044276923288539,0.0,0.08409493433513271,False,True,False,0,1.0,476862.37352397473
100/0,1.0,93,100,3876681.1628135764,0.1451068388801653,484194.29240908887,34.73289620141489,0.0,706330.9217980866,66659.63623608886,-0.0,726326.5599821224,0.014980137735042484,-0.21304175044149987,0.2897268226650811,2106069.75663667,94627.37287016535,0.0,9007.218639701752,0.0,0.0,285830.9567834776,285830.9567834776,55531.79849338631,22656.973785301616,0.0,68027.76771446767,55531.798493386326,0.836052414647795,1.044370507127104,0.0,0.09298390234803278,False,True,False,0,1.0,980793.8129815323
100/0,1.0,94,101,1360191.3818220294,0.031240597632123945,853563.953297499,225.74709802579906,0.0,-79826.11634305364,120848.94405525204,-0.0,96841.5856503951,0.01205293950678874,-0.3593715769064031,0.5235559094694634,1496739.4427196733,67253.61727066772,0.0,9025.895924844988,0.0,0.0,203227.5466215341,203227.5466215341,39553.08224463753,16137.657555812111,0.0,48368.15609592512,39553.08224463753,0.8352325379637504,1.0449415507792355,0.0,0.09844974690832986,False,True,False,0,1.0,155010.74180648837
100/0,1.0,95,102,893271.1786417662,-0.011223053595939225,982850.5796488929,118.656719353556,0.0,-499530.7185951091,220900.48967763947,-0.0,51999.61862812634,0.013758731999736283,-0.5815015520534146,0.7099112944809316,961100.0539183241,43187.46050265787,0.0,7692.261299177566,0.0,0.0,130441.33673075479,130441.33673075479,25282.541801425585,10315.277054981636,0.0,31045.038141919646,25282.54180142558,0.8361575396257329,1.0440527466044982,0.0,0.09228306916178064,False,True,False,0,1.0,63832.06369526478
100/0,1.0,96,103,1928853.9678879748,0.06789839767843575,714213.5575866275,161.00262732009708,0.0,83932.9115729385,96585.57811867296,-0.0,242799.8060701162,0.011640769975106673,-0.2630447608903851,0.47900905018626816,1452179.2060856347,65252.84236447171,0.0,8538.439577413572,0.0,0.0,197715.11067641145,197715.11067641145,40864.50126154238,16672.71651470929,0.0,47056.19634098592,40864.50126154236,0.8353978073092289,1.0476453819055984,0.0,0.0973479512718074,False,True,False,0,1.0,332159.7315462442
100/0,1.0,97,104,942089.0596610017,-0.005947788028754841,913918.8450097569,67.4109398293752,0.0,-512556.91787677025,233795.13711587706,-0.0,66251.30161541422,0.0144619784942045,-0.5775592466723051,0.7991743587949263,856485.1298162114,38485.90745976498,0.0,7759.809632955049,0.0,0.0,115596.7717223991,115596.7717223991,20556.381860893234,8387.003799244438,0.0,27512.03166993098,20556.381860893234,0.8367998052612842,1.0412944199192673,0.0,0.08800129825810554,False,True,False,0,1.0,96683.11943621434
100/0,1.0,98,105,1917740.641734799,0.06728151395336113,727994.6331406699,135.63886969678074,0.0,-111708.05869754328,185132.67143266092,-0.0,281076.7105028659,0.013378108774934026,-0.40035689821962306,0.5001830746058871,1055050.9919301474,47406.83181429211,0.0,6850.952295163235,0.0,0.0,143248.93815184385,143248.93815184385,27931.299790102876,11395.970314361974,0.0,34093.24728013882,27931.299790102883,0.8365528834963322,1.044152743665917,0.0,0.08964744335778563,False,True,False,0,1.0,381215.6846117509
100/0,1.0,99,106,1851835.5705232925,0.06355570661966525,761046.7165417518,157.45940486755353,0.0,39307.68278799482,97394.48852028296,-0.0,237503.51898161863,0.010697143864295823,-0.15007803579322088,0.5428804371404089,1381019.2708100758,62056.47841376096,0.0,9038.737505369501,0.0,0.0,188122.89214246356,188122.89214246356,39112.44343658562,15957.87692212693,0.0,44773.248329906324,39112.443436585614,0.8353896260648346,1.04885704374589,0.0,0.09740249290110303,False,True,False,0,1.0,304878.4972398936
100/0,1.0,100,107,1900897.612739142,0.06634042227459913,778486.1912824011,491.43739347935673,0.0,200625.12933214114,65183.934086525915,-0.0,203004.21013702702,0.010651387974454913,-0.2228023295243392,0.4091399608896518,1785403.0660961545,80223.66977767319,0.0,8848.588983076912,0.0,0.0,242871.50210819926,242871.50210819926,49149.08234304167,20052.825595961003,0.0,57803.41750175141,49149.08234304168,0.8361503822482396,1.0463666595906778,0.0,0.0923307850117363,False,True,False,0,1.0,279675.3420414927
100/0,1.0,101,108,1061167.0137054936,0.005954584357058312,858941.9577505061,242.93664492375729,0.0,-392778.67074189486,190504.39964873434,-0.0,82023.01731575784,0.012158492354545282,-0.32677103727673384,0.7888729000838568,878943.2906676041,39496.32078977239,0.0,7931.661785574701,0.0,0.0,119249.1069023406,119249.1069023406,22928.116001132796,9354.67132846218,0.0,28381.287442757057,22928.116001132792,0.8332949056535423,1.0453856407738211,0.0,0.11136729564305181,False,True,False,0,1.0,108225.33441759326
100/0,1.0,102,109,2126183.0479220296,0.07835080064669997,788161.2830837014,563.0125618079854,0.0,405506.5148973377,50068.34531987492,-0.0,217755.20441736098,0.012889704029313736,-0.2967799295372703,0.36806733148883386,2140878.7397536933,96193.60590199046,0.0,9563.754977589308,0.0,0.0,290792.8225783855,290792.8225783855,56997.21971679339,23254.8656444517,0.0,69208.69177365575,56997.21971679341,0.83464001011972,1.045530643694146,0.0,0.10239993253519986,False,True,False,0,1.0,363084.38264853845
100/0,1.0,103,110,1739689.9291463573,0.05693233586132829,710686.3627799475,220.4698642135273,0.0,78465.6583353987,99218.93457065967,-0.0,180876.11040561518,0.013874423895053204,-0.22174218066007534,0.48816966072247076,1442275.2915403335,64808.92016908637,0.0,8470.2732604257,0.0,0.0,196635.77291955645,196635.77291955645,41703.479927634275,17015.01981047478,0.0,46799.313954854435,41703.47992763426,0.8351207205469322,1.0479902591538823,0.0,0.09919519635378515,False,True,False,0,1.0,270332.8747360202
100/0,1.0,104,111,3984682.4435142935,0.1482577138405794,605385.640887234,219.5082794692265,0.0,383039.5006331691,111637.0747658375,-0.0,820211.5957478097,0.01103845287511789,-0.19515487243718965,0.34468162618625986,1702957.0316730812,76513.58997024574,0.0,8838.726235039003,0.0,0.0,230609.2607360254,230609.2607360254,42024.59740428289,17146.035740947416,0.0,54885.004055174024,42024.597404282875,0.8356287183926777,1.0440966294286977,0.0,0.09580854404881523,False,True,False,0,1.0,1009216.6811191438
100/0,1.0,105,112,1230787.165593444,0.02098249458348822,922605.9378667732,169.43480469514554,0.0,-201101.23874381537,135146.33154490934,-0.0,96007.11256641497,0.010822989458159458,-0.3759202793415116,0.6647296159875308,1311421.2774172674,58925.64757835161,0.0,9847.858783496727,0.0,0.0,177126.81964655974,177126.81964655974,30986.072735360478,12642.317676027074,0.0,42156.18307588121,30986.07273536048,0.8359219909313225,1.0395344485667433,0.0,0.09385339379118385,False,True,False,0,1.0,139289.0292917172
100/0,1.0,106,113,1896723.8995119093,0.06610605917114398,718913.1854936002,276.16467423499415,0.0,80360.8055526968,87715.17584957699,-0.0,234684.1414205867,0.011082114302392893,-0.28201640066313427,0.4700862461472557,1506627.6095179748,67696.35206391243,0.0,8675.157540922819,0.0,0.0,204430.77043675497,204430.77043675497,39082.75640302061,15945.764612432407,0.0,48654.52336394768,39082.75640302062,0.8349020632137784,1.0451660030885137,0.0,0.10065291190814407,False,True,False,0,1.0,321998.32504024915
100/0,1.0,107,114,2669384.4956102995,0.10316662262395182,677082.8005982823,153.64465161919838,0.0,256176.89724893315,123776.51543561765,-0.0,435178.10376729816,0.01289762426504047,-0.29991631769775984,0.36532003553558784,1599750.9292364984,71881.44783000209,0.0,7954.351934033359,0.0,0.0,217747.42716510626,217747.42716510626,44604.892547197305,18198.7961592565,0.0,51823.88766529528,44604.8925471973,0.8371402148232425,1.0485515841993291,0.0,0.08573190117838347,False,True,False,0,1.0,588669.7060534956
100/0,1.0,108,115,1753107.8679117016,0.057744714561967614,728992.871901159,103.71607176733701,0.0,-73972.10649256725,142329.77211508932,-0.0,227057.55444916367,0.016283160350198035,-0.30080338078718194,0.4938935671931205,1214766.255098508,54585.05095822395,0.0,7460.002638012926,0.0,0.0,165434.19675268576,165434.19675268576,34244.58566287167,13971.790950451641,0.0,39373.33882713922,34244.58566287167,0.835829923907932,1.0487213805362883,0.0,0.09446717394712012,False,True,False,0,1.0,301502.80424263555
100/0,1.0,109,116,936616.8545686726,-0.006526706610953559,877435.8444982488,157.2290149026171,0.0,-468419.50892636867,201920.52499602945,-0.0,56863.434866470525,0.010474139932820674,-0.3898532339698557,0.7576828203708351,818725.0576884814,36789.24704672655,0.0,7088.184051304164,0.0,0.0,110881.80683969996,110881.80683969996,20439.843569149478,8339.456176212985,0.0,26389.870027848592,20439.84356914948,0.837588945383917,1.0417689904864293,0.0,0.0827403641072193,False,True,False,0,1.0,63130.62101103265
100/0,1.0,110,117,1473681.1094043646,0.03953795736132126,789129.6060487669,74.03716802589388,0.0,-294204.1586228499,203052.37083557516,-0.0,184818.10144447122,0.01296719022548631,-0.3898990226626512,0.6405072608301121,921632.1287898788,41411.04542339008,0.0,7154.8551632508525,0.0,0.0,124531.43486718835,124531.43486718835,21750.271270133067,8874.11067821429,0.0,29638.48149839083,21750.271270133067,0.8346910059373441,1.0398735615937529,0.0,0.10205996041770637,False,True,False,0,1.0,251235.54789523227
100/0,1.0,111,118,1311576.4090775205,0.02749415411439826,825008.9613781614,275.9696991610538,0.0,-180939.79059562314,139325.81843059126,-0.0,108264.13552054975,0.012716124361114448,-0.3333055568110287,0.5818164946395636,1222390.555711178,54928.36157267188,0.0,8274.69002405323,0.0,0.0,166299.13703500532,166299.13703500532,33846.7639525887,13809.479692656188,0.0,39579.19461433127,33846.76395258869,0.8337357622717056,1.046184568348456,0.0,0.10842825152196278,False,True,False,0,1.0,152034.46495357747
100/0,1.0,112,119,1636089.6034992002,0.05046287530492788,801998.7956449449,359.1433528920161,0.0,144626.71007987787,29651.441341858936,-0.0,125052.25770554431,0.011176737852617651,-0.23484626441080259,0.4533313856611911,1713533.107358579,76996.63759755841,0.0,9117.398655081211,0.0,0.0,233511.4060723997,233511.4060723997,48878.13302648715,19942.27827480676,0.0,55575.71464523114,48878.13302648714,0.8359030725322357,1.0479972716294983,0.0,0.0939795164517625,False,True,False,0,1.0,167239.72646886174
100/0,1.0,113,120,1800659.4782354496,0.060579330951900046,860708.2824569271,231.21460429969162,0.0,80613.58791897155,113919.79097594516,-0.0,199087.66682030272,0.011982601594837277,-0.4788113372443573,0.5141067464185748,1614548.7464313179,72546.32000541054,0.0,9801.32132732276,0.0,0.0,219050.20426086817,219050.20426086817,41871.305560255096,17083.49266858408,0.0,52133.94861408663,41871.305560255096,0.8349467400247593,1.0445851334251877,0.0,0.10035506650160442,False,True,False,0,1.0,294932.6739279989
100/0,1.0,114,121,642905.8666633748,-0.04321416098547359,1071873.6921225633,140.26615763765594,0.0,-712227.6598070853,286204.1290901206,-0.0,13821.195305766676,0.009984675138667925,-0.666592477803371,1.0970143280792588,705258.7145467338,31691.755754579568,0.0,8429.480841406265,0.0,0.0,95020.05717006468,95020.05717006468,15692.490023829041,6402.535929722249,0.0,22614.773606475388,15692.490023829045,0.8362817593486888,1.0379170032187224,0.0,0.09145493767540835,False,True,False,0,1.0,17951.206951410088
100/0,1.0,115,122,1708756.0671583014,0.055037768664366826,755522.313048047,293.0758768656736,0.0,40659.986865398314,93544.98763231904,-0.0,182991.9781836184,0.012758824800574036,-0.3741304714335213,0.49778165548183895,1436211.194900148,64530.147423386596,0.0,8619.716157310353,0.0,0.0,194207.3011336257,194207.3011336257,34211.204852446324,13958.171579798098,0.0,46221.33766980291,34211.204852446324,0.8368152021159982,1.0413586250833127,0.0,0.08789865256001206,False,True,False,0,1.0,259792.75532540632
100/0,1.0,116,123,846692.6056709543,-0.01650404807348782,1013828.2781643337,348.3570728951653,0.0,-484831.61462265736,204891.14715714642,8408.815095874357,0.0,0.014286844248546062,-0.5746682808907801,0.6740773139076925,1106752.9456100366,49733.215026151884,0.0,8282.674347136428,0.0,0.0,150608.46998048242,150608.46998048242,26017.844668676116,10615.280624819854,4581.460825166756,35844.81585535482,30599.305493842872,0.8362246414814102,1.0463379606754477,0.0,0.09183572345726576,False,True,False,0,1.0,43993.31303316769
100/0,1.0,117,124,1415556.9765961964,0.035363225504893014,721737.5138692472,239.2753765534523,0.0,-162861.02016880526,140997.86923815476,-0.0,137738.12815983826,0.012090884155291408,-0.29120623883020247,0.5608603372979803,1137922.470793917,51131.75594962256,0.0,7607.63977341359,0.0,0.0,154654.63300451427,154654.63300451427,30691.622488165965,12522.181975171714,0.0,36807.802655074396,30691.622488165962,0.8356741964677568,1.0470793728516496,0.0,0.09550535688162176,False,True,False,0,1.0,190877.72036159545
100/0,1.0,118,125,2169190.7002272373,0.08051244517747191,696810.2816013941,467.1482554777912,0.0,256080.83431180316,56214.77399827355,-0.0,270920.3467741634,0.009982762519598886,-0.23220515097204597,0.417308165067917,1709192.3796259328,76802.22383739978,0.0,8852.861868984597,0.0,0.0,233249.54972344206,233249.54972344206,50262.95251388097,20507.284625663433,0.0,55513.39283417921,50262.95251388097,0.8360918865901414,1.0503243270081675,0.0,0.09272075606572416,False,True,False,0,1.0,361273.47013214946
100/0,1.0,119,126,1006477.032596827,0.0006458231298318573,879956.8293994783,21.378467687855277,0.0,-555883.9371878807,252456.91862676354,-0.0,106675.54686355696,0.00980399666683624,-0.5368208138596136,1.0252122896672078,685080.5638106491,30785.509002499544,0.0,7979.945408179799,0.0,0.0,92673.3626156827,92673.3626156827,16538.662163625653,6747.774162759266,0.0,22056.26030253248,16538.662163625653,0.8357561874571195,1.0430615349050574,0.0,0.0949587502858702,False,True,False,0,1.0,138246.01079983969
100/0,1.0,120,127,1183440.035351879,0.016985183517281843,848107.157198332,256.62587670743864,0.0,-245635.52559636382,131176.78395987197,-0.0,87218.75150083905,0.00841646990648129,-0.23016195185424015,0.6890734225741689,1099562.6037040383,49408.31509651937,0.0,8655.825897485378,0.0,0.0,149005.3058515611,149005.3058515611,28018.356944032945,11431.489633165442,0.0,35463.262792671536,28018.35694403295,0.8349043914840318,1.0431399182511873,0.0,0.10063739010645478,False,True,False,0,1.0,104831.06338136402
100/0,1.0,121,128,663518.6983813697,-0.0401898979168106,983519.1040620604,30.682617131345467,0.0,-762071.6981960486,315851.0259875063,-0.0,34365.399170344026,0.014191992874407712,-0.7763422818062975,1.183433425250254,467078.67465938104,20988.619273582317,0.0,6234.2594001142925,0.0,0.0,62835.8983271135,62835.8983271135,9723.192926652242,3967.0627140741144,0.0,14954.94380185301,9723.19292665224,0.8366277874905255,1.03852375417243,0.0,0.0891480833964966,False,True,False,0,1.0,49627.09322072879
100/0,1.0,122,129,1930745.3273114678,0.06800306547866963,742417.4994069382,285.5797216535945,0.0,175788.66349512848,69054.07843686068,-0.0,217724.79960484165,0.012476214565966566,-0.28387970740364066,0.43336311110195214,1675971.423785681,75306.3149735714,0.0,8821.533439923682,0.0,0.0,227803.99587885427,227803.99587885427,45324.330749296656,18492.32694571303,0.0,54217.35101916732,45324.33074929665,0.8367175416579294,1.0453655831811068,0.0,0.08854972228047031,False,True,False,0,1.0,300741.9694063191
100/0,1.0,123,130,996930.6759896362,-0.0003073571607061787,816295.2192128955,135.40320491893155,0.0,-474353.26883340825,217599.13282084255,-0.0,78396.74708587132,0.007781535468406432,-0.451922963796364,0.7869379037339377,730883.9099646242,32843.289784620836,0.0,6707.106858802418,0.0,0.0,99272.58236401419,99272.58236401419,19356.655582035026,7897.5154774702905,0.0,23626.874602635366,19356.655582035026,0.8372424058379352,1.0479505877194721,0.0,0.08505062774709815,False,True,False,0,1.0,98735.03913044333
100/0,1.0,124,131,1725573.7501620867,0.056071572944753845,911787.5641944874,101.55579733497555,0.0,-36866.33174786366,128626.41827587821,-0.0,256442.70001632153,0.014129457511127905,-0.40426324225672505,0.5494227951515182,1524444.849862084,68497.28951211461,0.0,9842.67061584508,0.0,0.0,206600.79523307018,206600.79523307018,38413.430057044105,15672.679463273995,0.0,49170.9892654707,38413.430057044105,0.8353961822848357,1.0432825286986431,0.0,0.09735878476776283,False,True,False,0,1.0,332591.92678967735
100/0,1.0,125,132,3386130.7978817606,0.12971884405964396,685936.902170245,255.0474545872995,0.0,853537.2291965922,31093.17513739431,-0.0,524793.1020827893,0.011958043119008353,-0.25811805087128403,0.30034920467197784,2609214.868320073,117235.7321616452,0.0,10362.326150879151,0.0,0.0,354721.81846470776,354721.81846470776,70594.29663512716,28802.473027131873,0.0,84423.7927946004,70594.29663512715,0.8367948868683633,1.0472813518127186,0.0,0.08803408754424447,False,True,False,0,1.0,777331.2821509985
100/0,1.0,126,133,1372911.5971481975,0.03220095692742464,864006.9018073463,138.61678670115126,0.0,-66571.36383533341,104775.25806844191,-0.0,106076.65944321326,0.012227634008223687,-0.33112357961908256,0.545236135159541,1488281.1068994584,66872.44052620273,0.0,9343.5661488132,0.0,0.0,201497.48490034736,201497.48490034736,37435.47863288983,15273.675282219052,0.0,47956.40140628266,37435.47863288985,0.8355563592750502,1.0422184153524932,0.0,0.09629093816633216,False,True,False,0,1.0,160361.24978508474
100/0,1.0,127,134,917784.7534126032,-0.008542542273982656,932694.6764561944,82.75868067273663,0.0,-495271.79405566683,208555.6457726939,-0.0,65825.48615876709,0.01159048148646532,-0.4250184820023096,0.8919439593145343,835739.9881650194,37553.2463958116,0.0,8366.94139211225,0.0,0.0,112742.41928881334,112742.41928881334,18798.77689585611,7669.900973509294,0.0,26832.69579073757,18798.776895856114,0.8358811120647662,1.039905992953783,0.0,0.09412591956822514,False,True,False,0,1.0,80020.76910757966
100/0,1.0,128,135,2792929.725903308,0.10816900976901023,605267.1535815451,183.24228121698053,0.0,454856.68898191774,78221.00403380743,-0.0,424698.28048271034,0.014002473758603733,-0.18659262353288142,0.3480158673406669,1907805.440702641,85722.73589345887,0.0,8764.405423040487,0.0,0.0,259613.750030278,259613.750030278,53021.38123186231,21632.723542599822,0.0,61788.07250720615,53021.3812318623,0.8355584914932995,1.0446157060886392,0.0,0.09627672337800264,False,True,False,0,1.0,603184.5344369423
100/0,1.0,129,136,1416921.5087192229,0.03546298651344304,748350.9114945066,102.53446267191359,0.0,-211927.6610079823,164252.18105122275,-0.0,147167.5794135146,0.010615053355437066,-0.36314640958273203,0.6011907363633623,1024149.4170542847,46020.05165418693,0.0,7389.912953352619,0.0,0.0,139239.90906042248,139239.90906042248,27798.66531248157,11341.85544749248,0.0,33139.09835638054,27798.665312481575,0.8359258378444836,1.0477077216788622,0.0,0.09382774770344304,False,True,False,0,1.0,204432.1074824455
100/0,1.0,130,137,1313250.5103809983,0.027625228604443608,824834.1256999413,200.63243778198205,0.0,-144651.84458525604,117884.95315721317,-0.0,106592.07688198226,0.014730939590308419,-0.3758824121177884,0.5157504434667757,1280754.3716200225,57549.1685698859,0.0,7789.529461866376,0.0,0.0,174082.43483789978,174082.43483789978,34569.41168099965,14104.319965847857,0.0,41431.61949142014,34569.411680999656,0.8377865746014649,1.0463728002848156,0.0,0.08142283599023381,False,True,False,0,1.0,144187.15952648516
100/0,1.0,131,138,1299359.1115032844,0.02653301040854039,821671.9779084786,16.32274918247578,0.0,-348570.4451311124,189730.97781807103,-0.0,159510.91603137137,0.011405749645687491,-0.38449983252023356,0.7572401089231445,922520.0404051151,41454.77557883715,0.0,8176.548984369781,0.0,0.0,125366.78513198173,125366.78513198173,24814.105000538253,10124.154840219608,0.0,29837.29486141164,24814.105000538253,0.836512716156951,1.04754733843843,0.0,0.08991522562032639,False,True,False,0,1.0,201500.89387039855
100/0,1.0,132,139,2484873.0996390553,0.0952932757795657,686302.1366408595,190.69223194517048,0.0,376743.41493040463,66169.36981884502,-0.0,340780.1872213043,0.010653632144922527,-0.2600974631045182,0.3824401143050279,1854631.6141773262,83334.16531303739,0.0,9042.742327671094,0.0,0.0,252438.29878151708,252438.29878151708,51560.32269904363,21036.611661209798,0.0,60080.315110001065,51560.32269904362,0.8370487710417085,1.0479072565716407,0.0,0.08634152638861003,False,True,False,0,1.0,477089.6038800697
100/0,1.0,133,140,2516936.457169999,0.09669843857792926,655026.0966621207,347.9166534055038,0.0,459995.41578144504,42286.7547962901,-0.0,346521.42618801666,0.01340269332934833,-0.20565756673720426,0.3669333773702289,1987528.8742151998,89306.90015900259,0.0,9283.477485623067,0.0,0.0,270813.6504313387,270813.6504313387,56970.1272867286,23243.811932985267,0.0,64453.64880265858,56970.127286728624,0.8366399128455301,1.0489376300387183,0.0,0.08906724769646646,False,True,False,0,1.0,497556.7780915763
100/0,1.0,134,141,1133650.3114228398,0.01262328853491157,870141.759491335,75.57997132309936,0.0,-345433.2251165918,176050.82362877787,-0.0,88642.08667007818,0.011676945876646548,-0.4371899760528519,0.7003277620347201,977621.2093552158,43930.77644690557,0.0,7876.559918027232,0.0,0.0,132957.2483959391,132957.2483959391,26910.608919842085,10979.52843929557,0.0,31643.825118233504,26910.60891984208,0.8349765533803762,1.04681701023515,0.0,0.1001563107974921,False,True,False,0,1.0,109966.16819352013
100/0,1.0,135,142,2424920.353348234,0.09262151460663337,658935.8080569354,30.01844446875475,0.0,184683.45845001706,116444.02899258217,-0.0,383617.2688371295,0.011176118372180553,-0.2132726807532529,0.4343753495356767,1436781.8108706102,64559.39957134081,0.0,8202.395990838386,0.0,0.0,195448.05842790732,195448.05842790732,39508.150322068126,16119.325331403794,0.0,46516.63790584195,39508.150322068126,0.8355475402096403,1.0472081350682496,0.0,0.09634973193573182,False,True,False,0,1.0,514410.7997935378
100/0,1.0,136,143,2451759.101170409,0.09382483480201498,715913.8956822356,226.26334037730052,0.0,76471.96288466631,166639.94714054093,-0.0,411668.21175979,0.013118196219854245,-0.3780057060620826,0.5060593940534162,1354539.5025250888,60862.42751056498,0.0,8767.723718552195,0.0,0.0,183562.51650114596,183562.51650114596,34200.778534957906,13953.917642262826,0.0,43687.878927272744,34200.77853495792,0.8347191329149555,1.0434745327344566,0.0,0.10187244723363054,False,True,False,0,1.0,556461.8519165866
100/0,1.0,137,144,1057951.6374933484,0.005649359900605999,942693.0518728408,269.89005705618166,0.0,-279292.2247772503,119273.52719704117,-0.0,32732.806835671716,0.01135212411794075,-0.41183112630525043,0.6883334763432936,1178253.7010910618,52944.56774332282,0.0,9090.211899869333,0.0,0.0,159806.34846625273,159806.34846625273,28054.147979710706,11446.092375721968,2387.2685046167194,38033.910934968146,30441.416484327427,0.8366030642656945,1.042630866502675,0.0,0.08931290489537003,False,True,False,0,1.0,42574.2274360147
100/0,1.0,138,145,2316948.135566733,0.08765617850686547,707321.6157933999,0.0,0.0,167195.17708968534,84218.26552025595,-0.0,391376.37781451654,0.014280387426795674,-0.24649597564038028,0.45586692155301944,1564929.5145933912,70317.43366953348,0.0,9026.695742564862,0.0,0.0,212624.30684781627,212624.30684781627,42377.77746976049,17290.13320766228,0.0,50604.585029780275,42377.777469760484,0.8357998930843022,1.0465242030051862,0.0,0.09466737943798487,False,True,False,0,1.0,493229.8167649666
100/0,1.0,139,146,767129.5812366582,-0.02616165041655738,1011671.5065977892,183.5517369204834,0.0,-571670.8353066442,229115.68581040853,-0.0,22257.741704701853,0.008918620735888977,-0.506225802206578,1.0474963027979802,800240.1910988179,35959.35800362233,0.0,9163.384827821534,0.0,0.0,107839.52100760856,107839.52100760856,17763.813633625923,7247.6359625193745,0.0,25665.805999810837,17763.813633625923,0.834688010227791,1.0370691666090346,0.0,0.10207993181472652,False,True,False,0,1.0,18418.170037291464
100/0,1.0,140,147,1983599.931450511,0.0708913446814663,653513.0344456137,181.5930273952813,0.0,167192.65979912478,91981.9746251542,-0.0,247352.196876286,0.011138227790807581,-0.35489703764971925,0.44773964959655277,1512101.5698998745,67945.11454429453,0.0,8393.087758151396,0.0,0.0,206007.46909962915,206007.46909962915,42886.65299597443,17497.754422357568,0.0,49029.77764571173,42886.652995974444,0.836188104863095,1.0492683253131108,0.0,0.09207930091269967,False,True,False,0,1.0,362289.8683353027
100/0,1.0,141,148,1559164.0046311773,0.045416089894522615,788528.0878163254,29.022810300411283,0.0,-22842.069661547168,115627.66656944467,-0.0,174560.61293317462,0.011247250606457917,-0.2785854840083253,0.5343570323372768,1466496.8137318052,65895.51904585597,0.0,9202.24591277941,0.0,0.0,199175.50553941488,199175.50553941488,39365.815795680435,16061.252844637615,0.0,47403.770318380724,39365.81579568042,0.8365707516289719,1.0455303001398786,0.0,0.08952832247352083,False,True,False,0,1.0,248506.0482411703
100/0,1.0,142,149,3933030.2686496424,0.14676050938580665,562246.177275672,259.32906919786376,0.0,950437.1673003054,21905.742559951956,-0.0,665857.9782650296,0.011802637767314118,-0.17299403244814282,0.27875533123148866,2553558.408357146,114739.17535266087,0.0,10029.41625245506,0.0,0.0,348333.9343130928,348333.9343130928,74518.33572927034,30403.4809775423,0.0,82903.47636651609,74518.33572927034,0.835948497226961,1.0497828316685305,0.0,0.09367668515359373,False,True,False,0,1.0,939692.8129424232
100/0,1.0,143,150,1083081.4288481139,0.008012948541306741,871998.016097045,148.4656071553385,0.0,-336800.50951455213,157044.92716597582,-0.0,80814.99390628561,0.009955044366476786,-0.39127577914737655,0.7042675583017595,1051921.7643942288,47266.76386876547,0.0,8450.384672122776,0.0,0.0,142367.34614318176,142367.34614318176,25722.87946035767,10494.93481982593,0.0,33883.42838207726,25722.879460357675,0.8362874762568059,1.0432326483232788,0.0,0.09141682495462744,False,True,False,0,1.0,96790.17218137051
100/0,1.0,144,151,1668923.862480816,0.05255222205654664,712018.1699616715,244.95031538396358,0.0,-123491.70892883747,156790.41287638253,-0.0,214424.77192690995,0.011195059936007817,-0.2940665643714634,0.5602541949757749,1094705.3380038855,49191.17053617616,0.0,7528.727171725292,0.0,0.0,149106.09012664208,149106.09012664208,31053.187901755275,12669.700663916154,0.0,35487.24945014082,31053.187901755282,0.8371605060504926,1.0483661652775962,0.0,0.08559662633004894,False,True,False,0,1.0,288638.6961685527
100/0,1.0,145,152,1973913.004071517,0.07036722113277771,689397.9405163358,64.640406158839,0.0,-21017.093324832327,148475.88872411512,-0.0,288675.9385268201,0.012678871080261979,-0.32843313475117486,0.5326053392133967,1218356.0396542775,54744.78618410275,0.0,8097.007899902459,0.0,0.0,165198.43047106065,165198.43047106065,31755.192444902976,12956.118517520415,0.0,39317.22645211244,31755.192444902965,0.8352820364580191,1.042986522158817,0.0,0.09811975694653974,False,True,False,0,1.0,394534.756673155
100/0,1.0,146,153,893651.654611296,-0.011180946138762304,1026763.7784664868,202.81703399686512,0.0,-459878.78817579726,182893.25374720612,-0.0,45726.12271822539,0.011680666010528879,-0.5879646314765572,0.7629590207724163,1090935.4699821807,49020.375271762896,0.0,9212.656704876674,0.0,0.0,147535.22815165346,147535.22815165346,26439.57124730088,10787.345068898758,0.0,35113.38430009352,26439.57124730088,0.8335652915564071,1.0409957021660456,0.0,0.10956472295728537,False,True,False,0,1.0,41280.678292850076
100/0,1.0,147,154,1790707.133035334,0.05999167977370856,737846.5851103981,171.73613392235706,0.0,38223.598315701434,83374.80840914133,-0.0,209368.37046051238,0.012376432680433333,-0.19689529080902968,0.5444607435171356,1348617.8917313893,60598.4530444139,0.0,8858.09158052064,0.0,0.0,183104.9894701094,183104.9894701094,35739.76720419938,14581.825019313346,0.0,43578.987493886045,35739.76720419938,0.8363625823433386,1.0465910296254526,0.0,0.090916117711076,False,True,False,0,1.0,274327.97258196335
100/0,1.0,148,155,1148532.9116028661,0.013944875105469157,912477.6210642661,345.6664171982149,0.0,-231110.5207528263,116490.76252980245,-0.0,71986.65414449693,0.013717304737481107,-0.39164663071445327,0.6624025992307689,1260211.232254291,56623.531376292536,0.0,9427.196259776565,0.0,0.0,169904.9607720816,169904.9607720816,28512.357303715635,11633.041779915977,0.0,40437.38066375541,28512.357303715635,0.8370355872627355,1.038194504396487,0.0,0.08642941824842953,False,True,False,0,1.0,88757.30537670023
100/0,1.0,149,156,1758460.3562493483,0.05806721626616995,817635.5132526426,96.91572690872154,0.0,-53643.406670747674,129953.97366569738,-0.0,263314.91777127446,0.012330312878240114,-0.3714138156304838,0.5418321638288339,1369851.678823916,61550.647867393964,0.0,8921.134951660908,0.0,0.0,185613.0504098704,185613.0504098704,34259.945832295016,13978.057899576368,0.0,44175.905997549155,34259.94583229503,0.8345987420032708,1.0440867551846043,0.0,0.10267505331152793,False,True,False,0,1.0,336353.0568820881
100/0,1.0,150,157,917089.8171007752,-0.00861763991157094,919802.3941492357,177.2861284524201,0.0,-518551.8439377801,231384.814055891,-0.0,58519.78286037636,0.012433071104953747,-0.6004713785945052,0.8402837285473101,834225.0906473243,37485.48477677303,0.0,7891.234187624005,0.0,0.0,112581.89514818758,112581.89514818758,19513.83946942339,7961.646503524742,0.0,26794.491045268645,19513.839469423398,0.8341542370423598,1.0403087824324153,0.0,0.10563841971760168,False,True,False,0,1.0,83703.3514034181
100/0,1.0,151,158,1203035.1054960017,0.01865666257698151,911961.1763571787,295.59258740067,0.0,-200518.47720894075,158536.42582805565,-0.0,74555.8349170924,0.013899875530897072,-0.5289962665871647,0.5312894121944616,1391349.738914122,62521.314707735844,0.0,8451.843701801245,0.0,0.0,189732.85069137637,189732.85069137637,40331.8480011684,16455.39398447671,0.0,45156.41846454756,40331.848001168386,0.8374325100359171,1.048893770123486,0.0,0.08378326642721934,False,True,False,0,1.0,131012.24889260961
100/0,1.0,152,159,1848332.1017120294,0.063354322092948,742436.6698771359,388.678832867718,0.0,114484.491758723,63230.52518442564,-0.0,212453.08700399188,0.013191395118231326,-0.22534440259513788,0.5057420761652041,1471336.1365484246,66112.59014835134,0.0,8963.3071968933,0.0,0.0,199871.57186925036,199871.57186925036,39619.15239411929,16164.614176800671,0.0,47569.43410488158,39619.1523941193,0.835018357335827,1.0445989447327753,0.0,0.099877617761154,False,True,False,0,1.0,282678.78782382474
100/0,1.0,153,160,2000564.066260918,0.07180368626312816,784000.8609921425,135.29236707419534,0.0,278133.91236453864,42373.00255216587,-0.0,230758.4749018432,0.011467123319220339,-0.4019831651110549,0.4148285438736119,1914841.4444996943,86038.91835887803,0.0,9588.084454462067,0.0,0.0,260105.48561593288,260105.48561593288,51504.01961251434,21013.64000190585,0.0,61905.105576592025,51504.019612514356,0.8353938640011187,1.0455827537434639,0.0,0.09737423999254258,False,True,False,0,1.0,324100.8568246768
100/0,1.0,154,161,2002615.1474308816,0.07191352242450555,827288.0789242567,229.02577587673085,0.0,315280.8532029225,68471.72986256199,-0.0,214619.6456555257,0.012983169875004325,-0.41722616486274133,0.411649334103754,2028510.1721403978,91143.98591555374,0.0,10006.285460796802,0.0,0.0,275067.9375996778,275067.9375996778,52043.08683344403,21233.579428045163,0.0,65466.169148723304,52043.08683344404,0.836824461906268,1.0433254339307338,0.0,0.08783692062488058,False,True,False,0,1.0,336581.2318710093
100/0,1.0,155,162,2589634.7708580517,0.09982566960290051,730704.018487124,26.16048349327451,0.0,328837.59693764814,86273.13683862584,-0.0,410303.8539238878,0.012695855577811997,-0.29902697527879374,0.380106624358876,1843010.0040083663,82811.87936038163,0.0,9069.270263566215,0.0,0.0,250850.20711823064,250850.20711823064,51192.19576069808,20886.415870364817,0.0,59702.34929413889,51192.19576069807,0.8366361750671116,1.0499079789043804,0.0,0.08909216621925631,False,True,False,0,1.0,547844.8200754749
100/0,1.0,156,163,1153368.7138306755,0.01437098143922766,832785.319374303,82.85473706669826,0.0,-341368.81868682196,176340.24230004472,-0.0,104481.46906582233,0.009247453589478054,-0.2273881414171125,0.7876657479321618,936324.0632270917,42075.160688504824,0.0,8452.357889479168,0.0,0.0,127182.11071870363,127182.11071870363,24912.15123736118,10164.157704843357,0.0,30269.342351051466,24912.15123736118,0.834117521077148,1.0469927463256534,0.0,0.10588319281901404,False,True,False,0,1.0,132896.56341520298
100/0,1.0,157,164,802445.3803189555,-0.021768714651885568,889157.897575856,149.15031182980866,0.0,-559682.0599518474,223565.432423313,-0.0,35294.32354454909,0.012008407172648276,-0.5292271209488975,0.8823740448128315,757140.7567658001,34023.58636713071,0.0,7494.178794390018,0.0,0.0,102459.0572740861,102459.0572740861,19312.26864852049,7879.40560859636,0.0,24385.25563123249,19312.268648520494,0.8346922832552836,1.0439748586671882,0.0,0.10205144496477692,False,True,False,0,1.0,38201.60597817878
100/0,1.0,158,165,1492837.7276761972,0.04088142931197236,767445.8326681633,250.51668164450882,0.0,-111779.86227725935,128960.01491274638,-0.0,153420.7659645857,0.010955705548871764,-0.32047882439041986,0.5835300830694292,1195822.5586260222,53735.11303683003,0.0,8265.682258829544,0.0,0.0,162815.90824761658,162815.90824761658,33745.387426876085,13768.118070165445,0.0,38750.18616293273,33745.38742687609,0.8351890303202019,1.0481773930720588,0.0,0.09873979786532106,False,True,False,0,1.0,207274.45979785197
100/0,1.0,159,166,2097233.6827976136,0.07687348154578655,719108.8822817124,146.45339865474247,0.0,170903.9371171613,102833.359573716,-0.0,268741.07534819003,0.01318344538813323,-0.28213705753552765,0.4423708658303854,1552189.9380699866,69745.6667404803,0.0,8545.222126484567,0.0,0.0,211258.07268288132,211258.07268288132,43196.66083483723,17624.23762061359,0.0,50279.42129852576,43196.66083483724,0.8359580085228759,1.0479503102615115,0.0,0.09361327651416018,False,True,False,0,1.0,378047.0941252349
100/0,1.0,160,167,1931009.947477385,0.06801770219515224,754883.3922265874,425.43865484459616,0.0,278875.2641245209,46262.714481049974,-0.0,195886.56828057006,0.011768255363363941,-0.29655625170370603,0.38832173282160654,1967414.7035322804,88400.70865377485,0.0,9205.608485133605,0.0,0.0,267405.7709479391,267405.7709479391,53184.71437873846,21699.363466525287,0.0,63642.57348560951,53184.71437873844,0.8361769800992507,1.0452820552105466,0.0,0.09215346600499585,False,True,False,0,1.0,296794.0080985996
100/0,1.0,161,168,1988143.4286746387,0.07113638320374971,822656.6373169151,94.45331047043098,0.0,95552.4338256607,106297.37055008455,-0.0,280570.1594014928,0.014610520608668447,-0.4339231661132755,0.5162566925926403,1552774.5933258492,69773.28084724928,0.0,9666.646702398637,0.0,0.0,211152.52660777842,211152.52660777842,43073.29641146443,17573.904935877483,0.0,50254.30133265127,43073.29641146443,0.835462977821848,1.046249584970268,0.0,0.0969134811876804,False,True,False,0,1.0,386915.03115657234
100/0,1.0,162,169,981200.2107114148,-0.0018960753586001466,874178.0207110158,123.31351090047536,0.0,-449409.5025591209,197790.56570378187,-0.0,68462.70543362483,0.008219946624421411,-0.4133001757972651,0.8120108137070176,825805.3139706604,37105.876290247346,0.0,7649.084174158922,0.0,0.0,111340.56918940984,111340.56918940984,18317.652509675674,7473.602223947674,0.0,26499.055467079543,18317.652509675674,0.8356274504304666,1.0398157213221044,0.0,0.09581699713022318,False,True,False,0,1.0,85469.72302474559
100/0,1.0,163,170,1372094.4898974781,0.03213950760609885,855669.6613432819,192.26739971448274,0.0,-90479.30059726966,128302.78682226808,-0.0,111718.87644366719,0.0094972485174936,-0.40955731629161374,0.5431357317042653,1440312.1296647664,64718.83523971692,0.0,9029.666537761124,0.0,0.0,195672.09300085684,195672.09300085684,38498.767761236355,15707.497246584435,0.0,46569.958134203924,38498.76776123637,0.8354792486219923,1.0455130732180231,0.0,0.09680500918671764,False,True,False,0,1.0,173570.55492953834
100/0,1.0,164,171,2933564.9778707507,0.11362653667438671,630181.0120918585,133.4539902274745,0.0,484143.45771611773,90898.98271585126,-0.0,464584.13632244436,0.013917823071815116,-0.2700639870424817,0.35368173797499314,1917991.6306594205,86180.5185171052,0.0,9024.557046817408,0.0,0.0,260974.72350179413,260974.72350179413,53250.741012313185,21726.302333023777,0.0,62111.984193427015,53250.74101231318,0.836336758678859,1.047886510962347,0.0,0.09108827547427256,False,True,False,0,1.0,660527.3792720425
100/0,1.0,165,172,2360510.880420319,0.08968406656205463,638722.9598522965,224.61289220794254,0.0,455890.5489187329,14620.838852995632,-0.0,297634.9423222088,0.009574093299491769,-0.1834390437337663,0.37011861221128683,1947924.8743452332,87527.76519524174,0.0,9116.005477206569,0.0,0.0,265561.98980393657,265561.98980393657,56287.56961349364,22965.328402305404,0.0,63203.753573336915,56287.56961349366,0.8358206599138234,1.050283800838248,0.0,0.09452893390784456,False,True,False,0,1.0,419969.97567010636
100/0,1.0,166,173,1656358.1593781204,0.05175703386571184,740347.8041926086,206.06397473385596,0.0,-155933.55584987672,163171.51784291424,-0.0,216112.36389335885,0.009985901042534776,-0.33693767625874005,0.5410064484923738,1083022.9085929454,48664.682471158434,0.0,7257.361491803052,0.0,0.0,147181.08144098773,147181.08144098773,29236.36139649456,11928.43544976978,0.0,35029.097382955086,29236.361396494565,0.8356947873098094,1.0460445680538262,0.0,0.09536808460127055,False,True,False,0,1.0,284617.07888708374
100/0,1.0,167,174,1281804.0881193592,0.02513760559848932,811598.173761009,187.95885242482512,0.0,-211100.05948970883,151897.07403004944,-0.0,109852.7192165235,0.011887270909119823,-0.34999811337553244,0.5950078166636932,1136689.9016351388,51074.875147725186,0.0,7898.240137960369,0.0,0.0,153973.6445315409,153973.6445315409,28428.33041248276,11598.758808292963,0.0,36645.72739850672,28428.330412482752,0.8346981289285194,1.0417426793418672,0.0,0.10201247380987155,False,True,False,0,1.0,155980.67281589116
100/0,1.0,168,175,1279204.2211584852,0.024929488213703,818446.7336523213,106.43460096294517,0.0,-188365.0484782699,132762.09756412046,-0.0,102028.24836371154,0.010128275038889358,-0.2355795835590665,0.647844913017965,1104271.000817712,49620.92875987285,0.0,8320.276530977142,0.0,0.0,150127.77491903864,150127.77491903864,30005.080944052326,12242.073025173348,0.0,35730.4104307312,30005.08094405232,0.8357372936507831,1.047343720305849,0.0,0.09508470899477972,False,True,False,0,1.0,139151.8598521021
100/0,1.0,169,176,4116626.20233065,0.1520044147290336,556819.213417795,788.5766433910501,0.0,1171726.0210993886,8832.404696219404,-0.0,664524.9873148369,0.0131673048440769,-0.12638536245069476,0.25426662090097196,2825776.1399780125,126966.75983643667,0.0,10198.890952783071,0.0,0.0,384594.4440213579,384594.4440213579,78739.15639167078,32125.575807801673,0.0,91533.47767708317,78739.15639167078,0.8361951471546264,1.046697341701302,0.0,0.09203235230249018,False,True,False,0,1.0,985193.9176252573
100/0,1.0,170,177,1278895.7544033634,0.024904770425838052,803157.6750110681,321.7863329859104,0.0,-159998.49160399262,121766.16585813774,-0.0,100288.06518613103,0.011787892505563887,-0.24613562704300507,0.6419043591191887,1203373.1471247715,54073.847471596106,0.0,8856.774654083778,0.0,0.0,163531.4112992642,163531.4112992642,32449.3711232782,13239.343418297505,0.0,38920.47588922487,32449.371123278197,0.8370907538311184,1.0452772628878744,0.0,0.08606164112587744,False,True,False,0,1.0,137007.78594079433
100/0,1.0,171,178,1634220.6442859343,0.05034281573023214,760592.3911548512,339.6357165661229,0.0,-63665.55289879975,157418.423882115,-0.0,192839.41840847465,0.01048988401251246,-0.35546637237060763,0.5387057384475136,1278454.096748314,57446.17544351925,0.0,8262.913894856172,0.0,0.0,173615.9617632095,173615.9617632095,34385.871710526386,14029.435657894763,0.0,41320.59889964386,34385.871710526386,0.8359711585872464,1.044961221733238,0.0,0.09352560941835741,False,True,False,0,1.0,288066.30996113917
100/0,1.0,172,179,1313909.7117812713,0.027676799802569763,797754.3829803631,3.830861870185861,0.0,-322242.3540252823,180760.82553808484,-0.0,154427.4820461251,0.011053676362329741,-0.3697211573813812,0.6858845387288198,889231.061973663,39957.162133004196,0.0,7310.67415891878,0.0,0.0,120603.53551320176,120603.53551320176,22782.247625304102,9295.157031124074,0.0,28703.64145214202,22782.247625304102,0.8352186247455521,1.0467927388103946,0.0,0.0985425016963195,False,True,False,0,1.0,191123.03876573662
100/0,1.0,173,180,1734738.782064797,0.05663114762132215,709844.3583264746,261.2929480081897,0.0,32280.963243865815,91751.89633978423,-0.0,203452.56867263,0.01104960479651337,-0.19222040335822188,0.5301991108698578,1357999.127600843,61020.13528046441,0.0,8701.941106159915,0.0,0.0,184234.80993181918,184234.80993181918,36169.72061921067,14757.246012637954,0.0,43847.88476377296,36169.72061921067,0.8371308311070148,1.0449018465725086,0.0,0.08579445928656781,False,True,False,0,1.0,267377.05708981043
100/0,1.0,174,181,1386014.029836796,0.03318183659234242,810758.5284405901,128.1425322498211,0.0,-209670.3593727992,144562.51647316213,-0.0,152535.61143605178,0.010489005147425859,-0.30060436636832455,0.676482824129707,1100162.7826169948,49434.268359448935,0.0,8677.285815850573,0.0,0.0,148886.05989815175,148886.05989815175,27069.949662743456,11044.539462399329,0.0,35434.88225576011,27069.949662743453,0.8365048946160508,1.0422198930055657,0.0,0.08996736922632764,False,True,False,0,1.0,198213.85092380198
100/0,1.0,175,182,2064547.9520350364,0.07518326842207346,674662.3767797406,69.06950913551141,0.0,189016.12622810146,71518.11449954298,-0.0,283012.836741777,0.010531711761148733,-0.23367455008331073,0.46460022757285974,1556833.436390758,69953.18101107435,0.0,8951.899042149094,0.0,0.0,211500.94123612755,211500.94123612755,41582.59608354399,16965.699202085943,0.0,50337.22401419835,41582.596083543984,0.8377653666832403,1.0460346936982619,0.0,0.0815642221117312,False,True,False,0,1.0,387870.0640607984
100/0,1.0,176,183,1211081.1472493194,0.019335910456091066,784838.2063110489,42.79239535851052,0.0,-352404.7135967346,197915.23984835247,-0.0,121578.50870973941,0.012881495078427315,-0.3424645678553009,0.7200824023293524,869891.9625114296,39089.60542991344,0.0,7366.517258073312,0.0,0.0,118242.4649277195,118242.4649277195,23526.357800150483,9598.753982461394,0.0,28141.70665279725,23526.357800150476,0.8362855236223177,1.0474055119699046,0.0,0.09142984251788233,False,True,False,0,1.0,167408.27675839775
100/0,1.0,177,184,1652832.5242501055,0.051532947781520066,740972.3261657062,88.19235677418858,0.0,-141052.9625973439,155436.2259180181,-0.0,213204.00547186355,0.013269130998987374,-0.29352479407086496,0.5405589014785626,1069872.0585984108,48074.815768115455,0.0,7174.332037228927,0.0,0.0,145678.46819565052,145678.46819565052,30107.591502105643,12283.897332859102,0.0,34671.475430564824,30107.591502105643,0.8365148696672126,1.0478237429402273,0.0,0.08990086888524984,False,True,False,0,1.0,280074.3139237396
100/0,1.0,178,185,1298592.2555159598,0.026472410369440924,919620.6470016896,138.78331817856986,0.0,-85536.74058050191,70113.3500577902,-0.0,60594.30809442785,0.011770641774970045,-0.3833563766753627,0.5631162652820583,1521709.193877561,68375.76675880134,0.0,9713.801771146356,0.0,0.0,206529.51677072054,206529.51677072054,36855.14442954886,15036.898927255937,2821.199655697527,49154.02499143149,39676.344085246405,0.8359291383671936,1.043878350930218,0.0,0.09380574421870902,False,True,False,0,1.0,96374.50553740755
100/0,1.0,179,186,1274649.8098713509,0.02456399175536772,851511.7353920885,459.5303198181039,0.0,-108278.92140270409,89547.18624556393,-0.0,71192.76777122228,0.012905800820225516,-0.3619581770563671,0.5227552286355582,1417100.0943100206,63675.59621208637,0.0,8519.98863582706,0.0,0.0,192497.479594671,192497.479594671,34219.50973494735,13961.559971858516,3720.6027077977797,45814.40014353169,37940.112442745114,0.836561281009892,1.0446626095292841,0.0,0.08959145993405371,False,True,False,0,1.0,95777.32060994346
100/0,1.0,180,187,2172289.370957114,0.08066669634444334,683383.986551311,69.11836796734983,0.0,116512.66763109452,101326.82393497766,-0.0,319128.1992451842,0.01162076419022308,-0.41008301144418857,0.45245408472861676,1417156.0559450558,63676.49125539652,0.0,8169.758052899316,0.0,0.0,192144.6851050986,192144.6851050986,37139.53593783607,15152.930662637118,0.0,45730.435055013455,37139.53593783607,0.8348928929409483,1.043521428290488,0.0,0.1007140470603447,False,True,False,0,1.0,425884.1790700493
100/0,1.0,181,188,1572321.0520519193,0.04629493494627246,829146.2156653593,81.59599616474657,0.0,-131897.50616024277,125701.85802614008,-0.0,187804.27839366786,0.012138327806883054,-0.2337871129616137,0.6023686825458665,1220316.857415593,54832.93361043527,0.0,8720.53404558096,0.0,0.0,165315.07702593316,165315.07702593316,30842.47171292296,12583.728458872569,0.0,39344.9883321721,30842.47171292296,0.8364269567081914,1.0434024562274498,0.0,0.09048695527872397,False,True,False,0,1.0,233227.66919448006
100/0,1.0,182,189,2048975.7447817186,0.07436952715292189,700797.8282245229,263.7842118137991,0.0,128036.64582734712,132987.97226940887,-0.0,282534.9171856116,0.012897557542244482,-0.3094667682623914,0.4610674086669711,1471645.5147822693,66124.83390737741,0.0,8454.537191189422,0.0,0.0,199819.14184058626,199819.14184058626,38718.57869370175,15797.180107030312,0.0,47556.955758059536,38718.578693701755,0.8368423920559956,1.0452104109400278,0.0,0.08771738629336268,False,True,False,0,1.0,420855.01045056223
100/0,1.0,183,190,2224281.532520156,0.08322575067605764,812678.2682898743,27.64184505094674,0.0,113849.4805079979,136079.15640648175,-0.0,331816.6073824614,0.013365843772992166,-0.5981627372904044,0.4231904706885832,1612113.659175986,72435.39983031111,0.0,8627.879005994717,0.0,0.0,218775.95645307627,218775.95645307627,41993.949588686904,17133.531432184256,0.0,52068.67763583214,41993.94958868691,0.8335830667956401,1.0447930240131744,0.0,0.10944622136239945,False,True,False,0,1.0,467634.8834501868
100/0,1.0,184,191,1371502.30830167,0.03209495289322928,758563.3411834127,222.78006234770905,0.0,-138402.1448858883,102583.658358488,-0.0,118693.3572236154,0.00831461700691775,-0.2016036619920193,0.5719957544845363,1261558.47390068,56688.53349283929,0.0,8421.133324826671,0.0,0.0,171450.9917895895,171450.9917895895,35014.99054898921,14286.116143987598,0.0,40805.33604592231,35014.99054898921,0.8359720586253033,1.0460446866868547,0.0,0.09351960916464486,False,True,False,0,1.0,145437.71519108518
100/0,1.0,185,192,965307.7483694818,-0.0035246057688614885,877022.774480577,109.72993407299424,0.0,-449378.4135741435,202269.63669670094,-0.0,62134.91132575992,0.011062425697504034,-0.3592129103840416,0.9159143535009207,830560.3894602438,37322.38592993466,0.0,8555.511456221848,0.0,0.0,112468.45646569852,112468.45646569852,20577.4302464015,8395.591540531812,0.0,26767.49263883624,20577.430246401505,0.8361633891502679,1.0442752117797762,0.0,0.09224407233154741,False,True,False,0,1.0,79128.4968856351
100/0,1.0,186,193,2510643.990697232,0.09642394955930622,582340.7647239666,60.39541680401819,0.0,375255.55035242374,55005.42657685595,-0.0,365249.2614971509,0.01197597887359524,-0.2478305354131073,0.39326260468442964,1719756.6136081796,77271.89487643151,0.0,8760.652263270127,0.0,0.0,233429.20897443497,233429.20897443497,45258.38916815178,18465.422780605924,0.0,55556.15173591551,45258.38916815178,0.8378473660368927,1.0442022528103378,0.0,0.08101755975404945,False,True,False,0,1.0,516762.1388853297
100/0,1.0,187,194,1042544.0722211527,0.004175086420807661,984170.7921899634,219.74935059904232,0.0,-304908.4865433951,144185.47965442447,-0.0,31641.67616695013,0.00868596422582753,-0.5408926020265048,0.6538091994166256,1316098.5007101067,59138.040513496664,0.0,9585.23639068968,0.0,0.0,178470.16983617863,178470.16983617863,30298.68294366217,12361.862641014164,3635.768011870908,42475.90042101051,33934.45095553308,0.8360548112706477,1.0430757375577984,0.0,0.0929679248623485,False,True,False,0,1.0,52422.66671066937
100/0,1.0,188,195,1063273.1793794113,0.006154064462766229,897241.621493768,286.4229800276553,0.0,-350947.7171369088,154687.19579307523,-0.0,75269.52625312538,0.011433543013231321,-0.2979101290453736,0.7729432407638683,1030018.9294667796,46282.484124260554,0.0,8982.673931376445,0.0,0.0,139090.47275732903,139090.47275732903,24075.236499599472,9822.696491836585,0.0,33103.532516244304,24075.23649959948,0.8336065040260987,1.0404363937603844,0.0,0.10928997315934219,False,True,False,0,1.0,81035.77189104015
100/0,1.0,189,196,1460351.193862773,0.038593812689279305,739222.583080945,147.91485150575357,0.0,-151250.44743097693,150462.6084077079,-0.0,147413.01846389577,0.01182146214014055,-0.2645415584719647,0.5330535922295463,1114342.0618946448,50073.201517884285,0.0,7205.571666976603,0.0,0.0,151817.42719917023,151817.42719917023,31634.16984641626,12906.74129733783,0.0,36132.547673402514,31634.169846416262,0.8362583656441206,1.0488155530362846,0.0,0.09161089570586278,False,True,False,0,1.0,208342.3532390488
100/0,1.0,190,197,2801543.6256363224,0.10851031568268721,682499.8631874283,124.03765288420652,0.0,418427.0372725978,83507.47481576784,-0.0,447966.5276090394,0.013212187470406948,-0.1513372500922725,0.3672604141314472,1886680.0539004803,84774.68634221285,0.0,9093.71530764797,0.0,0.0,256917.69469881844,256917.69469881844,53288.571991742676,21741.73737263101,0.0,61146.411338318794,53288.57199174267,0.8374698599365482,1.0464626555196375,0.0,0.08353426708967815,False,True,False,0,1.0,618198.3161795854
100/0,1.0,191,198,2911743.2849854287,0.11279536548127411,769857.675349971,97.83101743236983,0.0,703551.3581365483,57766.7847896459,-0.0,426013.9064203118,0.01682038810554211,-0.32142897489848354,0.3370076163652191,2451913.6843089126,110173.6991621022,0.0,10579.188771390904,0.0,0.0,334323.83777758904,334323.83777758904,71516.66337588857,29178.79865736254,0.0,79569.07339106618,71516.66337588856,0.8352725437530221,1.0489906173656594,0.0,0.09818304164651948,False,True,False,0,1.0,653957.1946907198
100/0,1.0,192,199,1997610.1825408754,0.0716453264746364,751792.3679034556,390.1826436002293,0.0,348656.4500673496,23529.276806588015,-0.0,198938.5735843575,0.011068103521786062,-0.23260178011884192,0.41351576509415233,1892266.9494677198,85025.05925331157,0.0,9491.73931495236,0.0,0.0,257122.31390336185,257122.31390336185,51424.90117563297,20981.35967965825,0.0,61195.11070900013,51424.90117563297,0.8366480019947912,1.045706400766003,0.0,0.08901332003472517,False,True,False,0,1.0,295531.9863014946
100/0,1.0,193,200,1390271.3902408388,0.03349875685171155,822819.8062897681,336.7876200416706,0.0,-193433.5821862309,155195.3412635169,-0.0,139628.97222671902,0.011415151268999486,-0.43730729126479706,0.6197985832491544,1103020.7117326427,49562.319425906695,0.0,8043.05996648277,0.0,0.0,149350.15884557166,149350.15884557166,27517.90862008299,11227.30671699386,0.0,35545.33780524606,27517.90862008299,0.8358458877635987,1.0416938106172715,0.0,0.09436074824267582,False,True,False,0,1.0,196029.30223184975
100/0,1.0,194,201,1597685.639962117,0.047970682408726706,752554.4359239346,189.03617470078223,0.0,-118013.57229910162,128657.46575240488,-0.0,187379.61783416013,0.010709308834505608,-0.2876628630550745,0.5828179707802461,1169712.0493406048,52560.69618971626,0.0,8200.192500616953,0.0,0.0,159007.48659151152,159007.48659151152,31766.360051012445,12960.67490081308,0.0,37843.78180877975,31766.360051012452,0.8357100375737606,1.0472838833563969,0.0,0.0952664161749297,False,True,False,0,1.0,241868.19052416165
100/0,1.0,195,202,1779200.1790340657,0.05930855912531152,777551.9399201523,222.29399818082769,0.0,50430.736417436376,100339.47413344405,-0.0,201258.26331921664,0.013486101830305332,-0.2507378093287437,0.5080398979156472,1404349.303054091,63099.514569665786,0.0,8593.164559882269,0.0,0.0,190025.23075900477,190025.23075900477,34276.33451856986,13984.744483576504,0.0,45226.00492064313,34276.334518569856,0.8360273146609708,1.0402365931962658,0.0,0.09315123559352756,False,True,False,0,1.0,282892.4864609767
100/0,1.0,196,203,1960704.3723040968,0.069648808485961,744729.631862507,365.00297666501683,0.0,307641.20841727994,48764.54880851722,-0.0,196309.6824942863,0.01055829461837753,-0.3298643168545812,0.3886491710621248,1989363.7081406552,89389.59687105406,0.0,9315.185752524405,0.0,0.0,271002.1854103106,271002.1854103106,56752.05828890777,23154.839781874372,0.0,64498.5201276539,56752.05828890777,0.8367895299267957,1.0481340578833773,0.0,0.08806980048802893,False,True,False,0,1.0,308889.3443996803
100/0,1.0,197,204,2262178.3930784846,0.08505732964417212,650629.1652759934,77.82853579086748,0.0,249671.99938286742,66308.08025461223,-0.0,334728.0509349744,0.012396713326308817,-0.14685936704475477,0.42963891041034763,1642508.8980999028,73806.0056901062,0.0,8887.239268225998,0.0,0.0,224135.47992851574,224135.47992851574,48255.08411461967,19688.074318764826,0.0,53344.24422298675,48255.08411461966,0.8359819658958263,1.0508506365970023,0.0,0.09345356069449151,False,True,False,0,1.0,444684.6156264503
100/0,1.0,198,205,1123863.18667625,0.011745647085070754,842701.2757404755,159.50490755629966,0.0,-290477.063264357,138106.8636407531,-0.0,85926.75546524476,0.00966958202594897,-0.28038367070276715,0.7264826702342999,1046574.0990174182,47029.09643022529,0.0,8671.573420305634,0.0,0.0,142119.41401865685,142119.41401865685,28164.448742556815,11491.09508696318,0.0,33824.42053644033,28164.448742556815,0.8350784190745699,1.0461962152381155,0.0,0.09947720616953437,False,True,False,0,1.0,95562.7755574843
100/0,1.0,199,206,1653903.5645128821,0.05160106755963256,901790.8193635733,142.78181165827192,0.0,-48719.671544445904,119535.39444369031,-0.0,188161.28049993614,0.012812494764558797,-0.36246599597295426,0.6367197034448088,1356705.242957491,60961.944127772724,0.0,10066.39259797704,0.0,0.0,183700.7517413749,183700.7517413749,34285.45995679579,13988.467662372685,0.0,43720.77891444722,34285.4599567958,0.8334594445638456,1.0422017546745697,0.0,0.11027036957436298,False,True,False,0,1.0,250993.63491526496
130/30,1.6,0,7,862567.3175440367,-0.014675458557181775,1756962.7621932833,464.41588080030414,0.0,-483981.3457101742,244988.13458452784,-0.0,48995.510502612655,0.019533726777138424,-0.4995340100262101,2.523636933282824,715729.1084671197,32179.717976882337,16716.063219769712,19389.973260227776,28974.509580934173,0.0,121916.03550278819,92941.52592185402,29987.268726563936,12234.805640438084,0.0,29016.01644966358,1012.7591456298254,0.7552319980779918,1.3096925753785076,0.3119609092585791,0.014700932671007472,False,True,False,0,1.0,84913.30707673548
130/30,1.6,1,8,1537157.4643649051,0.043931099721539635,2181683.5499424594,561.0506897867646,0.0,53516.376932751635,146809.06427182505,-0.0,159957.2323173448,0.02530867469854321,-0.31242847825610953,2.3540603701737663,1134111.9608100366,50988.53076994174,26522.00535516487,28780.959603205734,45971.47594895245,0.0,193611.49974493467,147640.0237959822,48063.31316597075,19609.831771716068,0.0,46079.53693929444,2091.837217018496,0.7557792164742019,1.310432724758194,0.3097699643044728,0.012654545624348312,False,True,False,0,1.0,253965.12648901134
130/30,1.6,2,9,1721030.0705429886,0.05579316432086068,2557256.4595705676,735.2669646916146,0.0,334982.93529524584,144516.10811985077,-0.0,149463.4696932076,0.019904232587751567,-0.3483759322350952,2.2318922965983594,1364138.3639513087,61331.293155236955,31423.279283156797,32673.793084480323,54467.01742413845,0.0,233252.7975500609,178785.78012592247,61222.5948766507,24978.818709673484,0.0,55514.16581691449,6755.577452512168,0.7552023594975681,1.3131331874674592,0.30711716213618284,0.019291545093217843,False,True,False,0,1.0,322308.268736574
130/30,1.6,3,10,1261235.6550636024,0.02348062101360182,2648365.370508317,403.49123667376904,0.0,-140270.4183626647,160510.0971103069,-0.0,93376.71244568759,0.02150669358703829,-0.4401478736969292,2.3729050840228583,1185699.4424390732,53308.658309541606,27532.581205027254,29873.983996826853,47723.14075538057,0.0,202148.5843506898,154425.44359530925,50668.17784819319,20672.616562062816,0.0,48111.36307546418,2945.0370928125385,0.7548548831822898,1.310424605313242,0.310795645192102,0.01940184118154553,False,True,False,0,1.0,159229.0898572721
130/30,1.6,4,11,1425942.3637465618,0.036120334728143355,2178549.8767055687,477.41478273210015,0.0,38164.44757310143,145452.2403012257,-0.0,110750.07890339577,0.02722213630261886,-0.18769407448244413,2.2994738058096673,1178137.2575322918,52967.911516239335,27522.288286309536,29015.958923749135,47705.29969626986,0.0,201442.6303795657,153737.33068329585,50959.186086900496,20791.347923455403,0.0,47943.34603033664,3253.8863906304823,0.7542424978264723,1.3131748623931436,0.3103546973528175,0.016558145516926803,False,True,False,0,1.0,181007.39939455554
130/30,1.6,5,12,3135261.2908453653,0.12105617203517305,3008254.9851368843,298.6968294311405,0.0,1476174.9233402093,42024.0,-0.0,356443.703466075,0.02382720026247347,-0.15424730853593005,2.138120040326628,1976791.2276103883,88875.12760974279,45470.16669552357,45923.27971203232,78814.95560557417,0.0,338333.0505676562,259518.094962082,90185.91333634882,36795.85264123032,0.0,80523.26603510218,11370.957730774539,0.7557148124961411,1.3131462589529266,0.3064384172459971,0.01920649846712763,False,True,False,0,1.0,716849.4166720501
130/30,1.6,6,13,2079379.5181926324,0.07595318676042107,2461954.7632095427,921.3842613193908,0.0,563492.6525298277,156553.3463515483,-0.0,231277.73075891513,0.029814050417277745,-0.3000386815311329,2.184691354738632,1283869.5293132286,57722.94443167343,29653.04033369093,30633.237298747805,51398.60324506429,0.0,219776.19653109583,168377.59328603154,58854.391888837636,24012.591890645752,0.0,52306.734774400815,7455.788643773352,0.7553613836783148,1.313676236034626,0.3090847103653399,0.01820322719382239,False,True,False,0,1.0,460303.81825997867
130/30,1.6,7,14,1594961.9323987013,0.047791888927507964,2234590.904226558,755.9054360910499,0.0,96328.66653376305,183629.0059532294,-0.0,167598.47630123823,0.02502273842373306,-0.40849081874117654,2.2999449988758354,1147167.4813047573,51574.98339331434,26622.683868772452,28498.304772714975,46145.98537253891,0.0,195399.19362358045,149253.20825104153,48547.73600228426,19807.47628893198,0.0,46505.00808241216,2401.750629745355,0.754452700748023,1.3109048162386627,0.3118672368629093,0.016847150525478805,False,True,False,0,1.0,303310.9627038112
130/30,1.6,8,15,1331695.1483831783,0.029059489220509604,2523099.3435434317,537.2228452570923,0.0,7429.794540699775,151206.50625364526,-0.0,94549.66692580137,0.030544864173699553,-0.32109254995466774,2.3220767548499683,1269616.3295125265,57081.11113417634,29680.676743854267,31290.934748822554,51446.50635601406,0.0,216823.8120792407,165377.30572322666,54692.83063794571,22314.674900281847,0.0,51604.067274859255,3246.3242819316283,0.7546120258811667,1.3116036119983145,0.31168900857308623,0.016084704861675014,False,True,False,0,1.0,179702.73106340846
130/30,1.6,9,16,2073387.1608483086,0.0756427156609456,2967293.6671665306,828.4275618212341,0.0,687419.4033074918,105128.39086617852,-0.0,173096.32434174305,0.024863539057668593,-0.2044992506423503,2.2139321263308487,1811573.052298129,81448.7129678902,41896.51190517206,42645.929777623365,72620.62063563157,0.0,310327.5772364666,237706.95660083502,82809.23409943018,33786.16751256751,0.0,73857.96338227906,10188.613463798394,0.7548597342022995,1.3150847224400037,0.30780685776034195,0.027903938854060506,False,True,False,0,1.0,385575.8322956709
130/30,1.6,10,17,1039925.5639160369,0.003922587028372115,2092261.264103522,351.36052732339664,0.0,-375694.51953754434,253220.0052976854,-0.0,96068.99330706688,0.024759001781147465,-0.4923253978241843,2.415302847596604,975680.6738590912,43866.13764485,22955.333843269313,25100.305422335212,39789.245328333476,0.0,166351.87910099135,126562.63377265788,40860.16112783689,16670.94574015745,0.0,39591.74722603594,1070.915799503451,0.7542639782348913,1.31076372835127,0.3140767215832928,0.020350366744942727,False,True,False,0,1.0,168827.64701121362
130/30,1.6,11,18,1390119.9463662587,0.033487498278022,2186848.361336364,2010.9581046260007,0.0,9728.390892945928,169287.63695941324,-0.0,132010.47844557307,0.02671556786423859,-0.22290680867040524,2.4045879400084336,1100819.9289958358,49492.756445980725,25523.030016164623,28390.240851381273,44239.918694685344,0.0,187815.9360256568,143576.01733097143,47094.091792437386,19214.389451314455,0.0,44700.19277410631,2854.1730977521256,0.7549299155604244,1.3113409669660385,0.30897845222202075,0.017060291081093748,False,True,False,0,1.0,232577.81934189345
130/30,1.6,12,19,1301209.9768712437,0.02667914072731703,2490258.0960549903,1593.6227152994832,0.0,-95341.63934978453,198343.3080769465,-0.0,129197.88377633865,0.030214604832680198,-0.3737966531068606,2.3651194784164096,1186176.2541414213,53330.53635969129,27760.112834137093,29866.930070798982,48117.52891250429,0.0,202732.99633907032,154615.46742656603,51458.90446786121,20995.233022887376,0.0,48250.45312869874,3341.375555356989,0.7549945325882296,1.312900155924261,0.311449690745923,0.020259000789970782,False,True,False,0,1.0,219604.3272247868
130/30,1.6,13,20,800031.5687749796,-0.022063372508156598,1613396.8897957564,115.35509702242942,0.0,-562742.2676948966,270894.6566070473,-0.0,48603.41209489666,0.024464363911040156,-0.5654729396753679,2.5671364222212243,611531.736824701,27495.01605258851,14404.025210045706,16966.7798031497,24966.97703074589,0.0,104135.43857728122,79168.46154653534,25282.339344707845,10315.1944526408,0.0,24784.234381392933,315.3623139619901,0.754694214123971,1.30883258672434,0.3138325280211694,0.014517169242042716,False,True,False,0,1.0,81541.48905485039
130/30,1.6,14,21,1917795.9023308249,0.06728458933522163,2520765.880168882,1115.3779562379025,0.0,354667.29164476733,86880.6963800896,-0.0,197535.74687767256,0.02235206717195842,-0.25070728949276455,2.2081149532127755,1416327.6054436488,63675.54632461516,32929.63282321859,33736.00046026855,57078.03022691225,0.0,242117.88330437482,185039.85307746258,61619.96664844832,25140.94639256691,0.0,57624.0562264412,4541.936421536317,0.7550968038256421,1.3138908462871104,0.3099165357071187,0.016760377539234206,False,True,False,0,1.0,310346.18293124845
130/30,1.6,15,22,1621993.6532069244,0.049554306728535336,1951036.162218513,5706.711576861604,0.0,89883.91031184938,180355.72825125192,-0.0,205201.31998787186,0.026577116649680013,-0.3348598992434081,2.318846476844329,1002268.6832515157,45060.92949712988,23391.388603638017,25433.636815326223,40545.07357963923,0.0,171210.15955410723,130665.085974468,42928.99234695752,17515.028877558667,0.0,40748.017973877526,2383.918767318243,0.7549900017375115,1.3127434032092575,0.31106155816816894,0.01633515470826663,False,True,False,0,1.0,343785.44888365606
130/30,1.6,16,23,1057038.0231061704,0.005562481358303284,2069831.8888752218,284.8876512079277,0.0,-296752.7373964923,216971.48946362705,-0.0,77023.94279110552,0.022953921770177053,-0.3363804813090032,2.445004517503048,975581.574633769,43861.99381467675,22627.179259109387,25400.025038712174,39220.44404912294,0.0,166316.20334192557,127095.75929280263,41149.97772499664,16789.19091179863,0.0,39583.25639537829,1929.5336758735878,0.7556775523472258,1.3112455061172035,0.3097974423637099,0.012945654066053636,False,True,False,0,1.0,130380.31206385494
130/30,1.6,17,24,1720488.177683,0.0557599163336433,2794725.702244633,13392.18927458777,0.0,389442.9993370353,129283.33320604102,-0.0,129601.24045944563,0.026139176520797777,-0.24667535643101912,2.2976348953666608,1417080.8541283507,63712.50967544509,32836.557576325744,34750.99756759257,56916.69979896463,0.0,242630.4495567499,185713.74975778526,63629.80669990858,25960.961133562694,0.0,57746.046994506476,6713.106900943855,0.7548758075198356,1.3142205565334248,0.30829294465918844,0.019253407234954167,False,True,False,0,1.0,283845.50054087915
130/30,1.6,18,25,2599647.812219265,0.10025018835433852,2654348.7104868293,14296.796798945423,0.0,1014917.603176812,78705.1005862246,-0.0,280155.6711377853,0.02459710430237337,-0.20495073735833813,2.168150028075771,1652024.4902901617,74274.2653807845,38390.27707383145,38928.20724996164,66543.14692797452,0.0,283169.1966679838,216626.04974000924,75275.90052086643,30712.5674125135,0.0,67394.26880698014,8732.753592891895,0.7546281728964581,1.314327058275028,0.30874435165654673,0.018312035257242787,False,True,False,0,1.0,551775.8227577348
130/30,1.6,19,26,2569950.072644271,0.09898678103460945,3338748.29087333,1535.6202359790004,0.0,1101486.6668191138,31014.259203642738,-0.0,227182.4356455147,0.02212487667285974,-0.14828434344884434,2.146420131898376,2045916.542947828,91982.43124618096,47561.50295164039,46983.73593044358,82439.93844950998,0.0,350667.06669912225,268227.1282496123,92708.55774493811,37825.09155993474,0.0,83458.76187439109,10268.619295427967,0.7547654668441465,1.3150702118258875,0.3081204601480705,0.024559071533954313,False,True,False,0,1.0,477249.0096166569
130/30,1.6,20,27,2100217.152181397,0.07702657675055846,2646310.3167786347,730.2149760955335,0.0,643758.4484791436,99456.3774855446,-0.0,216587.85865473916,0.02304040541735539,-0.2034518140999706,2.2285651917102416,1541442.193083055,69303.12396125891,35597.85607639748,36979.666307755586,61702.95053242231,0.0,263870.4569129904,202167.5063805681,69706.5638401147,28440.2780467668,0.0,62801.16874529171,8003.613307692566,0.7555486390475175,1.3132421876677722,0.306861486798495,0.014774859498560389,False,True,False,0,1.0,422184.38614716614
130/30,1.6,21,28,905046.3149486391,-0.009927311662116023,1739779.1017031171,2012.8684858356792,0.0,-459826.0785083415,228331.37836868278,-0.0,59541.946736927224,0.02018815335852122,-0.42855314148330204,2.445696375203104,733269.9517304488,32967.397731088655,17193.487611786986,19320.969355830686,29802.0451937641,0.0,124916.03990964648,95113.99471588238,30377.067464364678,12393.843525460788,0.0,29730.01749849585,575.0222706005911,0.7551213580002976,1.3100064200530617,0.3127926885197576,0.01569100408863844,False,True,False,0,1.0,84018.43824899232
130/30,1.6,22,29,1143278.7696708157,0.013480072652670483,2421828.1017301106,8932.298313177627,0.0,-193225.22868494556,149070.83042234086,-0.0,48362.97363200199,0.019630222467545737,-0.3040807308185074,2.3526968821575203,1188103.0177406054,53416.0031952437,27542.795043374983,29566.400548820282,47740.84474184995,0.0,202805.29893461542,155064.45419276546,50665.057522092946,20671.343469013922,0.0,48267.66114643847,2924.212780243164,0.7556472664436813,1.3114789748458062,0.3081415949724222,0.013761753820536349,False,True,False,0,1.0,69373.11366748728
130/30,1.6,23,30,1093333.55264505,0.008963063264954663,3057696.6632826882,495.11465732080546,0.0,-300038.2703753332,198053.510907017,-0.0,19912.02341166523,0.02397384619376977,-0.59156430378699,2.4006918234807815,1381305.1147780507,62104.475515721155,32130.2189562613,34680.57107116512,55692.379524186246,0.0,235660.81590152753,179968.43637734128,60038.88755631857,24495.866122977975,0.0,56087.27418456355,4346.508032132636,0.7544936164416923,1.3106483088182295,0.3109134347047977,0.024179733391973768,False,True,False,0,1.0,92253.4980841557
130/30,1.6,24,31,2096826.4729385404,0.07685257057998429,2999582.110698103,1420.5176761159946,0.0,676480.7577833128,73131.69793121601,-0.0,182254.6788638021,0.02395825586529339,-0.3162394396890913,2.1750756890606935,1717270.3450521678,77205.8483989693,39833.97316047568,39950.55407890287,69045.55347815783,0.0,293627.36138285993,224581.8079047021,75842.607029846,30943.783668177166,0.0,69883.31200912068,6797.053551688139,0.7538876868076738,1.3141007356634318,0.31032239444769266,0.017494854434538798,False,True,False,0,1.0,359746.9129774567
130/30,1.6,25,32,1033577.0890711586,0.003308028254103368,1812380.4865565903,171.83906486528284,0.0,-349907.0601054132,227707.39450870967,-0.0,76878.18378393017,0.022484109871840817,-0.37989719387498055,2.482999225962825,825771.3820357751,37127.28792346494,19305.367077622148,22024.884024178617,33462.63626787839,0.0,140804.9856168499,107342.34934897152,35046.861907191815,14299.119658134257,0.0,33511.586576810274,1584.2256393133825,0.7553176925584588,1.309890343975109,0.3112375812733774,0.014931995723885705,False,True,False,0,1.0,136029.78464442497
130/30,1.6,26,33,1911329.029375306,0.06692415006997865,3508975.934268586,2201.176490961826,0.0,549557.1279845375,96430.49709415765,-0.0,132479.00671847895,0.025480367565561195,-0.2533211466579769,2.2532497322402096,1877488.6869403236,84410.6878977485,43632.67745308462,44662.70677811646,75629.97425201331,0.0,321018.2231927466,245388.24894073326,82845.44719410101,33800.94245519321,0.0,76402.3371198737,7215.472942087943,0.7558306947780795,1.3118785382694103,0.3085628454594701,0.018363534205068532,False,True,False,0,1.0,286577.5385138274
130/30,1.6,27,34,741418.654611462,-0.029475840413852428,1932987.1950258624,2869.237919148734,0.0,-614959.075626795,250263.39897798368,-0.0,41231.88916852894,0.028409739047378427,-0.5611367443891195,2.5368671260590814,738147.9175508933,33187.87412405554,17310.10174763128,19931.647135798914,30004.176362560884,0.0,125591.16251070103,95586.98614814015,30783.207457275596,12559.548642568443,0.0,29890.696677546846,779.0310947147002,0.7544666380497215,1.30930864674959,0.314827785673822,0.01759736368783016,False,True,False,0,1.0,45920.95523517448
130/30,1.6,28,35,2293369.121196309,0.08654419550156445,2735984.5631107627,760.2988084887534,0.0,658280.4702073152,106222.14524137983,-0.0,284710.96851212904,0.020408623672734754,-0.226544402403141,2.2349850308682386,1591982.212373626,71573.35225783616,36749.779323236864,38447.68631391177,63699.617493610545,0.0,271860.59530075965,208160.97780714912,69425.96715506837,28325.794599267894,0.0,64702.8216815808,5726.349661457951,0.7555259371230034,1.3126189466387563,0.30833614497712747,0.014564185238307159,False,True,False,0,1.0,498406.6040911118
130/30,1.6,29,36,1403490.852189062,0.03447728437852371,2198016.576357054,305.2166379761174,0.0,52053.206995526954,144294.85649109833,-0.0,117076.40989183336,0.02378299438898259,-0.3500602145184203,2.30909117695658,1174232.2070275184,52792.7023086789,27237.726447914552,29022.990065684084,47212.059176385235,0.0,200372.07399599082,153160.0148196056,50785.76845269402,20720.59352869916,0.0,47688.553611045805,3573.709276308865,0.7549503083946333,1.312244778632651,0.3108715994019179,0.017036924732232395,False,True,False,0,1.0,218363.7187048961
130/30,1.6,30,37,1970421.6207114507,0.07017774773031471,2515612.797517012,603.263550634472,0.0,552106.5482489561,93925.60317630885,-0.0,177250.47383037463,0.02568635809427714,-0.18368743215046157,2.1506873506058213,1514807.4887202876,68103.94997429682,35160.519235771404,35046.47533967277,60944.90000867044,0.0,259236.54219227625,198291.6421836058,67938.17272194766,27718.774470554647,0.0,61698.29704176173,6993.272713277238,0.754804056621787,1.3136494203060116,0.3094800672671985,0.020580534160342445,False,True,False,0,1.0,347282.215174092
130/30,1.6,31,38,1494632.9529795458,0.04100653374963592,2069351.3481094537,2712.308551821775,0.0,49743.43124343912,191501.57568760542,-0.0,159672.85084083126,0.026543054300768094,-0.2502803060128773,2.2586875645851907,1125264.6881627631,50590.05246167113,26212.72596235001,27440.989430770234,45435.39166807335,0.0,192022.54384774482,146587.15217967145,48151.54681845486,19645.83110192958,0.0,45701.36543576328,2716.15515038142,0.7547974038964088,1.3120831775859707,0.31143650468647255,0.015025253111585313,False,True,False,0,1.0,294311.47805879964
130/30,1.6,32,39,1066677.8411279423,0.006475777476286693,2058773.840541905,4586.71677830791,0.0,-282639.86040758213,230528.01972374396,-0.0,92155.15975969002,0.022537938193412706,-0.3705516943513252,2.5119313556801974,902682.7352544091,40585.12330012383,21048.698528172587,24245.970320272376,36484.410782165825,0.0,153854.20994664353,117369.7991644777,37901.36293844761,15463.75607888662,0.0,36617.30196730116,1416.9521562818527,0.7549627859567668,1.3099218050628803,0.31093326195331417,0.011943264697891198,False,True,False,0,1.0,181343.35589752288
130/30,1.6,33,40,1497742.4411285466,0.04122290600314127,2293293.488833598,751.7765029610097,0.0,142832.80448310045,183026.6514111426,-0.0,109793.6596620998,0.021208844989612435,-0.3196995293844992,2.2574716073363996,1163236.1520127947,52298.6041920232,27051.451341865457,28231.257553740066,46889.18232590013,0.0,198993.3926069077,152104.21028100757,51585.7013905878,21046.966167359824,0.0,47360.42744044404,4696.519064687753,0.755186300162736,1.3129153398760014,0.30956745348746834,0.025912910650338628,False,True,False,0,1.0,253060.0873039698
130/30,1.6,34,41,1825744.6464874148,0.06204765312482752,2812053.472927844,27081.790022171233,0.0,449249.116337316,132810.49696129037,-0.0,110023.26283081887,0.03141561524233731,-0.24143603500005273,2.16262187585975,1493352.7606798117,67140.77117302126,34749.42087858771,34533.11529204244,60232.32952288538,0.0,256152.73542257154,195920.40589968616,68542.02982226698,27965.14816748493,0.0,60964.35103057201,8309.700299381653,0.754659053771181,1.3142232780737753,0.30894372713870244,0.019830738853421792,False,True,False,0,1.0,281468.62147310097
130/30,1.6,35,42,1232845.530960126,0.021153115073595297,2408665.289174793,563.189432839801,0.0,-212037.39461774158,221075.33906568377,-0.0,117622.37368183909,0.0246253728035543,-0.5314849726000497,2.2698669847820994,1102800.3177269436,49580.23230382257,25723.084149584738,26758.816151428866,44586.67919261355,0.0,188117.65289316096,143530.97370054742,47087.13043970709,19211.549219400495,0.0,44772.001388572295,2500.4512470935815,0.7549135184935734,1.3116228000231054,0.3121355225560493,0.0183357041322898,False,True,False,0,1.0,199261.3173527787
130/30,1.6,36,43,1207219.5216467604,0.019010420036253306,1929675.2086325006,435.6676124470186,0.0,-170275.4917536532,184824.9706859463,-0.0,93889.29625970915,0.022233801498018818,-0.3606447862768458,2.357997990491696,974799.0419830218,43826.22571537417,22782.6999759897,24697.073078835103,39490.013291715484,0.0,166219.49836202472,126729.48507030924,41308.231861104745,16853.758599330737,0.0,39560.24061016189,1818.218569389292,0.7549136790476141,1.3105257057567345,0.31189809890751335,0.015372462511187068,False,True,False,0,1.0,160443.51358842792
130/30,1.6,37,44,1810848.0730671566,0.06117791149880869,2597086.3749393127,429.08601712962184,0.0,417182.75953261845,83608.78231713484,-0.0,171206.10179510014,0.0225236659055679,-0.19149671591561523,2.2347470208548317,1510687.9356940587,67918.08774435948,34959.90662332273,36115.99646240314,60597.171480426055,0.0,257619.8630075091,197022.69152708305,65097.93778192132,26559.9586150239,0.0,61313.52739578716,4500.766301495334,0.7552257203287707,1.3126457820785222,0.3105931699066063,0.0151933408687146,False,True,False,0,1.0,303554.2522742051
130/30,1.6,38,45,1097555.7590824289,0.00935202647561506,1760358.4661914643,7287.58061588882,0.0,-284450.28535448236,221330.63036715452,-0.0,85779.47718289043,0.018919069684814382,-0.5136455521787199,2.378419094823101,761662.8974818315,34244.12298856165,17899.110976313426,19703.423678517007,31025.125692276604,0.0,130052.3838377799,99027.25814550329,32498.14908477912,13259.24482658988,0.0,30952.46735339162,1473.0233925024804,0.7543459556511171,1.3119362699912598,0.3132200969665003,0.018083099508162004,False,True,False,0,1.0,155046.3807997529
130/30,1.6,39,46,1440757.9073591467,0.03719186349444592,2200446.3696407396,988.2622400759798,0.0,70701.88935587057,163350.6480910126,-0.0,121963.86298508153,0.025491277892312068,-0.3391842949558801,2.3377732534476245,1128883.4416238996,50754.700981298905,26165.906722995995,28329.171389247964,45354.238319859716,0.0,192917.22490386563,147562.9865840059,49557.97823727641,20219.655120808773,0.0,45914.29952712001,4203.739917416522,0.7546237413806872,1.311931804982044,0.30870812990045254,0.01808180706164242,False,True,False,0,1.0,228877.49840055406
130/30,1.6,40,47,958405.2062478692,-0.004239449993104549,2083509.4320490551,283.51745610650863,0.0,-409156.67546912347,240583.8608583122,-0.0,67379.28494069967,0.01867782774358242,-0.4314246411120968,2.4995339787138873,934261.5757632919,42004.55945765996,21919.148850798923,24784.90953471188,37993.191341384816,0.0,159042.00051338243,121048.80917199762,38689.26072361102,15785.218375233293,0.0,37851.99612218503,696.0693822263913,0.7549559064574209,1.3094712819482133,0.31377400985570275,0.02118983142390518,False,True,False,0,1.0,102452.21980009964
130/30,1.6,41,48,2063337.7314004998,0.07512022545208374,3174836.872305612,933.6700096435792,0.0,675019.0918648046,89678.19924565432,-0.0,210261.89049815148,0.023873296491545924,-0.19958894095751023,2.2203912659031566,1851515.9558472368,83244.06660221977,43031.141023705735,43691.46668126523,74587.3111077566,0.0,317328.87207921036,242741.56097145376,84030.40063316278,34284.40345833041,0.0,75524.27155485208,9443.089525406018,0.7546921050089851,1.3148876402695262,0.30812893089960225,0.022775182961146223,False,True,False,0,1.0,403900.6314985202
130/30,1.6,42,49,2447037.3044060385,0.09361399434453932,2357740.874091531,443.86964957782,0.0,787852.2259785554,136616.6466339099,-0.0,275583.8400035574,0.024068799258618368,-0.32948100431909566,2.14659300043407,1406403.322561691,63232.352088697524,32494.62792941249,33132.902639546985,56324.021744315,0.0,241121.28002001578,184797.2582757008,65606.83220765446,26767.587540723012,0.0,57386.86464476376,9282.810463339541,0.7548098752547111,1.3135598379388431,0.30769466472962465,0.021023461373917307,False,True,False,0,1.0,541786.8486315543
130/30,1.6,43,50,3699419.4440867463,0.13975985879138286,2759517.988957779,1276.5112102297137,0.0,1446379.508675912,121515.44061641204,-0.0,571775.2009854517,0.03203593930048881,-0.3288030232935103,2.0159582631687596,1764239.0998546774,79320.32712377403,40272.82613078227,39871.81810724454,69806.23196002259,0.0,302421.8332529505,232615.60129292792,84655.80525042095,34539.56854217175,0.0,71976.39631420221,14849.573290398272,0.7551076480488821,1.3154235190926347,0.3066881119638173,0.02797406092378507,False,True,False,0,1.0,1015404.0715995964
130/30,1.6,44,51,2925052.67191873,0.11330297368282594,3393541.469044458,13746.472935774402,0.0,1192102.4300210834,33802.10466454843,-0.0,388438.9613746465,0.027856793265705476,-0.19028822952927893,2.1264222776163653,2118100.1549098818,95227.00472408939,48882.454341362216,48599.182543643816,84729.58752502786,0.0,362474.0526462798,277744.46512125194,95545.065042123,38982.38653718618,0.0,86268.82452981458,10815.477517094916,0.7549941472982838,1.316435209542028,0.3078928275022128,0.021850999466909382,False,True,False,0,1.0,643763.2947639658
130/30,1.6,45,52,3075987.8479785305,0.11891851825348265,3414055.475529517,1612.2380373624408,0.0,1600026.074324825,37234.4817171513,-0.0,267298.6694722198,0.027726641541942598,-0.1861314480350743,2.1260018174301605,2185963.516253088,98285.76682375082,50274.003414431994,49994.248183681826,87141.60591834875,0.0,375896.8103086208,288755.20439027203,107448.83141931838,43839.12321908189,0.0,89463.44085345177,20307.225500969773,0.7549929017332094,1.3179202297907868,0.3061532446143263,0.026922938848349176,False,True,False,0,1.0,675984.886383462
130/30,1.6,46,53,2146401.1675230367,0.07937185523319568,2368298.3940035542,4059.4817583198537,0.0,681989.0322912744,126072.0,-0.0,208452.4025527575,0.02591967997421241,-0.251609038852623,2.1959950479649497,1396347.5077933134,62780.79331872747,32150.947959445435,33311.82578430011,55728.309796372094,0.0,239295.08657526635,183566.77677889424,64948.9280876782,26499.162659772705,0.0,56952.2306049134,9220.61829130626,0.7545009181354376,1.31473633467069,0.3071409006377789,0.02544947064925296,False,True,False,0,1.0,441276.5741283347
130/30,1.6,47,54,1496603.9037010353,0.04114372837333069,2196803.542575401,543.293122977532,0.0,21318.849851061794,154771.944673696,-0.0,128903.0646346253,0.02586120827876816,-0.28059609757347825,2.294147238461362,1119505.0404442851,50332.455000734204,26027.45749784692,27677.503416575408,45114.25966293467,0.0,191426.85946274645,146312.59979981178,49142.23587560778,20050.03223724797,0.0,45559.59255213365,4027.9762126730775,0.7550986280721386,1.3132846337314539,0.31014919776691663,0.017642494721660462,False,True,False,0,1.0,215527.22196218508
130/30,1.6,48,55,1806281.5489811124,0.060910003746332375,2342136.6193620674,204.03879014982823,0.0,327801.52962082275,108497.30392966684,-0.0,205038.1845264347,0.026086163998225262,-0.2996265006670862,2.221618562893085,1311498.1922016605,58963.06094323553,30472.600202519883,31487.941792158505,52819.17368436779,0.0,224070.75843952934,171251.58475516154,57180.64925785441,23329.704897204596,0.0,53328.84050860798,4361.475573486818,0.755010599721816,1.3117538640514044,0.3093374894534501,0.021312602377695722,False,True,False,0,1.0,323770.8083327906
130/30,1.6,49,56,1811945.852759613,0.06124222511540234,2664886.778382201,716.3611777840363,0.0,413198.19942694716,128328.22639252918,-0.0,136518.4434430473,0.021096169933700754,-0.26096386327300314,2.192410944189025,1443234.5993091587,64887.25857242857,33558.01290172607,33909.08367983381,58167.22236299186,0.0,247345.5495200608,189178.32715706894,65437.84786605618,26698.641929350917,0.0,58868.24078577448,7270.625503064258,0.754976149165563,1.313979026378925,0.3085104453546204,0.022830139363656077,False,True,False,0,1.0,304371.9944873314
130/30,1.6,50,57,894378.4859990899,-0.011100552194109548,1693366.507362122,258.2258507026227,0.0,-465928.24960681185,242659.99570137126,-0.0,55573.836037104804,0.028076086195344425,-0.5152705236660248,2.5085468676300575,709370.5425459652,31893.7899636244,16472.44944044119,19157.403553542164,28552.245696764716,0.0,120764.24326353977,92211.99756677506,29816.932717633154,12165.308548794324,0.0,28741.889896722463,1264.6870208683608,0.7544436411278751,1.3099573850282795,0.31117202013714673,0.014896969952064687,False,True,False,0,1.0,95977.95242762967
130/30,1.6,51,58,898079.2373005394,-0.01069212618087545,2097296.298426529,147.56171512457288,0.0,-478297.8452864378,250170.2016865075,-0.0,62866.22164505735,0.02697471885905165,-0.371529702892635,2.497908022990307,872270.049320275,39217.6857170964,20436.9320752056,23143.57462629633,35424.01559702303,0.0,148814.4940970035,113390.47849998047,36734.48181305067,14987.66857972467,0.0,35417.84959508683,1310.4662160277371,0.7541976591227116,1.3105330642216917,0.3118611019631832,0.013304313519492572,False,True,False,0,1.0,86614.41751588922
130/30,1.6,52,59,1380717.5916093523,0.03278634156190385,1864655.9498290457,1936.8541498888599,0.0,-64103.57809222731,210120.0,-0.0,120553.13365248842,0.02457519223599347,-0.49366637393034196,2.3806246487596168,836165.0945503364,37594.23744213026,19403.020312408342,21781.97763203877,33631.901874841125,0.0,142631.21392383438,108999.31204899325,36224.170370895095,14779.461511325197,0.0,33946.22891387259,2592.2684960538595,0.7548609088550764,1.3106535424601244,0.31091746479968513,0.021235262811058808,False,True,False,0,1.0,227965.32607378147
130/30,1.6,53,60,2911520.4852799927,0.11278685034127856,3950733.7707333234,1981.9943879322343,0.0,1366247.0619971813,103867.01758475412,-0.0,357293.65808634687,0.026871090480994207,-0.3769394782990273,2.140771721146483,2279006.4417268587,102464.82868134616,52602.372026441866,52263.081641210396,91177.44484583256,0.0,390806.2928637696,299628.84801793704,106540.81440618301,43468.652277722664,0.0,93011.8977015772,15363.369560350457,0.7550352564505877,1.3163869917667432,0.30705606636920546,0.02423099817551111,False,True,False,0,1.0,777887.3880701298
130/30,1.6,54,61,1887442.4471131752,0.06558321714961202,2453407.1172232023,772.0682231761868,0.0,419333.9876692639,141896.7077792504,-0.0,189472.8006003481,0.026866056801786904,-0.35248074641969696,2.200996833914982,1385721.6503816638,62301.49082631562,32318.12903375076,32892.04869677102,56018.090325167956,0.0,237438.70266474542,181420.61233957746,62556.33461134711,25522.984521429622,0.0,56510.41123420941,6538.244286178925,0.7546478175824999,1.3141590359118254,0.30961892200475993,0.01794203101520253,False,True,False,0,1.0,377882.2590472315
130/30,1.6,55,62,1211714.9192783833,0.01938924086317262,1828761.679135081,570.0290360671216,0.0,-163224.44708228775,217554.75724212508,-0.0,94875.51498801635,0.027014441545800034,-0.48429674479644935,2.358806734362642,848486.4515266077,38148.302040925875,19882.0887722574,21709.804520664977,34462.28720524616,0.0,145009.53495863476,110547.2477533886,37108.74167871947,15140.366604917544,0.0,34512.26932015507,2646.454473473275,0.7546020335643834,1.3127881534492947,0.313274783880093,0.019518214281047275,False,True,False,0,1.0,181529.19907666114
130/30,1.6,56,63,1679239.2713014854,0.05320098893019409,2529025.093655435,780.8026419699214,0.0,176448.09521689732,135533.99262964042,-0.0,176784.694111933,0.02483003563796693,-0.3172721397576217,2.241390661223213,1379540.754192217,62022.08299459401,31960.318256221566,33150.918571501956,55397.88497745072,0.0,235588.84051189688,180190.95553444617,59795.81357929123,24396.691940350822,0.0,56070.14404183147,4397.928601840468,0.7551314168640596,1.3134256358525787,0.3094859167954276,0.0182925098580089,False,True,False,0,1.0,307524.0107315644
130/30,1.6,57,64,1359801.213312958,0.031211012857635945,2942340.690638766,752.0277617065229,0.0,-24085.532736016612,128350.42958684197,-0.0,36675.420416213674,0.021734420688522254,-0.3790651464259006,2.3338570204448743,1413854.127589031,63567.53085821901,32669.567658012187,34797.24445089115,56627.250607221125,0.0,241692.59847937708,185065.34787215595,62764.93655879921,25608.094115990076,0.0,57522.83843809173,6137.6859515782735,0.7553044152102862,1.313067288525151,0.30829741927954946,0.015410363706412022,False,True,False,0,1.0,120613.06961110391
130/30,1.6,58,65,1957430.8488001577,0.06947008934515475,2890205.878292202,530.5254864012152,0.0,478445.77680129884,116901.04646018764,-0.0,166070.6546945878,0.027510035903511105,-0.325389042044286,2.1741174011786137,1587637.5212539057,71380.08265674928,36955.243619203924,36954.9560435341,64055.75560662017,0.0,272184.7175793933,208128.96197277313,72793.79908488628,29699.8700266336,0.0,64779.9627838956,8738.043478266238,0.7544903963967503,1.3143087082054383,0.308923367038412,0.028033423603562868,False,True,False,0,1.0,346342.2031759982
130/30,1.6,59,66,1520910.8413079295,0.0428224582242962,1890030.9060956957,5334.5636711471725,0.0,127987.52357774749,190150.28812710804,-0.0,138584.7196764234,0.027402054039778814,-0.43386773800918255,2.30984230051284,1000562.0795763672,44985.18075723436,23229.526594511426,25121.326702552113,40264.51276381979,0.0,170906.03094735954,130641.51818353975,43924.074147883555,17921.02225233649,0.0,40675.63536547158,3659.561384063649,0.7551156323264363,1.3113544273902975,0.31051101830213135,0.01435948597450476,False,True,False,0,1.0,305035.9038396595
130/30,1.6,60,67,1942112.8105089015,0.06863020468659586,2613731.6133529805,732.5497827579017,0.0,493432.83057199337,89511.00784851519,-0.0,193932.6619926908,0.024916294532518566,-0.18584127675642992,2.207181601129599,1508949.8531031334,67839.96701816728,34901.876421375164,35780.78559031737,60496.58579705028,0.0,257793.40551187555,197296.81971482528,65945.07945663753,26905.59241830811,0.0,61354.83051182639,5448.4936595871995,0.7553319347045871,1.313278973086104,0.3086964969186824,0.018994901899189065,False,True,False,0,1.0,336118.4962740602
130/30,1.6,61,68,2473088.5352521143,0.09477271866876613,3012332.2257895814,1287.3454804440862,0.0,863321.8764516279,70620.50558261608,-0.0,281328.0978590065,0.025975909048050614,-0.21253244098666735,2.1880941073414206,1734264.3682853333,77972.01304834404,39919.317488986795,40971.32278625659,69193.48364757712,0.0,296756.29357962136,227562.80993204424,78798.93815327859,32149.966766537666,0.0,70627.99787194986,9605.45450570149,0.7549662903860689,1.3140412065519231,0.3068823658344283,0.02326947435979898,False,True,False,0,1.0,508828.7989573794
130/30,1.6,62,69,1177244.3387627564,0.016451499916890988,2108488.7517642877,355.53787391570427,0.0,-146668.12461399444,179966.0675421126,-0.0,83827.92846853494,0.022333458688137943,-0.3382057173020462,2.38709209979105,1017872.4879058404,45762.801203120034,23736.238924595982,25982.098814699406,41142.814135966364,0.0,173523.4631375658,132380.64900159943,42872.8669159657,17492.129701714002,0.0,41298.584226740655,1730.0527799994195,0.7547456791667436,1.3112244182403434,0.3122115766406043,0.015417588840904495,False,True,False,0,1.0,152303.12637896425
130/30,1.6,63,70,1555639.8442375306,0.04517955501654103,2346691.961740335,629.9602415910211,0.0,107048.50943086,126184.60419620358,-0.0,154793.69454716932,0.021019005795855177,-0.21357652908358216,2.2941058977500832,1306990.8865477277,58760.5630528513,30485.34266883016,32075.44739136336,52841.26062597229,0.0,223376.872938314,170535.6123123417,56123.35283068487,22898.327954919423,0.0,53163.69575931871,3282.0922047125564,0.7550730652928249,1.3124830181603095,0.30909450584248443,0.01525551095223543,False,True,False,0,1.0,227584.64423642698
130/30,1.6,64,71,1761450.4761338676,0.05824699453362836,2450505.9260524577,835.9904387903838,0.0,296386.4949892964,121667.23473964815,-0.0,177765.27389221988,0.02184380867182986,-0.2277583463629146,2.2462355682756745,1363038.5381555115,61280.5480019296,31850.913355441116,32905.660065442455,55208.24981609791,0.0,233119.85672317736,177911.60690707946,59428.03662942388,24246.638944804938,0.0,55482.5259001162,4219.786813326184,0.7543638177577654,1.3140729654329644,0.3114636228082632,0.016881243460788564,False,True,False,0,1.0,300071.7585371274
130/30,1.6,65,72,1090501.7695073646,0.008701432206598358,2455386.7640726245,373.2233088339753,0.0,-253959.27024028054,183941.43450729584,-0.0,11288.129595877648,0.027575501350174232,-0.4259765443601873,2.392262797139437,1175439.555649478,52847.854628396366,27511.205383968398,29653.103172611503,47686.08933221188,0.0,200937.5716223918,153251.48229017993,50747.46323503345,20704.964999893644,0.0,47823.142046129266,3061.373902821616,0.7548436669320773,1.3118141046429603,0.31044509221289585,0.015169885388595983,False,True,False,0,1.0,82214.31173456548
130/30,1.6,66,73,2154334.1043859865,0.07977012099763203,2632314.0030776276,705.672269676547,0.0,730516.1742309551,118881.97403200479,-0.0,195958.01438079137,0.023621029942045454,-0.37026473041600894,2.2097579156257208,1562524.116563923,70250.18302610236,36349.19843061315,37166.525513945984,63005.27727972947,0.0,267534.78524881875,204529.5079690893,70049.87519908362,28580.349081226108,0.0,63673.27888921888,7044.597919354041,0.7548880307458472,1.3138882579740685,0.3099057329667382,0.019809787275319124,False,True,False,0,1.0,442362.72316837474
130/30,1.6,67,74,3029355.751307133,0.1172105489531663,2876286.8712811917,1199.6881112802846,0.0,1371870.0766521567,51027.93757780993,-0.0,342820.03227137384,0.03233209169897356,-0.1475338897322903,2.078113018878229,1905928.3129415333,85690.57693527693,44116.77024551532,43155.345205158796,76469.06842555993,0.0,327333.8276545391,250864.75922897915,90188.33865685227,36796.842171995726,0.0,77905.4509817803,13719.270231292203,0.7550007241134863,1.3160800373780535,0.3071620100191138,0.02287576011233483,False,True,False,0,1.0,694698.5979326288
130/30,1.6,68,75,1674448.2020086572,0.05290011166638098,2992962.055859018,6095.152004787635,0.0,253519.07536447697,107896.98623909152,-0.0,171924.33816415732,0.027420073556317794,-0.2782991394914015,2.294763994472155,1594119.6168816942,71670.41572534568,36983.64189046761,38789.1863831307,64104.979276810525,0.0,272175.058976762,208070.07969995146,69191.2434034257,28230.027308597684,0.0,64777.664036469374,5086.264126615487,0.7553455553297899,1.3124978540258105,0.3090097150644615,0.01954920929468784,False,True,False,0,1.0,264649.6445685156
130/30,1.6,69,76,2630017.1787232654,0.10152880519640828,3754786.0553486184,694.7061065764457,0.0,1249337.0965337334,23467.727873235886,-0.0,173860.37762194415,0.02318060261967293,-0.21337547798715428,2.1448054549800366,2197513.32011775,98800.46237364807,50981.461337176166,50180.349265319775,88367.86631777204,0.0,377134.3183095988,288766.45199182676,102320.42534548325,41746.73354095717,0.0,89757.96775768451,13952.559027711171,0.7553479318591507,1.3145035916271186,0.3062390890116996,0.02275440008898366,False,True,False,0,1.0,463925.60804989736
130/30,1.6,70,77,1124668.7638105636,0.011818144911457162,2756090.942314659,568.4684800313544,0.0,-255096.8604123561,154462.57905895895,-0.0,87173.1347558823,0.0215049017133705,-0.448624871333856,2.3858787159256853,1304173.5047229123,58635.03206146247,30427.528543632976,32745.801425040198,52741.04947563052,0.0,221995.94236573167,169254.89289010115,54905.693853952806,22401.523092412743,0.0,52835.034283044144,2164.6443783224977,0.7553152816275387,1.3096623333371098,0.31187855682967724,0.018660745153383784,False,True,False,0,1.0,83919.24059447624
130/30,1.6,71,78,2753514.79105527,0.10659509629179764,3972774.9816328543,1303.8693734741112,0.0,1304306.6674815104,25821.36363477263,-0.0,219363.72409251262,0.026599813592940866,-0.2696704471552258,2.1521915847553745,2314500.960631995,104058.2733874191,53725.32073453712,52975.93664136246,93123.88927319762,0.0,396586.38827176986,303462.49899857223,105194.88500543221,42919.513082216334,0.0,94387.56040868121,12070.995732234736,0.7550247035244088,1.3138861969505404,0.3080357063076652,0.020068695767939237,False,True,False,0,1.0,527199.2702501044
130/30,1.6,72,79,672972.9638515995,-0.03883098585193412,1547266.7061866198,277.8499088852572,0.0,-721691.8250408662,309583.06474588177,-0.0,37784.25772051739,0.021761707411725263,-0.7312337735854186,2.63230149401406,481074.1405064827,21630.108773396365,11296.750628074371,13780.055680606383,19581.03442199557,0.0,81805.30853991033,62224.274117914756,20012.86122137432,8165.247378320723,0.0,19469.663432498655,431.8267993788495,0.7546272791251655,1.309147994484298,0.3161014003139767,0.028018924822790003,False,True,False,0,1.0,54349.369576078534
130/30,1.6,73,80,1782902.90341508,0.059528807484009016,2580008.6965736416,1212.9848638355818,0.0,230000.83350227127,142137.989738928,-0.0,186013.84705552604,0.01867892629441909,-0.31164703261144144,2.2445377566992053,1380335.9204694568,62057.4442280846,32196.18263556526,33299.73565070117,55806.71656831314,0.0,235747.72280512482,179941.0062368117,59247.76344530213,24173.087485683267,0.0,56107.95802761971,3441.046876989072,0.7547700425074007,1.3117862193540433,0.3095856852097863,0.01825153132264634,False,True,False,0,1.0,294023.2228073208
130/30,1.6,74,81,828437.2401823082,-0.01864540271993853,1928603.2235723867,247.89242208330936,0.0,-570826.3975318053,272868.8265487792,-0.0,67878.27303621266,0.02252595902690601,-0.5816122338125826,2.4220642793322162,807493.298112896,36304.49374861256,18916.28681731522,20873.36792953228,32788.23048334638,0.0,137261.25403273792,104473.02354939154,33411.65209720831,13631.954055660986,0.0,32668.17845979163,623.4216138618974,0.754944731597082,1.3087273610323078,0.31452663935587033,0.01841487563238242,False,True,False,0,1.0,108606.7951461105
130/30,1.6,75,82,1715334.249094009,0.05544322364850096,2309835.9144492974,483.6878583006025,0.0,310527.6301317059,128346.90971630478,-0.0,158272.30902773718,0.028567036372636422,-0.4539810972934457,2.2367707348737036,1230553.0254728128,55325.066770110265,28573.76576565568,29767.227445502536,49527.86066046984,0.0,210345.79089850665,160817.9302380368,54638.41848627383,22292.474742399718,0.0,50062.29823384459,5110.557825804009,0.755374676990109,1.312128414626236,0.3099786298647135,0.019410817860309626,False,True,False,0,1.0,315768.99230222293
130/30,1.6,76,83,4280701.130355457,0.15651558796571985,4001197.8270971705,1760.3016936960078,0.0,2299726.2377662486,34096.55946247118,-0.0,555182.0886164353,0.02451746310056649,-0.14442374924110313,2.029933044335445,2626566.2313317456,118092.92005505218,60645.818021450454,58095.26989965982,105119.41790384747,0.0,451843.3766374916,346723.9587336441,128622.34280971356,52477.915866363124,0.0,107538.723639723,23502.924905865864,0.7549240144667348,1.3173767844323796,0.3055875049272627,0.026896560334068287,False,True,False,0,1.0,1113692.4349184558
130/30,1.6,77,84,1324676.5875999143,0.02851584351715375,3036090.8605952077,7910.451289304933,0.0,34379.73299040762,157857.6485682162,-0.0,53915.588944671596,0.02767985101775776,-0.4549172541638534,2.335771667504596,1432759.3330284092,64416.58813548622,33345.14703753812,35226.855085635005,57798.25486506607,0.0,244763.34179524754,186965.08693018148,62351.75268697589,25439.51509628616,0.0,58253.67534726891,4553.497821909827,0.7552527190171793,1.3119652343321548,0.3105337531319635,0.019783376400305475,False,True,False,0,1.0,157701.62139868631
130/30,1.6,78,85,3147630.56024314,0.12149766917912186,3111742.2408560337,4035.547112312596,0.0,1501678.55995063,47900.285536689604,-0.0,388049.91537302895,0.021776126749935825,-0.13815870184377976,2.1262235803641634,2030754.0174127123,91304.79056588054,46669.4828535334,46871.35714728039,80893.77027945791,0.0,348494.29374225053,267600.5234627926,96994.78937517056,39573.87406506959,0.0,82941.64191065563,16101.01909571262,0.7554299055456651,1.3167024099445308,0.3064296921565292,0.02303579363695074,False,True,False,0,1.0,768556.3744611599
130/30,1.6,79,86,2999466.4588772687,0.11610332252473388,3509718.461188077,806.8628832507094,0.0,1502668.2503623264,82188.23247593714,-0.0,237330.03123103664,0.02928448517124862,-0.20647378364936442,2.070413557537642,2119585.680712824,95298.11668115178,48886.896612044504,47240.66319171117,84737.28746087714,0.0,364170.3181849202,279433.030724043,102110.93699434618,41661.262293693246,0.0,86672.535728011,17373.6495334695,0.7553717924141391,1.314615941272307,0.30595819221583775,0.025494031984783838,False,True,False,0,1.0,624611.1196741122
130/30,1.6,80,87,2178097.7263844544,0.08095530230001846,2814748.454717112,791.903597635958,0.0,772224.4325982204,81431.41172739863,-0.0,169952.3068207932,0.027181564235082924,-0.1886068980187532,2.1856858065264695,1653602.7425150357,74346.99060316925,38326.34234581494,38783.74545254434,66432.3267327459,0.0,283795.00904898625,217362.68231624033,77083.28454288305,31449.980093496277,0.0,67543.21215365871,10650.957810137072,0.7550522422109546,1.3154750734036624,0.30745120793813685,0.022299256235981613,False,True,False,0,1.0,375194.93049959233
130/30,1.6,81,88,1560064.1221370783,0.04547642690523679,2447200.9904167205,6532.58614479641,0.0,112110.90344071765,142887.46267218792,-0.0,159083.86968528316,0.02473423463503008,-0.3111301507985078,2.263950455956291,1301551.8525831823,58514.896036378894,30356.03886487993,31580.653734284522,52617.13403245855,0.0,221986.33838943572,169369.2043569772,54815.73228550587,22364.818772486393,0.0,52832.748536685685,2198.5982530471515,0.7543064956688178,1.3118792804360273,0.3114492193381018,0.012789931908936625,False,True,False,0,1.0,267300.4401873528
130/30,1.6,82,89,1563379.445506883,0.045698391002605865,2062508.5172262504,631.7840937827245,0.0,116302.22835390472,173854.98375134368,-0.0,139789.640685982,0.028832254463849807,-0.24160823639466755,2.2013572667044556,1104251.733781835,49646.16882415372,25615.156162241874,26347.807222508327,44399.60401455259,0.0,188799.04200102543,144399.43798647285,49087.68364911169,20027.77492883757,0.0,44934.17199624405,4688.079634559158,0.7548877622838818,1.312784456304294,0.30999641143163686,0.01830535216015683,False,True,False,0,1.0,269462.45634353784
130/30,1.6,83,90,886989.5829706967,-0.011920584185522443,1900335.0423080297,192.66011351435796,0.0,-477751.59023201274,247709.04843033862,-0.0,58590.1139836977,0.02196976455959673,-0.4687329090173641,2.441102657747702,838925.3987709539,37717.69357713715,19691.29979103285,21845.688999723196,34131.58630445693,0.0,142978.04540264173,108846.4590981848,34912.80622341089,14244.42493915164,0.0,34028.77480582874,781.2199189539828,0.7551382522278207,1.3097916673853565,0.3124457610399505,0.01527434229471858,False,True,False,0,1.0,93013.64355674424
130/30,1.6,84,91,1431853.829880133,0.036549075320345015,2358863.1273288215,3519.1144837306665,0.0,-19239.995509620974,146631.7903052633,-0.0,128932.289431576,0.024054898220503825,-0.3922345669902674,2.284972669993644,1181734.6270255398,53129.144666589316,27493.578183502592,28951.002908782735,47655.53551807116,0.0,201444.45714560745,153788.9216275363,50340.710316151686,20539.00980898989,0.0,47943.78080065457,2685.174798080577,0.7555379731420871,1.3106910706457608,0.31098952316035844,0.017927538637124485,False,True,False,0,1.0,191341.91295641137
130/30,1.6,85,92,1989244.3525529592,0.07119568203794135,2935162.145566502,682.3970435100979,0.0,617988.0045940488,126072.0,-0.0,166970.3296722311,0.02582266480214285,-0.27765846847060593,2.1945418204532663,1706692.3861096543,76731.86180348831,39351.72049900051,39907.72976545051,68209.64886493422,0.0,291849.23770917545,223639.58884424123,76715.51373935751,31299.929605657868,0.0,69460.11857478377,8505.864874423462,0.7551910001986275,1.3129284466448705,0.30806921070262044,0.019822040515746986,False,True,False,0,1.0,411752.3564675204
130/30,1.6,86,93,1283711.7546190277,0.025290071345838827,2673495.0307183047,553.849819250345,0.0,-51591.01590633334,170882.55597273516,-0.0,45860.73605616923,0.02851896029070507,-0.32674715373976015,2.306990857589751,1316934.697183509,59208.98680298426,30588.603105691735,32093.96682931836,53020.24538319902,0.0,224705.4323383505,171685.1869551515,57348.88356643261,23398.344495104502,0.0,53479.8928965274,4328.638183233561,0.7552295273315869,1.3101943349770349,0.31016405544791475,0.013830206128623956,False,True,False,0,1.0,159526.07847681706
130/30,1.6,87,94,1859985.1735353786,0.06402283445974888,2001523.636454469,4024.390928028633,0.0,132034.1554700419,173154.1264854956,-0.0,240362.61835160764,0.028561268796290045,-0.31026237825206826,2.285992085680093,1031517.2394820505,46376.234220099184,24047.02256005684,26002.657166891684,41681.505770765194,0.0,176245.73129442474,134564.22552365955,44871.799530091295,18307.694208277248,0.0,41946.48404807309,3190.2937593260517,0.7548581389825774,1.3118526829677069,0.310105390354171,0.022877242060655334,False,True,False,0,1.0,378179.0169555225
130/30,1.6,88,95,1922280.7813073848,0.06753391787056673,2469107.216827152,763.5250408502427,0.0,338040.05211829615,95400.05460590326,-0.0,213956.96620691643,0.029778002636438552,-0.24863681952238748,2.2481916013912366,1358220.1641545962,61063.72735972596,31689.66410658415,33022.82256628625,54928.751118079206,0.0,232320.46616713147,177391.71504905226,59093.88105891927,24110.303472039057,0.0,55292.27094777728,4165.129940840191,0.7554513501941497,1.3127051263810388,0.30864365216615075,0.01527611905212245,False,True,False,0,1.0,315391.6903129645
130/30,1.6,89,96,1420094.7242630403,0.035694646531168495,2101817.8632440562,205.31041859270314,0.0,-21326.632356308764,158699.36890801493,-0.0,149753.90513530755,0.023086394559754756,-0.21035075078616716,2.314501086762331,1078855.1187755815,48504.256153208284,25022.27013961646,26926.52928810664,43371.93490866854,0.0,184071.94516220345,140700.0102535349,46264.91280483506,18876.0844243727,0.0,43809.12294860442,2892.9778961665475,0.755416319421108,1.3119894531664982,0.3099350298673819,0.0204325372657852,False,True,False,0,1.0,235470.52523962464
130/30,1.6,90,97,1362827.0684385016,0.03144025041029597,1800314.6230460692,499.93888265486436,0.0,-51011.49805086784,185388.44397322406,-0.0,123712.02776312635,0.030715461980078004,-0.4085759292052825,2.3441999188323215,915930.9404432902,41180.02215664144,21335.470081580686,23331.40297122121,36981.48147473986,0.0,156469.98070807572,119488.49923333585,39709.7576126549,16201.5811059632,0.0,37239.85540852202,2728.2761379149797,0.7552817006320875,1.3108555440469574,0.3100584571911078,0.017206092298114317,False,True,False,0,1.0,224091.68842219055
130/30,1.6,91,98,1962914.6166084898,0.06976932572411254,2110615.079961801,748.1508002797724,0.0,405449.27347982203,160474.98268945873,-0.0,214086.4773406394,0.026065587597071678,-0.2504543632122612,2.242810674665612,1162707.5972560805,52275.17177077917,27004.72606721831,28554.110100988597,46808.191849845076,0.0,199086.27343114692,152278.08158130184,52244.50704724768,21315.758875277053,0.0,47382.53307661297,5436.315197402696,0.7553664669962931,1.3127444224202605,0.3084534592507139,0.017791971513098526,False,True,False,0,1.0,404926.1277430577
130/30,1.6,92,99,2198463.241473287,0.08196178285900713,2650164.4506264855,5289.450180049599,0.0,667397.363002968,79052.29287848902,-0.0,240061.3814458194,0.0210196610108656,-0.2579602783702466,2.1627709074544854,1543385.780415521,69388.70384908942,35913.968611998804,36146.39916619558,62250.8789274646,0.0,264262.6445060627,202011.76557859808,68996.72263278656,28150.66283417692,0.0,62894.5093924429,6745.843705322337,0.7543219363248524,1.3143976858435324,0.30944773452492247,0.02652153215340003,False,True,False,0,1.0,422870.7821296471
130/30,1.6,93,100,3501629.409454584,0.1335143384198414,3013951.552845904,2357.386893205157,0.0,1677512.1584228976,95437.85709356869,-0.0,464056.17426414066,0.03469338455540479,-0.21216046898324248,2.0385499187396205,2007387.9089919678,90252.82710759497,46447.01295838412,44966.807003319154,80508.15579453247,0.0,345022.85179360904,264514.6959990766,96620.25421246828,39421.06371868705,0.0,82115.43872687893,16112.09841793549,0.7550440152514278,1.3160917297337424,0.30750697421083717,0.02473165861343829,False,True,False,0,1.0,951362.2073600909
130/30,1.6,94,101,1390919.4659172234,0.03354692334299503,2823932.950547315,599.0309140404725,0.0,50917.01679784355,150652.88606001885,-0.0,76284.75430157609,0.020150651150513878,-0.3375735231655611,2.277120073221073,1450970.9112683863,65235.12265605676,33708.19831704636,34884.964738246235,58427.543749547025,0.0,248009.524284887,189581.98053533997,63965.09697192117,26097.759564543838,0.0,59026.266779803096,5537.553222374018,0.7549704152062862,1.3136734877896,0.3102090743900989,0.01912183791098898,False,True,False,0,1.0,156428.96300979902
130/30,1.6,95,102,947014.9205017779,-0.005429251089990261,2367951.5279911985,310.607478037813,0.0,-448507.4302906673,243321.80443001247,-0.0,79571.51902579132,0.01940502324875766,-0.5549119489492439,2.3917343169667236,997838.5544389948,44863.40660293884,23189.933564822783,25291.789611334054,40195.88484569281,0.0,170058.92567352246,129863.04082782965,43181.407868273,17618.014410255382,0.0,40474.02431029834,2985.5230225802416,0.7541204275184896,1.3117940635136462,0.31242770863536756,0.02292046658019209,False,True,False,0,1.0,101869.59771349514
130/30,1.6,96,103,1928276.5576247869,0.06786642539931353,2472538.358935684,1087.4439540148448,0.0,475449.09280421224,105248.34101418342,-0.0,176921.00438869608,0.025439430148121955,-0.23228932443260397,2.2732766431666236,1418303.050669539,63766.56124163201,32716.165583831054,34676.00165808734,56708.02034530715,0.0,242327.46314566504,185619.44280035788,62868.52789801087,25650.359382388437,0.0,57673.93622866826,6160.50755270356,0.7558489963879137,1.3120094868958303,0.30779567048706813,0.018889499318628156,False,True,False,0,1.0,347336.74791885144
130/30,1.6,97,104,885188.3681730174,-0.01212141762874086,1989313.1196843383,452.46036390423615,0.0,-502314.02657543885,257140.04198588885,-0.0,61458.757273321884,0.020768875572795917,-0.594638814449044,2.443144345446004,826638.5220395686,37165.648714419374,19468.24877732253,21559.17271686835,33744.96454735906,0.0,140954.933368779,107209.96882141993,34716.37258080642,14164.280012969017,0.0,33547.2741417694,971.408033447515,0.7549132047338247,1.3088138726064067,0.313123470956138,0.018021231946994787,False,True,False,0,1.0,108817.95999850023
130/30,1.6,98,105,1880910.3598861573,0.06521386303377796,1987120.7711663526,1478.8601389558792,0.0,343120.0464779978,187395.71380437288,-0.0,193039.37964979574,0.02793328811560591,-0.37801778936976993,2.197182810678315,1030163.3410161964,46315.95653944815,23879.664919675386,25003.281631597496,41391.41919410402,0.0,176335.47509460806,134944.05590050406,46710.78731304254,19058.00122372136,0.0,41967.84307251672,5319.368118938539,0.7546736742366525,1.3135885746980915,0.31042856532652563,0.022074905363948627,False,True,False,0,1.0,396446.6527684339
130/30,1.6,99,106,1852290.4006754602,0.06358182577165628,2429696.6446160944,916.8921219978191,0.0,405058.5247440251,93525.93356066238,-0.0,178868.1286206852,0.019937165550149703,-0.128640303056609,2.2770404058935814,1402817.2363880046,63069.09293668653,32544.34075220274,34345.16683365802,56410.19063715141,0.0,239641.69785075335,183231.50721360193,60812.037069677266,24811.31112442832,0.0,57034.72408847928,4401.8464325261,0.7550539960445509,1.3133361985995058,0.30948325105146635,0.015062087938580548,False,True,False,0,1.0,298714.01889045694
130/30,1.6,100,107,1870175.4939069515,0.06460434952874494,2958069.8487751554,1058.2114189877707,0.0,514251.2831221469,80623.0577775254,-0.0,139922.88413067453,0.020664971341476348,-0.20358431749082884,2.2147633883938056,1693303.919502984,76130.27932786848,39168.377065856315,39847.574232833154,67891.85358081761,0.0,289855.98312518204,221964.12954436443,76257.27389850144,31112.967750588585,0.0,68985.72398379333,8365.420317683662,0.7548933517954622,1.314599370688948,0.30775040849301866,0.020551006831647012,False,True,False,0,1.0,264355.34796033835
130/30,1.6,101,108,962542.9568610166,-0.0038103803381250856,1885303.683476588,428.7550002133849,0.0,-389343.88205424376,223203.80133786093,-0.0,61994.43667381088,0.020370016428176353,-0.33752905806413847,2.513942081272298,799254.1182945255,35934.71639981263,18669.14746998366,21540.61647475816,32359.855614638353,0.0,136263.527892351,103903.67227771266,33372.279792210764,13615.89015522199,0.0,32430.71963837954,1012.4241775724968,0.7541824669042948,1.309985712020627,0.3106869680436695,0.011100954986489775,False,True,False,0,1.0,96319.58768044342
130/30,1.6,102,109,2117751.3660377343,0.07792240021459618,3647667.968164796,1336.1153367751554,0.0,802536.447034237,110125.49868621692,-0.0,137649.67809419832,0.02412216656702769,-0.3026224809368887,2.1177924588281067,2026132.21822818,91094.64109013845,46962.61685380232,45426.1528137358,81401.86921325733,0.0,347605.8232712085,266203.95405795117,94364.86322182928,38500.86419450635,0.0,82730.18593854766,12962.994008572097,0.7544614305113603,1.3159009616030546,0.30877652675206846,0.024990365395768155,False,True,False,0,1.0,426585.2509138872
130/30,1.6,103,110,1670806.4407245733,0.05267089174805073,2499937.990650294,1498.877632749732,0.0,315325.4299153486,123970.97305799228,-0.0,95051.30698391376,0.03002353476425684,-0.2443879196998222,2.253135466177112,1374947.1668548346,61818.79035922667,31893.79315512976,33084.715345772944,55282.5748022249,0.0,235770.42472467994,180487.84992245503,63227.61962749943,25796.868808019768,0.0,56113.36108447383,7945.044825274549,0.7550751393241534,1.314295586797972,0.3083252622933855,0.01756569018644849,False,True,False,0,1.0,257093.30778049421
130/30,1.6,104,111,3338960.83091028,0.12813515370283524,2598757.9560437337,4983.060892782759,0.0,1256292.76440247,122317.3053929107,-0.0,477339.6064812251,0.0262980897619758,-0.19023020315257566,2.095523613766697,1512397.0930912588,67999.45562115831,34928.701584177696,35625.03151006289,60543.08274590804,0.0,259996.7296845149,199453.64693860686,73452.76274990581,29968.727201961574,0.0,61879.221664914534,12909.6800039977,0.7545089344733918,1.3164052837880316,0.30700471642616456,0.02638763918538012,False,True,False,0,1.0,851847.6459920192
130/30,1.6,105,112,1227003.0018696703,0.02066814934565886,2672810.5225732084,530.0361684691288,0.0,-130050.57586414061,187351.76584116186,-0.0,101573.53612303529,0.02108234533212681,-0.38959998018090647,2.3836404329646883,1288315.3180369423,57922.185448490665,29874.64781828818,32443.372631775568,51782.722885032854,0.0,219561.6592039595,167778.93631892666,54830.36495973952,22370.78890357372,0.0,52255.67489054238,3047.6420747063057,0.7551918796095246,1.3106838957935658,0.309886023242845,0.019722938022462833,False,True,False,0,1.0,180594.52498949616
130/30,1.6,106,113,1726191.2830415354,0.05610936060338778,2607121.8953820257,1191.1900047875965,0.0,330874.31852244353,111421.89179089246,-0.0,153755.16083027906,0.025455811850931064,-0.2865339217222631,2.2772218141000122,1428133.380318293,64208.611579826225,33280.046306386714,34788.56576781926,57685.41359773697,0.0,244528.01776787214,186842.60417013516,63503.786568879405,25909.544920102795,0.0,58197.668228753566,5818.37297114238,0.7551362380711597,1.3140384491234645,0.30877145531130035,0.01519332905507742,False,True,False,0,1.0,301852.0786952996
130/30,1.6,107,114,2337515.746253414,0.08861785844915393,2429803.3990651392,2370.5353888831087,0.0,749524.695305617,124295.27647481469,-0.0,251094.49363703578,0.028951292219675,-0.3347750382519058,2.1052671244232974,1419046.5040891555,63800.43916420771,32919.299903444895,32719.094159618584,57060.11983263781,0.0,243672.52872725678,186612.40889461897,66719.38585828614,27221.509430180744,0.0,57994.06183708711,9659.266025648505,0.7540571917596822,1.3159938533901077,0.3077322971375633,0.019563218045572484,False,True,False,0,1.0,487818.20950747444
130/30,1.6,108,115,1598288.1424722774,0.0480101956788932,2228624.566571958,556.4572351300442,0.0,126366.51349205183,145305.5159755561,-0.0,146951.54390019525,0.02631456625363398,-0.2874150965659601,2.252961481100402,1142470.5653542648,51365.08171356285,26662.923173429666,27820.222319695844,46215.73350061144,0.0,195581.33089470473,149365.5973940933,50841.7021226441,20743.41446603879,0.0,46548.356752939726,4625.968622032769,0.7544685941291944,1.313033235291851,0.3100703164838687,0.017663142687443845,False,True,False,0,1.0,236939.46352316058
130/30,1.6,109,116,927824.2789145999,-0.007463302084233736,1933913.9644422468,1290.4666419299517,0.0,-427575.484367064,223082.83447982682,-0.0,45111.9080161206,0.023481196073341665,-0.4149575576811044,2.4816537031324204,780723.1376826537,35102.24914696983,18273.860284018236,20746.535036204623,31674.69115896494,0.0,133232.58276383727,101557.89160487233,33555.363120147915,13690.588153020348,0.0,31709.354697793267,1880.6719611829078,0.7551032222478548,1.3103976445535366,0.31194582178785535,0.016597705562764853,False,True,False,0,1.0,68693.75575372626
130/30,1.6,110,117,1485026.9014492328,0.040335532739654845,1931641.0535123772,288.73381209744434,0.0,-46112.04631047588,215066.33210475638,-0.0,152452.37880407914,0.027701951108108382,-0.3750866912815256,2.242141004356019,933257.2222374899,41958.54026942725,21765.606389596538,22903.293069699197,37727.05107530066,0.0,159307.32483558633,121580.27376028567,40849.58531196519,16666.630807281792,0.0,37915.143310869535,3122.5342366644327,0.7543606167488023,1.3113136340322047,0.3126212071443746,0.019625401725513747,False,True,False,0,1.0,275902.52301829064
130/30,1.6,111,118,1341460.4991757707,0.029811622273567595,2352275.6574968207,462.5943055949275,0.0,-53726.55162143703,192612.62072967013,-0.0,117998.52218149777,0.022488249401821963,-0.3251000451597964,2.262124462611883,1172989.1941619758,52735.954127385216,27326.182056885464,28356.16405499733,47365.38223193482,0.0,200304.1657445754,152938.7835126406,50543.456363201985,20621.730196186407,0.0,47672.39144720892,3178.0741312672085,0.7549090762156155,1.3127180304627297,0.31147777816066247,0.020193340498634305,False,True,False,0,1.0,214007.46998205688
130/30,1.6,112,119,1567961.757606956,0.046004484831077,3091643.8782368232,32310.588725197595,0.0,343719.2147630422,71677.91959117069,-0.0,30298.49537574937,0.026578943260233235,-0.24700572431113887,2.287192798269809,1640059.5056643425,73736.20119343905,38291.5355742316,39526.169581186026,66371.99499533478,0.0,280795.63486403297,214423.6398686982,64283.609376195374,26227.712625487715,7882.688969194591,66829.36109763985,5794.3033500553865,0.7550514170788928,1.3141514748304108,0.30988117922571173,0.01655829720889912,False,True,False,0,1.0,160763.1377676556
130/30,1.6,113,120,1808896.3464049734,0.06106348254942051,2932242.5614259597,551.564506804016,0.0,321513.3742646921,150899.37195940077,-0.0,181606.89431981277,0.024423048304667478,-0.479125589353241,2.2270736405745386,1564989.333145939,70361.38705472712,36203.557195249196,37185.56697139492,62752.83247176527,0.0,267673.29354632896,204920.46107456367,70136.71829995415,28615.781066381296,0.0,63706.243864026284,7383.885828189066,0.7537069146251695,1.3144116433089124,0.3090925795129936,0.0210945118235788,False,True,False,0,1.0,351802.19061391253
130/30,1.6,114,121,647095.6359604918,-0.042592451895654526,2015940.9838117776,107.7856287166932,0.0,-739115.4826040021,300432.57536990475,-0.0,38130.550242158846,0.023514477545728323,-0.6622763975217434,2.682219347169924,719558.0142093955,32352.838541244757,16895.336996466536,20393.989361607153,29285.250793875333,0.0,122183.40115876151,92898.15036488618,29393.236302666945,11992.440411488113,0.0,29079.64947578524,107.98550879163427,0.7540193586318982,1.3064490482610132,0.31541760388728585,0.026358713077219487,False,True,False,0,1.0,40316.88513659661
130/30,1.6,115,122,1663141.552015534,0.052186975098068356,2516009.096409608,468.92673208337544,0.0,270429.05678514804,142907.44078237767,-0.0,132792.3946879413,0.027716312800050755,-0.36900780635464603,2.22369696901177,1369484.7570506136,61570.81823768352,31856.545877014123,32601.04714270886,55218.01285349115,0.0,234267.45063529038,179049.43778179924,60612.824736691415,24730.03249257009,0.0,55755.65325119913,5394.811883200272,0.7545871127165548,1.312837349119879,0.3089303873106301,0.017139815933839175,False,True,False,0,1.0,272066.07795620646
130/30,1.6,116,123,861594.3109738915,-0.014786663125948118,2484514.0183917163,3923.9910946681434,0.0,-519501.42333070823,241957.41903224407,57783.33650615819,0.0,0.022365864911301783,-0.5444750375873937,2.42476785392184,1017060.0838943515,45727.653843776156,23801.304366877932,25965.54225161056,41255.59423592174,0.0,173685.60959369212,132430.01535777037,37633.670365621074,15354.537509173397,6261.69596393971,41337.17508329872,2639.772093639009,0.7540191166466073,1.3121282814950075,0.31263420072198406,0.02240032079369414,False,True,False,0,1.0,63479.32706213227
130/30,1.6,117,124,1294160.9539343652,0.0261215990459831,2120872.810689199,591.1637013940363,0.0,-113254.09095509679,163315.64160811837,-0.0,99852.07782148618,0.021043526712792453,-0.3296090757491352,2.300811759314043,1078512.2484174948,48489.54673214209,25143.97325552591,26591.81168817107,43582.88697624492,0.0,184457.6319128179,140874.74493657297,47338.95604774461,19314.294067479797,0.0,43900.916395250664,3756.069071499605,0.7553366941349686,1.3129164654110244,0.310039464207836,0.019582051377741827,False,True,False,0,1.0,154304.7036082742
130/30,1.6,118,125,2037359.7086880354,0.07375888703252365,2872279.0346648404,6169.823973021662,0.0,583097.8441072574,72470.69088819463,-0.0,151232.85194342077,0.025159433108567823,-0.2502728750905481,2.2167404777222197,1618892.2019436,72785.97561756079,37499.97788859632,38407.75448315643,64999.96167356693,0.0,277513.0692772438,212513.10760367688,74297.39268328833,30313.336214781633,0.0,66048.11048798401,9297.431009721327,0.7544735254541926,1.3154123183235538,0.3078977781774988,0.023398000381905426,False,True,False,0,1.0,292859.2520836834
130/30,1.6,119,126,980293.1678731551,-0.0019883806631214584,1668867.415672534,1446.2133018986754,0.0,-486979.89006381726,272034.1744464626,-0.0,105877.30577955607,0.02420679472613386,-0.5299262183777327,2.5571591699720195,704273.902228349,31664.9744833413,16550.340995137973,19486.22674579874,28687.257724905816,0.0,119887.3720411108,91200.11431620497,29350.5479483847,11975.023562940956,0.0,28533.19454578436,663.2902234789344,0.7546838241372994,1.3095815613187018,0.31428543291187294,0.014516804550068096,False,True,False,0,1.0,174033.09751901522
130/30,1.6,120,127,1149975.717677675,0.014072176594147612,2089390.6011542557,407.5296265699695,0.0,-215387.53636042177,172688.7094599629,-0.0,88300.09624793052,0.021904981484745376,-0.21275840729334983,2.393903699560638,1011527.2124495022,45477.1768587404,23484.746126653525,25869.025079128256,40706.89328619945,0.0,172386.6968082515,131679.80352205204,42278.49625112598,17249.6264704594,0.0,41028.03384036387,1571.602964926539,0.7550619961550626,1.3116454430477869,0.3107430190891916,0.010456907301015228,False,True,False,0,1.0,118246.68634926851
130/30,1.6,121,128,662072.9129185377,-0.04039924273940543,1564476.7375589737,686.1398712075838,0.0,-732011.8410090354,316315.68499075505,-0.0,37780.43948230243,0.02152190884630091,-0.7600132869790552,2.6663995629141843,466617.9676800834,20980.232382702285,11014.377671069837,13558.417119200634,19091.587963187725,0.0,79295.5923031322,60204.00433994448,19235.826886240386,7848.217369586077,0.0,18872.350968145467,144.23892305255438,0.7545945245966831,1.3075380960283058,0.3166540423214203,0.017814870851753817,False,True,False,0,1.0,64081.87315610054
130/30,1.6,122,129,1879300.9799200904,0.06512268408511401,2975322.8986662556,5190.6891827309,0.0,522913.2632673299,113658.80031517785,-0.0,148431.8711875216,0.02380629390428232,-0.26922649390987907,2.276439747566985,1589765.7963601626,71477.15528515447,36528.522612169436,38535.97832280528,63316.105861093696,0.0,272026.6791793169,208710.5733182232,72448.22875344785,29558.877331406722,0.0,64742.34964467742,9132.122892354246,0.7557296489723623,1.3138646281998436,0.3066936279151212,0.02123573524439326,False,True,False,0,1.0,322781.9179249123
130/30,1.6,123,130,951673.8863056293,-0.004941038636874229,1665340.5801687564,357.6652382136067,0.0,-420090.2627696968,234777.42770001554,-0.0,68728.67362728054,0.022823755817773638,-0.4598899400945635,2.4261142993770592,711579.0533763485,31992.157404758233,16734.529082389352,18699.78052801292,29006.517076141547,0.0,121256.13279566745,92249.6157195259,29576.838763236596,12067.350215400531,0.0,28858.959605368844,570.3216870949452,0.7549286804309451,1.3105235646499023,0.3141838320657951,0.020090263125856822,False,True,False,0,1.0,103694.2083790722
130/30,1.6,124,131,1598181.5900941878,0.04800320874544739,2899458.25681323,14709.283628160238,0.0,59338.2078452805,153108.36481525542,-0.0,221139.29586042097,0.024430200317498756,-0.4118607631677462,2.2885607634882783,1439078.385406563,64699.602774946354,33627.64459553825,35078.6832274298,58287.917298932945,0.0,245917.61329526882,187629.69599633588,62278.788552550424,25409.745729440572,0.0,58528.391964273986,3990.8712536175008,0.754952874648472,1.3123207897898546,0.3105643671631054,0.01943091598693858,False,True,False,0,1.0,309848.63072693837
130/30,1.6,125,132,3069465.3863304607,0.11868103108836792,4098772.5451774527,1181.3558921010267,0.0,1722379.297966571,85110.52005473303,-0.0,308428.3272540616,0.028688856701961977,-0.2580075189446922,2.1337013025240195,2379275.212176084,106975.09111547426,54685.939415292385,54313.03118255273,94788.96165317348,0.0,408328.05773385527,313539.0960806818,113861.79438845607,46455.61211049007,0.0,97182.07774065754,19072.832735283002,0.7552787598202279,1.315556144412109,0.3063277545134998,0.02327641357192478,False,True,False,0,1.0,799070.5243489277
130/30,1.6,126,133,1321887.7224053207,0.02829910282825887,2869535.1075233547,479.81517899442485,0.0,-22333.745934700128,173658.3596033745,-0.0,103003.98570205021,0.021704876024993366,-0.35899133005645456,2.3417599480393703,1431828.9675959796,64374.63255579639,33508.79332563724,35348.291015828574,58081.90843110457,0.0,244578.52873875707,186496.6203076525,61902.00688290007,25256.018808223227,0.0,58209.68983982416,3820.098451795601,0.755214516499045,1.311640564340135,0.31122871700606075,0.0211356099317066,False,True,False,0,1.0,191448.58329706284
130/30,1.6,127,134,875532.2820294597,-0.013204372697367073,1917637.928303392,742.7411105321629,0.0,-491777.4569279451,227943.65638909914,-0.0,67137.88529789055,0.02187393599393662,-0.4483058564850928,2.475094722214362,798443.6713589088,35897.55933718968,18630.00533836346,21141.91815575986,32292.00925316331,0.0,135917.7442915212,103625.73503835789,32822.72114744755,13391.670228158599,0.0,32348.42314138205,530.7118942842544,0.7551561723594329,1.308991341297459,0.31086590176004936,0.013717385196449494,False,True,False,0,1.0,93577.99155334153
130/30,1.6,128,135,2601509.2621083865,0.10032894521360647,2948714.623729299,1088.802683571516,0.0,1076907.5603927462,84048.0,-0.0,236120.75223435098,0.02488974500499766,-0.1703673255466941,2.155601645261668,1789794.5153368681,80469.81177696971,41357.13532146542,41612.47210395282,71685.70122387339,0.0,306936.3204094962,235250.6191856228,83469.49934556731,34055.55573299145,0.0,73050.84425746008,11783.798121693755,0.7554617007502458,1.3139494784870283,0.30796338734582385,0.02120074253120463,False,True,False,0,1.0,539063.3418140032
130/30,1.6,129,136,1361782.2670440995,0.031361148505502534,1817513.6077461855,385.6342402335999,0.0,-50176.096911601155,175503.10163608324,-0.0,114300.71275564184,0.025989201131103857,-0.34457837873784936,2.24942225302052,963020.8339950746,43295.6639786666,22435.15698242605,23519.352861696283,38887.605436205136,0.0,164380.91051586394,125493.3050796588,41188.97251432839,16805.10078584598,0.0,39122.65670277561,2301.367078123214,0.7547557870661052,1.3115580351623606,0.3112369548444912,0.018326472503765068,False,True,False,0,1.0,197476.67823837016
130/30,1.6,130,137,1286441.5080933573,0.025507886174816807,2647213.64898815,169.0063266170377,0.0,-38254.04582100641,142151.5388846719,-0.0,95579.59291777306,0.020199600641441526,-0.3511426438621954,2.3564860708791726,1271328.5699490015,57158.90746359393,29516.458133913864,31750.921328663557,51161.860765450714,0.0,217207.42259225645,166045.56182680573,55348.32378552844,22582.116104495602,0.0,51695.366576957014,4186.463020077837,0.7551181023992023,1.3126556077319385,0.30887966202167616,0.02387788931269741,False,True,False,0,1.0,146462.70003378493
130/30,1.6,131,138,1171588.0206241338,0.01596206525510957,1892424.190735963,5860.291564558094,0.0,-267442.63690683956,223555.08193493827,-0.0,120765.32405581145,0.02243019423849309,-0.39344578149493015,2.4096275534464326,873628.202182607,39277.703289658806,20480.83425484904,22754.12453518751,35500.112708405,0.0,148947.0725242032,113446.95981579818,36523.297053228736,14901.505197717326,0.0,35449.40326076035,1023.18434482371,0.7553560532923865,1.3106142614082656,0.312187854988726,0.015080738746157785,False,True,False,0,1.0,204656.70978834876
130/30,1.6,132,139,2521723.4686124087,0.0969068435282141,3090729.6082539763,1012.0175986529134,0.0,1040879.8882921087,71142.40101298006,-0.0,230635.67377800267,0.026411580483534862,-0.227704182103737,2.1989714788184345,1818008.9289222793,81737.10157758462,41781.3659978056,42988.37672914877,72421.03439619638,0.0,310828.37573275046,238407.3413365541,82176.65573425507,33528.07553957607,0.0,73977.15342439461,9755.621338059005,0.7550246662395108,1.3138500973666107,0.3075635998714755,0.022486528973480135,False,True,False,0,1.0,504106.2463346847
130/30,1.6,133,140,2360865.2249347614,0.08970042308445358,3104529.7083596373,771.42238101968,0.0,908149.5852644136,88931.798201523,-0.0,232006.0349698303,0.026624484425212258,-0.224324932399527,2.1343448041266253,1883879.9877212185,84697.32455793988,43585.4609606769,43068.60496292623,75548.13233183997,0.0,322504.45444227406,246956.3221104341,85324.38360979468,34812.34851279623,0.0,76756.0601572612,9776.251277954563,0.7550765763581296,1.3139552149558162,0.3077529551980746,0.02172015719083009,False,True,False,0,1.0,505102.3031483805
130/30,1.6,134,141,1160856.225842399,0.015027581337792029,2100640.148279115,628.7890646708643,0.0,-238930.38217263794,187768.98001731213,-0.0,97176.28955211866,0.024544347955293734,-0.42343238679679973,2.34599516225686,983792.3878105187,44230.362394615164,22751.250336713245,24745.209440091134,39435.50058363628,0.0,167664.40852779846,128228.90794416217,41785.24565340582,17048.380226589576,0.0,39904.129229616025,2349.7450697694676,0.7552236740923656,1.3121115691272287,0.31052216219010037,0.016695029539190553,False,True,False,0,1.0,141606.84151503313
130/30,1.6,135,142,2337125.587886162,0.08859968679524854,2306437.799275632,8306.900231442416,0.0,766814.9085754021,136744.81749626042,-0.0,259047.11531281605,0.027237489586079928,-0.23967095793392135,2.1671926197081777,1378232.5999345516,61964.73285479039,31815.164348157687,32739.664064619923,55146.28487013999,0.0,235976.9074607212,180830.62259058122,62786.59527897995,25616.930873823814,0.0,56162.50397565165,7640.310408839865,0.7545695048633559,1.3144119763043969,0.3082071028234852,0.01952102222948371,False,True,False,0,1.0,540580.2329721639
130/30,1.6,136,143,2295657.4782222877,0.08665256380959985,2356893.5725818775,960.5138859444073,0.0,708200.4443196419,174470.4997584454,-0.0,259262.67504346458,0.03220284684747121,-0.3937022674815156,2.2475593511346927,1280384.5896038923,57568.927837331124,29509.086495297895,31539.026622606954,51149.083258516344,0.0,219547.78507650513,168398.70181798877,60689.08286395792,24761.14580849483,0.0,52252.372848208215,9539.999605441682,0.755407135049903,1.312847119215585,0.3078083286713242,0.02752406689902509,False,True,False,0,1.0,537126.6762011875
130/30,1.6,137,144,1081189.1209979178,0.007836694742196393,2531330.6219471185,5299.655246398784,0.0,-227257.57553145778,168410.5709651835,8688.672259576953,0.0,0.0351843731206778,-0.40653017431503,2.442451308596407,1179558.0419586408,53032.98192810818,27423.697241794413,30355.704283771058,47534.40855244365,0.0,201128.86383050302,153594.45527805935,44919.53822375386,18327.17159529157,5049.217800340763,47868.66959165972,2434.3474716511096,0.7550569112318746,1.310470262048549,0.31055173720702683,0.01630723496501485,False,True,False,0,1.0,91278.56690815155
130/30,1.6,138,145,2086697.4055475697,0.07633124485563703,2737247.346326308,11658.30215307717,0.0,443601.3389762489,119192.75117646428,-0.0,301582.2169347423,0.024069722693083342,-0.2501714813593844,2.231207178010197,1482570.47673029,66655.18161136565,34416.05372078567,35789.85982138665,59654.49311602849,0.0,253667.21532628353,194012.72221025504,65748.01310058242,26825.18934503763,0.0,60372.79724765549,6093.519984554305,0.7544479326150989,1.3134832549675612,0.3077208915853363,0.022062376371770887,False,True,False,0,1.0,488939.8047383447
130/30,1.6,139,146,728392.9888915771,-0.03119454458438109,1964703.0374758756,1832.600556966136,0.0,-622572.0269526308,246396.49523045978,-0.0,28937.446812666516,0.023799833465277233,-0.5509700946713303,2.656742640926037,780448.3586671951,35090.53639188007,18526.64654578334,21926.213208632005,32112.854012691125,0.0,132845.22666298013,100732.372650289,32147.096595798204,13116.015411085666,0.0,31617.163945789252,34.2425831071518,0.7545431879585824,1.307658272725464,0.3159733941137266,0.02375932497681088,False,True,False,0,1.0,19168.328665449677
130/30,1.6,140,147,1798822.224649996,0.06047106792663781,2477762.3271142687,870.8146079568786,0.0,372807.2611721782,133356.43891354118,-0.0,167423.50046981266,0.0241060862774658,-0.3592385744042539,2.224191195809545,1422833.9870166553,63969.725510094555,33251.89536450276,33960.493524107456,57636.61863180476,0.0,243717.87092777516,186081.2522959704,63468.45231194628,25895.12854327408,0.0,58004.85328081049,5831.833680141454,0.7540972987977039,1.314289303328543,0.3099355681770228,0.015118284624855427,False,True,False,0,1.0,321484.0144433873
130/30,1.6,141,148,1552217.340514873,0.04494938108954738,2688979.9177168985,2129.141928900615,0.0,167684.940432155,129952.86234769717,-0.0,144537.84219297353,0.027001855443744976,-0.28857789269429857,2.3009009598700136,1480091.5303925145,66544.09938094525,34543.648792259344,36118.64546634869,59875.65790658286,0.0,252960.3618696761,193084.70396309323,64466.51860637178,26302.339591399683,0.0,60204.56612498291,4590.860699789146,0.7550157327190538,1.3128036835695047,0.3106579506363053,0.02268792249805962,False,True,False,0,1.0,248429.71561499784
130/30,1.6,142,149,3757535.2420195765,0.14153782443891116,3516665.099501576,1207.8121161133236,0.0,2192535.5296079805,19927.415824265292,-0.0,357513.60757325316,0.028406982592715707,-0.16341020752175295,2.083791405957803,2421657.800872323,108880.38455585692,55672.84578813714,54638.73489985515,96499.59936610439,0.0,415971.7228997344,319472.12353363,117208.21017710958,47820.949752260705,0.0,99001.2700501368,20708.61081100515,0.7549758721022052,1.3160158162562436,0.3059776486850234,0.021110832215019748,False,True,False,0,1.0,905162.9164868506
130/30,1.6,143,150,1144474.1545474469,0.013585989874226323,2136111.923489583,625.6273853612628,0.0,-214063.78778169147,199390.0958515466,-0.0,93010.5152112446,0.02472526619511789,-0.4002499525196169,2.336030968212639,1027112.6397820503,46178.26089261026,23963.783951360165,25639.354404584126,41537.225515690945,0.0,175111.98570086778,133574.76018517683,43813.695884721354,17875.987920966312,0.0,41676.652596806525,2276.470369030394,0.754602670401024,1.3118567897755784,0.3128329513699167,0.017671934324885452,False,True,False,0,1.0,160087.980038966
130/30,1.6,144,151,1593072.9179838207,0.047667726110506514,1980587.4505635807,830.2812569263739,0.0,148526.7549116615,166283.26568100732,-0.0,155827.18184100266,0.023447817205854135,-0.2946284871609609,2.3229844810283935,1048769.660270705,47152.10221364417,24345.210977533192,26476.628012870402,42198.365694390865,0.0,179145.02344762135,136946.65775323048,45478.2884399023,18555.14168348014,0.0,42636.515580533895,3279.92274551136,0.7551316097075123,1.3125447821011555,0.31021015523820406,0.013688288744245991,False,True,False,0,1.0,280777.2224671169
130/30,1.6,145,152,1912735.7771294205,0.06700265022674134,2026955.3788279209,778.1234623080552,0.0,293656.2788668992,180146.38470992874,-0.0,232853.93907659466,0.023043303251908214,-0.36824607920988806,2.191723901152547,1152311.3842980477,51806.623228740886,26641.476506139807,27690.496316322293,46178.559277308996,0.0,196771.05555551784,150592.49627820886,50943.85875416257,20785.094371698324,0.0,46831.511222213245,4765.299476853514,0.754914283406281,1.3117477564924453,0.31001020822155045,0.022098814902004715,False,True,False,0,1.0,425125.1097531299
130/30,1.6,146,153,895986.7609360544,-0.010922871633905262,2533981.8504033107,337.6682337635178,0.0,-471887.2177933044,202282.21041424232,-0.0,43245.543211890676,0.019803553008207592,-0.5922314575749159,2.4608733216720844,1057059.3663925808,47526.04205115625,24816.493707641865,27378.24909510175,43015.25575991255,0.0,180062.17210605807,137046.91634614553,44702.800841126285,18238.742743179522,0.0,42854.79696124182,1687.545081213792,0.7544582364680061,1.3101110876308488,0.31494228345739517,0.022726629029790946,False,True,False,0,1.0,46451.52072213679
130/30,1.6,147,154,1611722.5426449657,0.04888778557487994,2245635.0575104314,566.4010476377964,0.0,175170.03818074445,135235.87343843566,-0.0,144233.81609886466,0.023170720228927,-0.19914014319836149,2.277507900098064,1235243.3151003548,55534.58814295959,28826.326852523838,30274.5353818172,49965.63321104132,0.0,211054.43116666327,161088.79795562197,52906.49736755977,21585.850925964387,0.0,50230.95461766585,2940.8641565184644,0.754970947943712,1.3118340523241496,0.30962030545813607,0.012154817893470726,False,True,False,0,1.0,253978.42613577496
130/30,1.6,148,155,1175716.882536073,0.01631953984947465,2680935.0646749684,450.78469667810106,0.0,-145152.35464515619,136165.7219775869,-0.0,84931.86506813702,0.021214868342013794,-0.3950289260212966,2.3394567399507844,1266674.7107680305,56948.490321996906,29356.040365089528,31318.342746710674,50883.80329948851,0.0,215664.3259323213,164780.5226328328,53618.34384917402,21876.284290462998,0.0,51328.109571892484,2734.5405496852823,0.7555653800780958,1.3105540363676595,0.31116681658557743,0.018071331728866102,False,True,False,0,1.0,119634.56117801525
130/30,1.6,149,156,1646572.4812512784,0.05113400308878169,2553363.5402597254,1077.3738247960923,0.0,170641.99077847338,159634.85123008647,-0.0,212857.17295753153,0.025491611663049297,-0.38358987931287014,2.248470168666461,1332456.437534336,59905.897070326035,30779.51493576128,32155.797864658856,53351.1592219862,0.0,227478.66368112128,174127.5044591351,58262.149527409216,23770.95700718296,0.0,54139.92195610687,4910.9903054229635,0.755570325414152,1.3122077623562771,0.30840010751231295,0.014191076067690656,False,True,False,0,1.0,349400.2915227402
130/30,1.6,150,157,992126.2181883454,-0.0007901820130482573,2066091.9412471224,446.5919071129269,0.0,-391721.7184378479,244406.90651344197,-0.0,66693.54185414544,0.027468482663333373,-0.5817979256995348,2.462755956080947,867238.6346770659,38991.15824348405,20136.636794480077,22809.369605671334,34903.50377709882,0.0,147539.4957646192,112635.99198752039,36315.67005645165,14816.793383032273,0.0,35114.39999197938,1412.166279352881,0.7543183270657914,1.310005519350049,0.31303154165471925,0.018358424256646133,False,True,False,0,1.0,117382.90373695132
130/30,1.6,151,158,1126477.713456091,0.011980770984376221,2869805.525629232,6041.732496609279,0.0,-202990.82854302364,215913.84503674472,-0.0,27934.123322428586,0.02598244134734651,-0.5400232786712235,2.2814323767562446,1305113.2617772762,58678.47503574554,30562.821372688813,31316.98026069566,52975.55704599395,0.0,223443.7615956054,170468.20454961146,32352.15427348153,13199.678943580464,26189.039533376454,53179.61525975409,5565.636760864066,0.7543440713318209,1.3130873865683423,0.31154098151895004,0.01762665939965813,False,True,False,0,1.0,132684.0962845886
130/30,1.6,152,159,1964643.8030571442,0.06986352736228008,2747276.6238667388,1200.7828387076388,0.0,531898.5419065234,78790.01628928185,-0.0,166961.4979448618,0.02907539163825303,-0.22331174219785765,2.2338688083222435,1527824.8710113298,68690.06044639049,35255.260142452404,36593.452696245615,61109.11758025084,0.0,261252.5461281304,200143.42854787956,68014.28974944146,27749.830217772116,0.0,62178.105978495005,6905.172169190565,0.7550319056323455,1.3140585289108657,0.3082706032054547,0.016756237155110654,False,True,False,0,1.0,326961.5264364203
130/30,1.6,153,160,1923831.2080151602,0.0676199892025886,3479018.731043684,877.5636286659843,0.0,503395.966666321,87916.44366519249,-0.0,134065.45333428806,0.029016852226409148,-0.39692443788507203,2.2456053144412276,1832775.4207370584,82402.6354580646,42504.12448124147,43529.331784992915,73673.81576748524,0.0,313939.6413623086,240265.82559482334,83646.22352602005,34127.65919861618,0.0,74717.63464422943,9972.407758534748,0.755136219335052,1.313115993000702,0.3077189895108452,0.020012141263254568,False,True,False,0,1.0,334778.70440550643
130/30,1.6,154,161,2038039.0614585432,0.0737946858970091,3524721.3408898576,584.3825813174919,0.0,686680.2263620464,90053.20464113398,-0.0,174680.52216641142,0.027394752205715397,-0.3780559597919937,2.244058195588204,1965465.6130220965,88367.59504453497,45576.837449974344,46622.096672746105,78999.85157995555,0.0,336313.7945665713,257313.94298661576,88612.0219376943,36153.70495057927,0.0,80042.68310684398,9612.170357738747,0.7545902284864592,1.3147116623669426,0.3095327612743971,0.02413964718336148,False,True,False,0,1.0,384585.26634969865
130/30,1.6,155,162,2559469.8840117506,0.09853779257242623,3163634.170028374,12576.690192912327,0.0,918930.4552440362,120632.0473483139,-0.0,335106.6003441586,0.022467750023455406,-0.29825279848344066,2.168266445570741,1835379.0589579768,82516.39831035266,42432.855421592205,42942.901890695786,73550.28273075979,0.0,313879.43420610344,240329.15147534365,81881.52307302196,33407.661413792965,0.0,74703.30534105263,8331.240342262303,0.7547664439149002,1.3143925809699248,0.30894502017606235,0.027590570491596855,False,True,False,0,1.0,648106.414806695
130/30,1.6,156,163,1061366.8577764875,0.005973527371865961,1803681.2054404868,244.22915108687081,0.0,-327880.29563506955,213882.1733589741,-0.0,92442.51309213779,0.02047772321679436,-0.2817971980343814,2.4611725816577583,861096.8411175117,38714.45264110442,20156.206991494615,22775.913743003282,34937.42545192399,0.0,146738.6246345945,111801.19918267052,35648.03303924296,14544.397480011126,0.0,34923.79266303349,710.6075873189855,0.7546824524350891,1.31014786907391,0.3114672304063951,0.009612557029493374,False,True,False,0,1.0,148518.39669548604
130/30,1.6,157,164,829065.5526682542,-0.018570999134875255,1791491.3055804912,354.45019004456265,0.0,-520072.54881816334,238359.1017039316,-0.0,51350.923615559725,0.02658258278597884,-0.5268630110703005,2.4459891314320874,754468.8610369102,33920.62316067756,17667.562163401428,19754.435197164315,30623.77441656247,0.0,128320.80426677752,97697.02985021504,31188.98283867412,12725.10499817904,0.0,30540.35141549305,565.2084221117115,0.7546605146077847,1.309313385578255,0.3141315223508253,0.019681066617559972,False,True,False,0,1.0,63135.149301988364
130/30,1.6,158,165,1445242.9532660719,0.03751428750594665,2275670.903898731,443.0484873431653,0.0,104511.94028409805,161199.90160342804,-0.0,119725.1752944219,0.027391546338050535,-0.330774620967497,2.3212384228204535,1183814.3249507006,53224.1466352917,27416.889144875768,29423.42811707946,47522.60785111801,0.0,202289.30665621173,154766.6988050937,51948.68458613953,21195.06331114493,0.0,48144.85498417839,4426.076735021698,0.7556719060921095,1.3124763927616576,0.30877070731674683,0.02003005514421341,False,True,False,0,1.0,246301.9608425597
130/30,1.6,159,166,1973119.3316557019,0.07032417593854601,2505875.905457284,692.2507600002958,0.0,522918.90960503055,113748.25521053601,-0.0,163278.72383970363,0.02623061030436317,-0.31087778829892976,2.1585537065238967,1441440.3826732677,64807.4298631219,33309.542187933985,33552.3783279713,57736.5397924189,0.0,247064.93178690158,189328.39199448266,66822.71077263201,27263.665995233856,0.0,58801.45376528258,9086.170980213288,0.7545900671021967,1.3137948099257892,0.30759973471740637,0.022506298449845863,False,True,False,0,1.0,341693.85257929843
130/30,1.6,160,167,1960217.0683676754,0.06962222098057946,3416802.4534592694,460.5959854342511,0.0,626086.666187091,76140.98650022509,-0.0,144287.76072145056,0.025350583719607783,-0.29541115766768333,2.129331811695173,1956631.3462882198,87966.59161631309,45450.67791313097,44094.864325466886,78781.17504942701,0.0,334838.9102648276,256057.73521540058,87030.49667968601,35508.442645311894,0.0,79691.66064302892,8249.321630259376,0.7551808943152769,1.314356267221274,0.30963267604655853,0.02418875062746051,False,True,False,0,1.0,347033.75687026244
130/30,1.6,161,168,1911250.141799846,0.06691974639999843,2898614.2953715334,5821.861171762862,0.0,359969.676637145,146525.18636737828,-0.0,236009.78853372595,0.02881675574548467,-0.44033725362691956,2.2100414679611657,1555859.0960293245,69950.02908874168,36118.258187988504,36854.60822147048,62604.980859180054,0.0,266087.90277552564,203482.9219163456,69074.27755757609,28182.305243491042,0.0,63328.920860575105,6469.296698396214,0.7545994532196106,1.31434454939278,0.30994444185872494,0.02276253824906349,False,True,False,0,1.0,429104.3560679684
130/30,1.6,162,169,979856.824254369,-0.0020328126011512904,1859790.573219609,336.64252328715963,0.0,-389524.9704766405,210002.84751718055,-0.0,68793.15173558434,0.024193890393219567,-0.3860349632431973,2.4152453109076344,822260.772417797,36968.13392865987,19341.905205257972,21335.86061245048,33525.96902244717,0.0,140148.35323128127,106622.3842088341,34111.29477833698,13917.408269561485,0.0,33355.308069044935,585.3257558898376,0.7547546614870505,1.3109708370216724,0.3138915361236605,0.013216853485193969,False,True,False,0,1.0,99034.21722469048
130/30,1.6,163,170,1371540.2017995955,0.03209780445253552,2893927.549572707,424.90569514170517,0.0,-32635.839615985136,150419.02682631108,-0.0,62474.97958615333,0.022469156625013628,-0.40831071592499724,2.3070065012516343,1443887.1538242088,64916.70609333701,33622.297606575696,35121.60562325811,58278.6491847312,0.0,246611.35808447594,188332.70889974473,63014.38053965495,25709.867260179217,0.0,58693.50322410527,4735.731354923932,0.7545739664747356,1.311446640281699,0.31011591688720563,0.018439457637542844,False,True,False,0,1.0,145334.344250318
130/30,1.6,164,171,2526114.0011661598,0.09709767476482178,2820056.769395459,735.6783648289221,0.0,1001725.7477687541,106620.01512065051,-0.0,272452.184573137,0.02794703617362176,-0.2505694537731926,2.150431993226207,1689252.3944792717,75951.13942692589,38979.24052600545,39357.895052282074,67564.01691174279,0.0,290113.454835174,222549.43792343122,80885.00681939756,33001.0827823142,0.0,69047.0022507714,13320.989907654828,0.7548809947728623,1.3156143736272792,0.30643824308252876,0.024266345014448465,False,True,False,0,1.0,578091.4243696086
130/30,1.6,165,172,2064975.3566188833,0.07520552488999632,2846993.9782285,688.6442037062916,0.0,724753.5448635377,28367.06321184611,-0.0,165519.31809943286,0.022413864894299976,-0.1814335774981335,2.2151159793610717,1744939.207331077,78452.0583854701,40571.605804850435,41234.483127127816,70324.11672840743,0.0,299104.69651288487,228780.57978447742,79023.32117451371,32241.515039201593,0.0,71186.91777006659,8699.204446106585,0.7548736625383605,1.314973115937773,0.3077082413117042,0.01876462694631864,False,True,False,0,1.0,324644.2027373011
130/30,1.6,166,173,1345592.1813549646,0.030128364257625995,1936989.9292911354,368.9689334427714,0.0,-85529.6236984289,191460.0074741752,-0.0,128409.64814292637,0.023535864395622177,-0.36119220771641336,2.3451585740337233,926245.1198518199,41644.004301217166,21696.54082877208,23577.335252101788,37607.33743653826,0.0,158519.78401219362,120912.44657565535,40545.24015765393,16542.457984322802,0.0,37727.708594902084,2937.9027211157445,0.7544278401339732,1.3119213290416294,0.3095711080695024,0.021231115819580815,False,True,False,0,1.0,218776.90995659446
130/30,1.6,167,174,1262809.127049077,0.02360823512737742,2280440.447595935,477.9095097062474,0.0,-84164.5824552429,184520.6595589683,-0.0,85046.79878558204,0.025240867241472162,-0.3687203348559006,2.3237319126128435,1086159.2116439908,48834.51250344248,25232.01065321458,26952.43356063041,43735.4851322386,0.0,185600.26749501366,141864.78236277506,48381.408971512676,19739.614860377173,0.0,44172.86366381325,4645.923839274107,0.7546557432848325,1.311626434307848,0.3099679403644738,0.02094598579884477,False,True,False,0,1.0,166769.90393319778
130/30,1.6,168,175,1263254.0101699007,0.023644290762279807,2149569.2844107924,2521.5964970704877,0.0,-104575.783772533,153863.57438781785,-0.0,98017.6768379086,0.022589877229111443,-0.214682565325663,2.360266216687008,1060348.9975914028,47671.99840574293,24843.4747996455,26790.752135487466,43062.022986052194,0.0,180804.386612858,137742.36362680583,44411.64457595169,18119.95098698829,0.0,43031.44401386021,1349.6215898995147,0.7549929523779131,1.3104888886432966,0.31202259974702456,0.018047558909254136,False,True,False,0,1.0,138475.71735604064
130/30,1.6,169,176,3830577.7484237016,0.1437376777490913,3932394.1551398505,2262.246752266713,0.0,2128699.069615204,6047.622483827014,-0.0,373601.3003921002,0.03295818868807399,-0.1495674830230388,2.0243855825761035,2624439.051069056,117997.22869769699,60343.43813482462,57401.65580848755,104595.29276702934,0.0,451213.55564420024,346618.2628771709,128607.58934009673,52471.896450759465,0.0,107388.82624331967,24012.296573067397,0.754873360653868,1.3175407916775952,0.30516179840938207,0.02225641433639103,False,True,False,0,1.0,879303.6250364945
130/30,1.6,170,177,1291906.8219047757,0.025942731920450823,2141422.4192270706,932.1306469435948,0.0,-65790.30164966466,153563.7904021158,-0.0,111542.77305383791,0.017481004021210726,-0.2482097541662054,2.2605551042056766,1142692.1132609867,51373.473969724946,26503.503892007986,27639.72617465854,45939.406746147186,0.0,195023.63881418217,149084.232068035,48941.140932394635,19967.985500417013,0.0,46415.62603777536,3001.734186247321,0.7555585049930872,1.312557893571452,0.3098630767036402,0.018228656555349332,False,True,False,0,1.0,170944.68415504857
130/30,1.6,171,178,1441049.4831857304,0.03721285192946744,2226514.2582132705,849.8966032191215,0.0,76977.45500244165,197264.5845002539,-0.0,122503.20852215026,0.030959049040537857,-0.36427918527606984,2.3138510659954212,1136622.8217782818,51102.06974777725,26568.343143132315,28228.735100881237,46051.794781429344,0.0,194250.54542750813,148198.75064607878,49429.50015147915,20167.236061803495,0.0,46231.62981174693,3377.705370049765,0.7552852427970974,1.3105973927568315,0.310213289830343,0.012586087138021451,False,True,False,0,1.0,268891.6572562999
130/30,1.6,172,179,1216199.2733852677,0.01976587295054899,1816677.7600023798,11415.101304315802,0.0,-213416.4498152575,194727.42967578425,-0.0,110506.69506162405,0.025114535504824523,-0.3906439118850189,2.34732156700406,834414.5561898901,37514.49275301979,19597.086961627592,21320.636124982688,33968.28406682116,0.0,142456.6715027802,108488.38743595904,35392.231818899454,14440.030582110974,0.0,33904.68781766167,1423.9477520782652,0.7551992306080832,1.3114181008921328,0.3117870025777415,0.01508983278715359,False,True,False,0,1.0,167181.7494609959
130/30,1.6,173,180,1623352.1501248032,0.04964217878573063,2294545.5141262794,522.6170307025136,0.0,234367.08461123187,127941.90736913787,-0.0,145892.38438216917,0.02790296181557515,-0.17663381048419236,2.2782423071396614,1284569.9670319445,57752.80082628749,29867.624790359714,31428.50042657222,51770.5496366235,0.0,219553.1407810076,167782.5911443841,55691.37413284891,22722.080646202357,0.0,52253.647505879795,3920.8244962254066,0.7544488762071684,1.3130893643628603,0.3092238589070081,0.016645438876875307,False,True,False,0,1.0,261207.82391163972
130/30,1.6,174,181,1462942.5087149465,0.03877795859687461,2271699.3685780484,437.7703702336681,0.0,93452.16097012896,145579.51372021527,-0.0,142836.1530272751,0.0273072972736341,-0.24415662096351853,2.307309130894611,1170772.5553967245,52636.19185813913,27114.08448073381,29021.10126379058,46997.74643327195,0.0,199331.05048533162,152333.30405205968,49391.31232848346,20151.655430021252,0.0,47440.79001550892,2393.565895211516,0.7552441189763752,1.3106652886434675,0.3112299098237724,0.014465174939438885,False,True,False,0,1.0,256385.18686756742
130/30,1.6,175,182,1974594.9074601107,0.07040419204249648,2518437.219274718,461.06170963783603,0.0,530730.102314065,100281.4940390019,-0.0,224283.23241938563,0.0274852207143451,-0.20867989964994516,2.1884740614115272,1531194.112845999,68839.58566806678,35556.03103770988,36057.51685252543,61630.45379869712,0.0,261638.93548258516,200008.48168388804,66711.8350067222,27218.428682742662,0.0,62270.066644855266,5081.381208025026,0.7551682268833115,1.3128863531502497,0.30958613469386054,0.01904350892219231,False,True,False,0,1.0,415012.9636160871
130/30,1.6,176,183,1156839.3353665797,0.014675805012222876,1800575.278363362,218.09044458821396,0.0,-258355.3662186815,216823.81792735972,-0.0,100886.49803557567,0.019052384152198766,-0.352524438489317,2.356562438328509,846252.4270236887,38047.09254750694,19819.180544732568,21596.141795321302,34353.24627753643,0.0,144447.24513047352,110093.99885293707,36179.244268174654,14761.131661415257,0.0,34378.44434105271,1825.9979906381968,0.7545244455928058,1.3107828614545531,0.3113298662224554,0.013589257483824557,False,True,False,0,1.0,170868.83674438298
130/30,1.6,177,184,1680782.8621981826,0.05329776128442276,2009561.2502044002,302.5878112216226,0.0,189826.50299246877,143871.39717093625,-0.0,180771.23267061237,0.030242162526081494,-0.2810558358909331,2.195807933893734,1093170.4918642528,49147.04016715883,25293.852863426902,26204.929629160884,43842.67829660661,0.0,186663.94523772178,142821.26694111517,47657.37960908672,19444.210880507377,0.0,44426.01896657779,3814.70131248005,0.7553997198602717,1.3126664733069096,0.31019668730196004,0.016837776207432764,False,True,False,0,1.0,312593.36391353863
130/30,1.6,178,185,1425996.8171739196,0.036124291363087924,3071504.152851215,789.0847972214244,0.0,104083.88979701191,100472.10684384126,-0.0,32435.051529578806,0.02554366176383939,-0.357940943373828,2.3356522699451716,1562352.523427929,70244.22442886054,36037.94731083956,38366.978440805266,62465.775338788575,0.0,266993.67704599333,204527.90170720476,50765.117966985876,20712.16813053024,18664.93147578081,63544.495136946396,6964.2741039782095,0.7551692785451997,1.313509002131857,0.30863528109888144,0.018958544288617762,False,True,False,0,1.0,147871.97565030342
130/30,1.6,179,186,1348035.1848116177,0.030315237626646896,2779402.817620731,18437.534802234717,0.0,47802.14309300482,120918.70188541774,-0.0,49681.71032539208,0.021201609870445413,-0.3374257521876314,2.3090836016064302,1410946.8333474256,63435.66182386503,32711.285609562805,34388.37774325964,56699.56172324221,0.0,241011.63925385644,184312.07753061422,55088.644871883764,22476.167107728576,6577.725641989215,57360.77014241782,4966.808790631053,0.7545393052255056,1.312833891588221,0.3100763363505742,0.02004442160302833,False,True,False,0,1.0,140475.3508247008
130/30,1.6,180,187,2048726.3850942939,0.07435645139431268,2514385.414982902,1029.6110019051303,0.0,559997.3892662455,106862.19862912217,-0.0,214729.34399269646,0.025052821239521603,-0.4018354159443128,2.2473548354161728,1357317.3395737645,61024.26306750591,31482.277000187496,33108.851018824666,54569.28013365833,0.0,232049.64573596616,177480.36560230784,60135.17919344663,24535.15311092622,0.0,55227.81568515995,5565.899059788428,0.755570353488108,1.3121360479319537,0.30907341530906624,0.01575992203036658,False,True,False,0,1.0,412414.69860793697
130/30,1.6,181,188,1524028.7755187377,0.04303604445762543,2385080.1325230747,1537.327528010324,0.0,90210.98623669172,140847.45098579058,-0.0,152572.12143801877,0.02626487187851978,-0.2350466526666325,2.354832299904408,1210212.2380894143,54410.13783413855,28146.226871085666,30570.36608391065,48786.79324321515,0.0,206485.82764088534,157699.03439767018,51508.43435788686,21015.441218017837,0.0,49143.626978530716,2721.641114671796,0.7549784637936846,1.3115392664143244,0.30960499834044863,0.02036641778864423,False,True,False,0,1.0,247662.3404029266
130/30,1.6,182,189,1911852.8928184507,0.06695338907729198,2409734.4120975747,644.9979595439958,0.0,475616.53072107944,171241.17679597167,-0.0,201636.57896182605,0.026120195232481373,-0.2760919840905608,2.161795125643641,1358483.4339394723,61075.941756091706,31594.711696478742,31818.42318466415,54764.16694056315,0.0,232484.10014826676,177719.9332077036,60834.46587406818,24820.462076619813,0.0,55331.215835287476,6070.298933505097,0.7541165451425748,1.313956991032813,0.31046943664384785,0.023160596542137313,False,True,False,0,1.0,438504.7893054838
130/30,1.6,183,190,2008727.642380383,0.07224024940423779,3051545.3454723926,4583.611440231556,0.0,452047.50941831234,180898.60996753443,-0.0,223192.75564235455,0.02264057262285404,-0.6023630399525397,2.173986998069788,1520459.8315713336,68358.82229514599,35487.66656212815,35567.97889192404,61511.95537435547,0.0,260258.34581088496,198746.39043652947,68361.59073636559,27891.529020437156,0.0,61941.48630299062,6849.6353620098935,0.753832338498572,1.3137640084590134,0.31135189933294927,0.021140543623904273,False,True,False,0,1.0,453267.5065448591
130/30,1.6,184,191,1350499.222992961,0.030503411519066992,2344839.039940582,563.9330956184845,0.0,-13915.614971291354,124409.41249318671,-0.0,103989.46687093377,0.0203272352850821,-0.22519784893136396,2.324682687967964,1264814.9416478921,56863.4162045423,29550.73182973825,31293.55079711187,51221.26850487964,0.0,215507.2140089105,164285.94550403085,52351.31455769316,21359.336339538804,0.0,51290.7169341207,1130.0460528135527,0.7549933103102462,1.310781426213074,0.31182479753224746,0.017508239302757023,False,True,False,0,1.0,154077.05716153805
130/30,1.6,185,192,940422.0907101256,-0.0061238196959941815,1819308.7595595343,433.9178031946144,0.0,-425570.4416717171,215411.3127227056,-0.0,69151.80731729738,0.024333360775882253,-0.37955367306220544,2.53764912707953,812289.7860580196,36521.010621667934,19077.65131947201,22052.138727764406,33067.92895375148,0.0,138168.16503144955,105100.23607769806,33485.548697996965,13662.10386878276,0.0,32884.023277484994,417.61974424541717,0.7548612593664764,1.3089703101574042,0.314526863873622,0.01680677677577591,False,True,False,0,1.0,95827.58512341908
130/30,1.6,186,193,2250674.7504233867,0.08450428893352502,2598226.5080902837,515.7368738521918,0.0,823312.2911401017,73600.2141997908,-0.0,213954.63003384403,0.02317288116152599,-0.25293389032678426,2.1515643344781368,1624489.7196852788,73036.39233384925,37647.38917510335,37710.58419810222,65255.474570179125,0.0,278469.8399455723,213214.3653753932,74482.95968767814,30389.04755257268,0.0,66275.8219070462,9227.485117498973,0.7555643440398074,1.3144310804099877,0.30779714367810834,0.020142231091146545,False,True,False,0,1.0,446104.91314790153
130/30,1.6,187,194,1105594.5075265197,0.01008887356959498,2702232.7152248546,483.2295432928277,0.0,-278026.4457597646,194793.26915935214,-0.0,6209.252253674636,0.024558464205951525,-0.5149257190683085,2.3861625952475736,1292806.259876594,58124.47500203265,30101.718976969318,32392.50268024663,52176.31289341347,0.0,220628.2284033161,168451.91550990264,40873.483307090224,16676.381189292813,14629.698458060897,52509.518359989226,3326.8688717377054,0.7549437832678089,1.3113589238202756,0.31148639820756635,0.02291957879776607,False,True,False,0,1.0,114114.57196252668
130/30,1.6,188,195,1092155.2371567069,0.0088542717828064,2122781.700954552,455.8202557299231,0.0,-283264.73054088256,181936.7764150123,-0.0,87789.54239199052,0.024600691656124156,-0.2791037635530108,2.4254898842080372,1009506.251963748,45386.58756142518,23474.712898766396,26086.342497850845,40689.50235786175,0.0,172106.49053030382,131416.98817244207,42143.02743186788,17194.355192202096,0.0,40961.344746212315,1453.5250740060378,0.7551545775851779,1.3115999275141683,0.3104588910181708,0.01660694603366908,False,True,False,0,1.0,109460.17247393342
130/30,1.6,189,196,1303900.3250731765,0.026891217016748126,2125467.198291777,321.2740659363649,0.0,-82510.14868866738,187919.28736505777,-0.0,102652.8548038747,0.02379717962830637,-0.2560227670784385,2.3165389698278807,1020807.485749189,45895.15008997474,23870.571254418894,25441.8971313824,41375.65684099275,0.0,174650.7501793137,133275.09333832096,44627.164519496386,18207.883123954518,0.0,41566.87854267667,3251.507678503775,0.7551708137653104,1.312863205669526,0.3100412930579067,0.017281054596549827,False,True,False,0,1.0,177218.28069122272
130/30,1.6,190,197,2479873.183338515,0.09507268746497743,2887697.8137473743,769.8175947729276,0.0,958977.1428390152,114241.55719508184,-0.0,270696.6799472316,0.028011978042657117,-0.15413532725352563,2.161427653068353,1699362.4184745166,76404.38831642015,39406.49222331771,39721.62330479888,68304.58652041738,0.0,291694.72802878503,223390.14150836767,79668.45608756226,32504.730083725397,0.0,69423.34527085084,11363.869567144866,0.7547846496331567,1.3157694287421648,0.3077406546189722,0.024644536310665766,False,True,False,0,1.0,552950.7608163366
130/30,1.6,191,198,2560927.2019694657,0.09860032539686792,4144332.330926741,10763.318054519592,0.0,1245558.2579758328,88440.13564480397,-0.0,243329.4615328179,0.028779565012264332,-0.3595456745143054,2.2398652813605375,2213283.4952577194,99513.29295245762,51413.25269043308,52575.390186201395,89116.30466341735,0.0,380324.7871169269,291208.4824535096,104744.2647614768,42735.660022682525,0.0,90517.29933382862,15627.960098059531,0.7553849403267141,1.3151784484305626,0.3066714109565947,0.020248874317618792,False,True,False,0,1.0,614969.8193495461
130/30,1.6,192,199,2028718.7995834444,0.07330260979026892,3179286.5217579897,634.314549249525,0.0,718011.7415787424,49160.92434168013,-0.0,155296.82015557605,0.021458917169754545,-0.21525407667687124,2.1955838227053293,1832462.76326087,82385.82800806625,42459.23897314435,42757.39699637054,73596.0142201169,0.0,313374.1659793048,239778.15175918792,81632.4308571658,33306.031789723645,0.0,74583.05150307456,8036.416637048581,0.7544240743314501,1.3146465907822253,0.30978648964070177,0.016610566965557183,False,True,False,0,1.0,339010.6820372181
130/30,1.6,193,200,1337393.643758089,0.0294989914079542,2203406.1271376093,692.9305359440781,0.0,-64953.510341838846,191086.81100298697,-0.0,116040.73446379125,0.02147823552842877,-0.42266732262211615,2.3150397519543198,1050826.894887153,47244.346200445565,24397.654692182903,26167.351598779616,42289.26813311704,0.0,179466.98439253322,137177.7162594162,45396.52806897635,18521.783452142354,0.0,42713.14228542292,3107.259935859422,0.7548590521176004,1.3123691910615125,0.30956128372296254,0.01767643983732481,False,True,False,0,1.0,209755.12860853042
130/30,1.6,194,201,1610977.4257118814,0.04883928425599704,2256567.049381915,906.4871396755188,0.0,197058.65050295577,142044.95698454574,-0.0,141386.11515447698,0.01707423484315811,-0.26978186868299925,2.2929992291149306,1201787.7759314075,54030.66941354825,27913.495228541873,29692.709154436052,48383.391729472576,0.0,204951.1755952367,156567.78386576413,51200.690190905996,20889.88159788964,0.0,48778.37979166634,2817.2984614333445,0.7549328789767663,1.3117212302577412,0.311400636566299,0.015178053529373736,False,True,False,0,1.0,263178.22396155994
130/30,1.6,195,202,1594289.4536385916,0.04774770282498664,2554299.379383146,745.0127809831613,0.0,217586.65923140282,139038.33810132951,-0.0,121282.81286591373,0.029535692958119544,-0.2851466958566258,2.2999064490516963,1285726.901706482,57805.884147201374,30042.691842152813,31652.5935218954,52073.99919306487,0.0,220015.02293084256,167941.0237377777,56527.993598341156,23063.42138812319,0.0,52363.57545754052,4453.994405276275,0.7552658470010053,1.3128328947190973,0.31012226050330505,0.015652583049880153,False,True,False,0,1.0,240738.02492987798
130/30,1.6,196,203,1973247.4431181075,0.07033112517810935,3531514.501345764,877.3109576242152,0.0,565206.2186619431,110233.0712385817,-0.0,175821.29493276565,0.025045484470255223,-0.33673883266371696,2.221330258191184,1929218.1137220592,86737.35975349469,44795.72802336733,45309.59382779946,77645.92857383667,0.0,330319.7269372928,252673.7983634561,87083.12101118338,35529.91337256282,0.0,78616.0950110757,9437.192437346883,0.754313256045644,1.3152403678185216,0.3098622844254472,0.021211196832902512,False,True,False,0,1.0,356765.45607350254
130/30,1.6,197,204,2112420.1280934997,0.07765073559455438,2520745.8091931865,2871.652066760492,0.0,547457.9045073235,82054.21500849897,-0.0,259581.6120490835,0.022664740509259686,-0.1343295848896493,2.211562009040381,1557918.7812031452,70041.32356431067,36180.471002066464,37156.77144948952,62712.81640358184,0.0,266250.71150463156,203537.8951010497,67777.60830290169,27653.26418758388,0.0,63367.66933810231,5064.791899319791,0.7546324258317472,1.3132921306568504,0.308910897146409,0.015479163083341518,False,True,False,0,1.0,423965.04449838476
130/30,1.6,198,205,1081575.764517468,0.007872730142986617,2121170.641343343,373.05632080048997,0.0,-278469.21397401585,186095.31757062636,-0.0,92267.20816628763,0.030397943097970403,-0.3202416106725299,2.467361534412084,1009304.0593236355,45378.04037673688,23514.567850880565,26486.19424338063,40758.58427485965,0.0,172101.10108675458,131342.51681189495,42178.83022147683,17208.96273036255,0.0,40960.0620586476,1420.245946617181,0.7554140206549217,1.310905411942001,0.31030276749555064,0.010975726219271786,False,True,False,0,1.0,118375.71692985704
130/30,1.6,199,206,1678670.218365952,0.0531652930923181,2623498.636251819,2805.921422294711,0.0,205554.0560067451,149580.57597442833,-0.0,166230.91418193473,0.02197137021618184,-0.3274505831454215,2.2832202362848917,1374592.8914020546,61800.7935634575,31770.008067839717,33591.21865708951,55068.0139842555,0.0,234742.46857596884,179674.45459171335,60109.75087278864,24524.778356097762,0.0,55868.707521080585,5041.736888533363,0.7557861870212991,1.3123085224590738,0.3078810627929163,0.017978532550712245,False,True,False,0,1.0,302856.99122004816
150/50,2.0,0,7,847766.239849038,-0.0163794086442961,2169378.3438813416,623.5636384587701,0.0,-524116.35215928854,261221.8522627221,-0.0,61309.13265224503,0.022204227722443213,-0.5125201681606285,3.254280199679686,703741.2136771253,31657.874289991916,26939.400566886896,24546.19457958032,46694.96098260396,0.0,138015.42591898373,91320.46493637978,47200.59521844888,19257.84284912714,0.0,32847.67136871812,505.6342358452029,0.6961668074097661,1.5070541210355326,0.5102615975349758,0.01435578051191111,False,True,False,0,1.0,87101.70101367166
150/50,2.0,1,8,1482988.837701313,0.04019266793923659,2811874.7342482856,706.8966135450836,0.0,-47842.60466004058,176919.68903091562,-0.0,172458.28571435774,0.031161250689470395,-0.3306628263265724,3.102645708419568,1105188.3198985015,49715.995563037235,42484.95626414343,36794.44463475724,73640.59085784861,0.0,217683.088387192,144042.49752934338,75655.31867577064,30867.370019714417,0.0,51808.5750361517,2014.7278179219772,0.6958429985015655,1.5097041320782132,0.5084172382723823,0.010359434223192743,False,True,False,0,1.0,253748.68419473857
150/50,2.0,2,9,1700860.5401197863,0.054549258289028346,3326183.8412482124,1054.1474800968228,0.0,260222.51281477697,175330.7539632105,-0.0,172248.57981840207,0.02367288227860883,-0.3450516939819187,2.9517802301010407,1339891.6641916945,60272.95326301039,51028.566839186686,42307.19927448556,88449.51585459028,0.0,263584.45814456604,175134.94228997576,93024.1691354589,37953.86100726724,0.0,62733.10103840671,4574.653280868288,0.6958671691431737,1.5107821292081975,0.50760399746516,0.016126044275167617,False,True,False,0,1.0,327045.430346137
150/50,2.0,3,10,1285161.6586481268,0.02540581517835072,3504633.5173573196,669.2311365603507,0.0,-186212.53700053156,167490.20683549094,-0.0,113642.80888390103,0.0264482612015586,-0.4558574766171124,3.1035692988126904,1223227.8185883218,55026.62520629119,46373.19661927029,40171.19485361851,80380.20747340184,0.0,240137.99816141182,159757.79068801,84217.44869622667,34360.71906806047,0.0,57152.84356241601,3837.2412228248754,0.6961244211819122,1.5096414239866907,0.5075342135220657,0.020970112206406544,False,True,False,0,1.0,175338.07856851135
150/50,2.0,4,11,1377401.642932593,0.03253803783290632,2804127.635158113,586.2766546879836,0.0,-69621.63592686565,167865.8762649286,-0.0,130822.805444989,0.03519236478041678,-0.18872737801520967,3.0469763604703983,1145952.5592177582,51549.471221960666,43881.11536363709,37252.1754473327,76060.59996363762,0.0,225609.73733684432,149549.1373732067,78912.0757577268,32196.126909152532,0.0,53695.117486168936,2851.475794089221,0.6959515999768775,1.510574905586281,0.5078768120168619,0.013164019487780898,False,True,False,0,1.0,175845.7552683565
150/50,2.0,5,12,3163298.3064077003,0.12205466293845202,4229680.499660116,595.9920353201087,0.0,1310586.6003474754,65141.41968742422,-0.0,398662.4695238544,0.027858067526365722,-0.15801962646733203,2.8823940712796765,1995467.840582183,89764.26689325963,75738.89625504451,62125.65308046358,131280.75350874386,0.0,393174.3783173856,261893.62480864176,141899.80582575046,57895.12077690618,0.0,93575.50203953777,10619.0523170068,0.6956819273735328,1.5124247902176986,0.5056659027033311,0.015802297819089484,False,True,False,0,1.0,692148.812918503
150/50,2.0,6,13,2092408.9206259083,0.07662548605103336,3281837.500192068,1610.9654577501979,0.0,468836.78772365616,168096.0,-0.0,274649.9566044241,0.0345340176531116,-0.3031174475022095,2.9059439960381868,1279167.4660621788,57541.74943191116,48575.39906836189,40441.758282449046,84197.3583851606,0.0,251694.5893743111,167497.2309891505,89928.62546195401,36690.87918847723,0.0,59903.31227108604,5731.267076793606,0.695755313520545,1.511461636773245,0.5081322551918369,0.0161386937601522,False,True,False,0,1.0,460681.9954034443
150/50,2.0,7,14,1604934.0958352042,0.048445162824345855,2957758.8354484574,765.72507996734,0.0,32117.895215481432,200569.20538188764,-0.0,194804.73880174418,0.030751608280998197,-0.41524798588653533,3.028262546608704,1162434.0212219,52289.734648655714,44171.02957484344,37854.20686310014,76563.11792972863,0.0,227791.140423726,151228.02249399736,78532.10536895598,32041.098990534036,0.0,54214.2914208468,1968.987439227312,0.6954746858587012,1.5090347079492072,0.5099811985986269,0.015509447599610593,False,True,False,0,1.0,298344.46365781967
150/50,2.0,8,15,1332106.1309395533,0.029091243242952647,3337431.1615900695,628.3221834801561,0.0,-44234.715029058905,167528.57951265952,-0.0,113761.57849182491,0.03758196120266279,-0.3316066782698418,3.057687732668261,1283137.1843514168,57720.615962908756,49023.09634043831,41487.38966506813,84973.36699009307,0.0,252267.83995815375,167294.4729680607,88016.6145711499,35910.77874502916,0.0,60039.74591004058,3043.247581057127,0.6960973459298232,1.5096226074056531,0.5088825833205407,0.013310550002811672,False,True,False,0,1.0,187313.72809314154
150/50,2.0,9,16,2085670.134732538,0.07627824585857224,3999395.4102050103,982.3678576683986,0.0,574931.814051279,126755.93662524817,-0.0,209280.37658833666,0.02843991396971313,-0.21381043370957198,2.9509520297027336,1813849.8276194644,81595.66389842775,68956.91955904232,56723.654855442204,119525.32723567334,0.0,357441.5590101285,237916.23177445517,128849.0532948478,52570.413744297904,0.0,85071.09104441058,9323.72605917472,0.6958217725858943,1.5133458616489186,0.5070745127798391,0.022773582848373053,False,True,False,0,1.0,381507.17627865996
150/50,2.0,10,17,1017408.9560158434,0.0017274058710010642,2650038.262387249,532.1347607530771,0.0,-421823.64927161083,269904.4873698548,-0.0,107064.15594121433,0.03220786381682305,-0.49302895985132744,3.144779410704122,963503.8559688069,43342.4837884064,36940.37153534455,32177.00335496698,64029.97732793055,0.0,189245.9157630579,125215.93843512736,65161.00716443562,26585.69092308973,0.0,45040.52795160778,1131.0298365053138,0.6957297470920452,1.5090599028736342,0.510573239782551,0.013867807318278857,False,True,False,0,1.0,172261.96445420143
150/50,2.0,11,18,1379805.2876075695,0.032718080290393914,2825995.9923488307,2945.1881767730774,0.0,-49958.84158281346,203032.43985023446,-0.0,153865.8543096819,0.03352055279684833,-0.23027064930580887,3.144711856236932,1094214.1056525237,49222.89937466533,41771.94487316283,36774.104024401844,72404.70444681557,0.0,215065.62378016926,142660.9193333537,74785.00575418431,30512.282347707198,0.0,51185.61845968028,2380.3013073688026,0.6961209978816104,1.5092968807564313,0.507949424211317,0.014947944924128098,False,True,False,0,1.0,254532.60883056547
150/50,2.0,12,19,1292670.885264042,0.026003392386941826,3216165.367067215,1865.3348063731034,0.0,-145652.5335355998,219473.4336450241,-0.0,150362.18073623438,0.03668006851652619,-0.3885527708936418,3.097523364965588,1182055.3282497565,53173.62194473428,45191.73437519444,38850.04680594937,78332.33958367039,0.0,232454.19878047667,154121.85919680627,80703.001143645,32926.824466607155,0.0,55324.099309753445,2370.6615599744637,0.6960780522183898,1.5097417921153449,0.5081631631803172,0.015990752016651788,False,True,False,0,1.0,230316.92055186443
150/50,2.0,13,20,775047.2761588923,-0.02516117076722635,1961814.970969,163.5483366728681,0.0,-604950.6460765024,282153.67822680366,-0.0,56278.741318514796,0.030542080185147296,-0.5852192451477094,3.3005837524042803,592306.9691093793,26645.607640330807,22903.64675057099,21099.795429467613,39699.65436765638,0.0,116302.44693832497,76602.7925706686,39909.40976841496,16283.0391855133,0.0,27679.982371321337,209.7554007587979,0.6954888165691626,1.5074045617177063,0.5136924993700367,0.018573149848870818,False,True,False,0,1.0,84333.36880548972
150/50,2.0,14,21,1899818.9430600242,0.0662798970314542,3346075.3802946215,1404.1014147787698,0.0,237031.03371354594,121150.47096862643,-0.0,219223.03664169216,0.028064785459079318,-0.24876096696336203,2.9379954810888735,1400139.3441486065,62982.150833209766,53326.519492885825,44165.20767307721,92432.63378766875,0.0,275420.0182637144,182987.38447604564,96535.6252975629,39386.535121405665,0.0,65549.96434676401,4102.99150989427,0.6959513003615648,1.5115354520340236,0.5073416257171288,0.014598390328056432,False,True,False,0,1.0,307699.85836507805
150/50,2.0,15,22,1638953.149329234,0.05064658663971544,2541515.2174706,11006.316805655302,0.0,46475.7421018086,193694.93342718764,-0.0,229118.76548749424,0.03321951896602463,-0.33479576534714106,3.0570131643333993,998921.0174872412,44934.99995358906,38239.19520198275,33293.75133099016,66281.27168343673,0.0,196306.5540518591,130025.28236842237,67976.69336881154,27734.490894475108,0.0,46720.95986434246,1695.421685374871,0.6953289938860844,1.5103943091147294,0.5104632910971075,0.014319704174723835,False,True,False,0,1.0,346643.91693113185
150/50,2.0,16,23,1015875.7751807037,0.0015763484488773294,2596877.481132863,331.01403259448347,0.0,-364041.62483592145,233485.43094786117,-0.0,88096.59734448696,0.028874469344041028,-0.3545458680438909,3.188236301234365,950065.3809144581,42738.05189286442,36316.913975719035,32174.24622774228,62949.317557913004,0.0,186549.41033767592,123600.09277976291,63968.338854939466,26099.0822528153,0.0,44398.75966036688,1019.0212970265143,0.6952681949586368,1.5090078632947699,0.509298134171331,0.009571998578645768,False,True,False,0,1.0,130026.30575482381
150/50,2.0,17,24,1731053.2269896911,0.056406445177843656,3679449.5922193564,12578.858314774774,0.0,313933.56951719336,156318.57487718304,-0.0,159287.4629642885,0.028665486325457165,-0.2536609036111128,3.0226125644859794,1422025.2633948794,63968.65569587556,54014.400901641624,45727.899385624085,93624.96156284548,0.0,279661.1614003341,186036.19983748862,98712.53994881726,40274.71629911744,0.0,66559.35641327954,5087.578385971919,0.6964436707079805,1.5102028731787152,0.5062917489780878,0.01870668444508672,False,True,False,0,1.0,298513.6161522964
150/50,2.0,18,25,2559928.49604424,0.09855747485253086,3623512.057786516,21024.07117456335,0.0,898562.1771781434,104627.05731249157,-0.0,282174.06947450526,0.02877571728124561,-0.2203063547392643,2.905915625618266,1639500.4129250902,73751.03666927593,62509.92683057168,51456.775822821204,108350.5398396576,0.0,323136.9873494225,214786.44750976487,115694.0475211037,47203.17138861031,0.0,76906.60298916255,7343.507681445773,0.6956977506983761,1.5113501759230972,0.5064267850968072,0.014212791511390321,False,True,False,0,1.0,519413.7749749501
150/50,2.0,19,26,2510122.109388502,0.09640115633577517,4554069.417973552,2288.2334954319463,0.0,905839.0333870932,49880.429709791526,-0.0,233381.60638963658,0.026567774597653405,-0.13830760653258767,2.9017271026176905,2025185.7489933535,91099.66089565348,77375.0243304459,62511.288874066384,134116.70883943958,0.0,399217.65604896325,265100.94720952364,142023.9990238225,57945.791601719575,0.0,95013.80213965321,7907.290184383317,0.6958989379650973,1.5117108810063786,0.5065226039981929,0.019715288937173447,False,True,False,0,1.0,429361.2977512763
150/50,2.0,20,27,2030136.4210474892,0.07337758610450584,3476416.902620425,897.7044838884493,0.0,480660.52133020427,133087.68676063127,-0.0,234649.8995737253,0.028246358325427164,-0.21193999764291882,2.9734643614677854,1493104.284464531,67166.09222467829,57030.45808670834,47565.45216465072,98852.79401696111,0.0,294253.09279269224,195400.29877573112,104681.32872490137,42709.98211975975,0.0,70032.23608466076,5828.534707940265,0.6956488671084872,1.511063873716927,0.5070373376301964,0.014124211201143932,False,True,False,0,1.0,402699.6946813513
150/50,2.0,21,28,900014.2157701935,-0.010479178829519764,2161791.9960823557,3472.099411643914,0.0,-485174.80858035723,237215.0516465489,-0.0,73553.29285452084,0.0257937219048906,-0.43330363499641456,3.146676606070545,733118.3154507633,32978.61906797917,28123.938973058055,24790.009662884786,48748.16088663399,0.0,143835.14221481993,95086.98132818594,49259.16404206989,20097.738929164516,0.0,34232.76384712715,511.0031554360557,0.6960882855780854,1.5074864940245587,0.5110877738648834,0.014213951442979322,False,True,False,0,1.0,98597.29293753102
150/50,2.0,22,29,1113323.3944208738,0.010792785521079873,3065381.9610837842,11848.387454969086,0.0,-288859.01206666674,163518.65728254023,-0.0,68818.48081845055,0.027008660496723857,-0.307511175736249,3.08349177812801,1167657.1115457094,52525.273400500075,44702.38031068746,37997.847809372804,77484.12587185827,0.0,229527.1250877171,152042.99921585884,79142.31007253917,32290.062509595977,0.0,54627.455770876695,1658.184200680884,0.6959128847406681,1.5095748050549447,0.5086482776290469,0.010103402859603983,False,True,False,0,1.0,63845.29299856012
150/50,2.0,23,30,1085670.3709643302,0.008253639981598004,3995176.8170689596,604.8799387819598,0.0,-352962.04569556634,206789.63322219008,-0.0,39661.1840168633,0.03126347873855999,-0.6083686314705039,3.1307696476467766,1407376.728512585,63310.47617642213,53690.01646618849,45949.72485054988,93062.69520806009,0.0,276422.93944222975,183360.24423416966,96270.40633822425,39278.32578599549,0.0,65788.65958725069,3207.711130163563,0.6955628542419906,1.5092466127530284,0.5091748781338129,0.017310425185548706,False,True,False,0,1.0,80938.32180645819
150/50,2.0,24,31,2135303.651037205,0.0788124860002486,4086223.9788496336,1843.8050763029044,0.0,572014.3170831678,87299.63189491654,-0.0,229609.51109266354,0.029330802027076105,-0.3095313227497316,2.907416540024495,1737566.4669883028,78160.47150360265,65844.58731968758,53820.664416931424,114130.61802079182,0.0,341351.3426805598,227220.72465976796,120143.97933904505,49018.74357033037,0.0,81241.61955797323,6013.361318253281,0.6957702086522907,1.5113955600508855,0.5069593704416943,0.019771824312898367,False,True,False,0,1.0,351687.3234115829
150/50,2.0,25,32,998573.3081003926,-0.00014276086804920762,2231594.9174477444,191.2396275575114,0.0,-408746.26760843146,247946.29253895243,-0.0,88963.41813631705,0.028202799589617522,-0.4183101307168393,3.2268425684685704,791220.7222124945,35593.31565464378,30460.871303176802,27377.55548500313,52798.84359217314,0.0,155590.06886899006,102791.22527681691,53678.350464314666,21900.766989440384,0.0,37030.43639081963,879.5068721415037,0.6954926694011591,1.508635082813323,0.5110394795958306,0.011343852354797068,False,True,False,0,1.0,149424.11668423048
150/50,2.0,26,33,1888773.972821156,0.0656583665255861,4702840.32668025,2857.3811022142477,0.0,441225.2044226767,107120.31114940434,-0.0,150423.3208454651,0.02894285334382985,-0.2630241527326903,2.982531117970706,1884142.496770198,84757.05155629102,71950.41977251889,59122.71498948145,124714.06093903273,0.0,371285.4106998431,246571.34976081035,132284.3156598643,53972.00078922462,0.0,88365.92774656265,7570.254720830818,0.6957096154604436,1.511643813950682,0.5070374428708669,0.01728282059615527,False,True,False,0,1.0,263141.4077923414
150/50,2.0,27,34,731553.8102844169,-0.030774955477221422,2388866.1355356355,1888.3942389299332,0.0,-643299.8143975679,260011.73113779328,-0.0,55062.05206884509,0.03702698597864992,-0.572864997302091,3.25983269034489,731069.1019579591,32887.65043887252,28023.524515792637,25322.64323556675,48574.10916070723,0.0,143222.7007627598,94648.59160205258,49182.874690680204,20066.612873797527,0.0,34087.00278153684,608.7655299727726,0.6955713344959524,1.5065599356337493,0.5130166779246539,0.014796690315995176,False,True,False,0,1.0,57812.66344258474
150/50,2.0,28,35,2316286.875195301,0.08762513265371719,3717094.9575688113,1090.62849220096,0.0,564793.7114696786,129862.2235681591,-0.0,329823.73595545226,0.02513177096516916,-0.2273109310573771,2.9744013547934283,1603659.205232733,72137.50752114983,61006.28581804809,51303.00069533115,105744.22875128337,0.0,315140.8391194101,209396.6103681267,110158.48303292744,44944.66107743439,0.0,75003.51971041957,4414.254281643981,0.6955962430965406,1.5107082988226863,0.5081531582028115,0.014323694692522704,False,True,False,0,1.0,508105.49664654746
150/50,2.0,29,36,1413023.981544903,0.035177808447434344,2883864.9334729128,387.5457283334434,0.0,10653.54783951708,162902.73793474596,-0.0,135396.8476344386,0.02902805022676641,-0.3449836636084044,3.024320785336275,1183728.7661985257,53248.28970629954,45068.27513475403,38184.99757719806,78118.34356690697,0.0,232312.18530171446,154193.84173480747,80858.28966774515,32990.182184440026,0.0,55290.300101808054,2739.9461008382373,0.6958054355280795,1.5094471065010382,0.5098571124846142,0.013248875581258535,False,True,False,0,1.0,232682.64596731839
150/50,2.0,30,37,1945883.6454385386,0.06883751044200048,3394569.253103053,820.3380471832804,0.0,434561.7404622311,121213.8108822399,-0.0,204132.8361485774,0.02872632109833321,-0.18423706816658014,2.889004121913756,1505644.9681501128,67729.10656904249,57386.81117230974,46553.15685957306,99470.47269867019,0.0,296663.2103542281,197192.73765555792,105900.70501044794,43207.487644262765,0.0,70605.84406430628,6430.232311777394,0.6955935846087332,1.5122464716964437,0.507379228779152,0.016856175019017483,False,True,False,0,1.0,337950.1141042843
150/50,2.0,31,38,1517626.113804007,0.04259701955237216,2755084.8175892667,3601.1654597131824,0.0,4490.2089078974095,196371.15935324473,-0.0,187754.69318124064,0.031134252169230586,-0.25538264559979396,2.9815161971719393,1147733.7094813867,51628.12831429303,43623.08834762305,36778.01830620503,75613.35313587997,0.0,225273.20623522825,149659.8530993483,78123.35657416313,31874.329482258552,0.0,53615.023083984335,2510.0034382833433,0.6960713290277839,1.5099723295468017,0.5082289435146041,0.011928168852695098,False,True,False,0,1.0,286021.5165787776
150/50,2.0,32,39,1042930.2008483689,0.004212272008394136,2576516.3802781687,6348.3764027438,0.0,-337989.814715147,247096.80105165407,-0.0,106949.00845502464,0.028183455302856847,-0.38220411836920043,3.2588618407614107,884163.4678596184,39774.40761517338,33946.08981479766,30747.11722802776,58839.88901231596,0.0,173476.84172392753,114636.95271161158,59432.95531042149,24248.645766651967,0.0,41287.48833029476,593.0662981056286,0.6957788400864374,1.5070547835352979,0.511212548216962,0.013150980263421319,False,True,False,0,1.0,183598.57736353783
150/50,2.0,33,40,1445364.122940824,0.03752298573386259,2955748.48285084,920.5241516014403,0.0,30093.55102440239,198272.44043662984,-0.0,131318.2993879541,0.026600098109459427,-0.32983559523722716,2.9912567363201776,1134106.2564967019,51016.206088982144,43470.89785390184,36336.57651933811,75349.55628009656,0.0,223147.85659051256,147798.300310416,78225.20874697441,31915.88516876556,0.0,53109.18986854199,2875.652466878044,0.695873483815011,1.5098997426346916,0.5099916899326081,0.016931672409027154,False,True,False,0,1.0,235972.69589215718
150/50,2.0,34,41,1827255.4045190918,0.06213550220500785,3770700.22496659,35430.720479457,0.0,347719.0043712341,150653.29662764783,-0.0,146866.01156395423,0.0385217242572081,-0.2257478492970446,2.8844892356841125,1492154.8017502415,67123.4297129017,56996.45888006567,45852.196502149854,98793.86205878049,0.0,294479.86295411334,195686.00089533284,106397.71562787874,43410.267976174524,0.0,70086.20738307896,7603.853569098272,0.6957903612530518,1.512450695528076,0.5072179786193689,0.019254680561501702,False,True,False,0,1.0,282428.9122946891
150/50,2.0,35,42,1217736.669124925,0.01989470813662808,3104793.703780004,709.1664118535571,0.0,-263163.61143956275,239205.7919865732,-0.0,134270.24957091227,0.032371984711614746,-0.5386169288596423,2.971341156938429,1100881.8027857193,49520.99814153389,41985.0489380698,34840.68435410156,72774.08482598767,0.0,216250.35177538375,143476.2669493961,75426.2538684013,30773.91157830773,0.0,51467.58372254134,2652.169042413771,0.6959153396367388,1.5099752467272078,0.5093002789954383,0.014549987368631001,False,True,False,0,1.0,202348.72456627295
150/50,2.0,36,43,1190638.3027965731,0.017602077553188655,2464213.4797950373,530.6699996559774,0.0,-225898.9469017975,194408.9831617589,-0.0,107792.83850647061,0.027155587624558355,-0.3649396210925917,3.0972471855448727,964829.8318646584,43401.863888953325,36941.10145528635,31990.315265477537,64031.24252249635,0.0,189597.85306884834,125566.61054635199,65613.0162840589,26770.11064389603,0.0,45124.2890303859,1581.7737615623641,0.6957117204469644,1.5096495390291307,0.5097639534156783,0.013638029898021653,False,True,False,0,1.0,150224.08395235759
150/50,2.0,37,44,1854226.9117827122,0.06369296761423726,3538045.4216034533,644.5759811059603,0.0,382819.4222327748,95178.32321235086,-0.0,201207.45978457973,0.027142395912236487,-0.1885262278049954,2.968149459553307,1547297.9498022187,69601.70160572998,58495.17011997814,48910.554318921975,101391.62820796215,0.0,303392.8558061397,202001.22759817756,105631.08135025197,43097.48119090281,0.0,72207.49968186121,4239.453142289942,0.6965702131337763,1.5100235549205894,0.5072613339709733,0.012401076224504148,False,True,False,0,1.0,313412.590066243
150/50,2.0,38,45,1080074.0448961225,0.007732704006549351,2197658.824470628,13073.689547728542,0.0,-331038.0835696521,238832.035318105,-0.0,96481.15837277591,0.025105932835100774,-0.5246931904379646,3.1093896848218954,742314.1557145512,33392.10309860632,28483.695871448203,25034.27823040771,49371.739510510226,0.0,145815.6021236969,96443.86261318668,50161.55576820914,20465.914753429326,0.0,34704.11330543986,789.8162576989032,0.6958253124763278,1.5080445946598116,0.5103998628874502,0.014873944483075885,False,True,False,0,1.0,157539.64565446367
150/50,2.0,39,46,1388048.7689065435,0.033333412831519915,2779363.89237657,1033.5595547245118,0.0,-27201.08594782703,191962.05987365165,-0.0,140107.15610638208,0.030969505446288455,-0.3717750535491474,3.0741682131761636,1082155.2287224685,48680.49207122213,41497.84904771965,35616.55385043503,71929.6050160474,0.0,212983.9959188563,141054.3909028089,74877.74159556499,30550.11857099052,0.0,50690.19102868778,2948.136579517536,0.6951746143930053,1.5101300732221603,0.5103489826422916,0.013311991602317552,False,True,False,0,1.0,231009.91930286755
150/50,2.0,40,47,944084.4733535482,-0.0057374408939243615,2614227.4589371076,472.8275911781705,0.0,-446772.76651390735,256132.41062508087,-0.0,83390.76571129033,0.02295738291498746,-0.4415823349665883,3.2333915185573856,926727.2876045253,41688.74733685904,35484.04679973403,31733.963890765364,61505.68111953898,0.0,181824.24495442866,120318.56383488968,62259.524549510694,25401.886016200362,0.0,43274.170299154015,753.8434299719879,0.6954158802448663,1.508221081726926,0.5110799159922891,0.013603645179471102,False,True,False,0,1.0,115563.29925880783
150/50,2.0,41,48,1988022.7824158724,0.07112988306274293,4252511.5167847015,1122.2982575414992,0.0,505435.6167927538,112599.0046730022,-0.0,234608.60151515048,0.029941155432922726,-0.2163127975044471,2.9692684988322133,1827749.0423957605,82220.46650749746,69827.00033268156,57403.94225639744,121033.4672433147,0.0,360518.66397184896,239485.19672853424,129097.8425232115,52671.9197494703,0.0,85803.44202530006,8064.375279896354,0.6957044997771471,1.5128365919322195,0.5065695666593804,0.017234252523413263,False,True,False,0,1.0,372715.42108442495
150/50,2.0,42,49,2439214.860387531,0.09326389484588926,3236719.454266447,627.7002305908152,0.0,661075.8805130157,157602.14722352647,-0.0,283353.5536685248,0.027941411049716838,-0.3376356292371522,2.8871499343602034,1402534.8558862489,63091.97479759506,53504.86834994848,44139.319524405146,92741.77180657735,0.0,276630.46696620836,183888.69515963102,99901.47983768198,40759.80377377425,0.0,65838.0511379576,7159.708031104596,0.6950766272680332,1.5110892113891488,0.5071286047299643,0.019338098400451198,False,True,False,0,1.0,511697.32961231796
150/50,2.0,43,50,3807628.0821541403,0.1430505899030381,3904849.6591950417,1918.9048735141664,0.0,1258677.4425312479,147993.76421293948,-0.0,645458.2710065274,0.03480977672353778,-0.33525332344772096,2.7238713797327025,1773964.3805594787,79799.28654407065,66713.86239775806,53827.387277685884,115637.36148944734,0.0,349076.71856879967,233439.3570793523,128366.989484166,52373.731709539716,0.0,83080.25901937432,12729.627994718614,0.6955107278174907,1.512809474119785,0.506148809816127,0.025201606769236218,False,True,False,0,1.0,1019308.4288993543
150/50,2.0,44,51,2876837.8816226404,0.11145411699991659,4552725.725919627,23277.926136305752,0.0,1041025.8272120445,54166.18825962974,-0.0,430957.4943491478,0.035648624896414946,-0.19677378606289708,2.8536848321603836,2074722.568838513,93325.56991204093,78815.45249634162,63568.0662006173,136613.4509936588,0.0,407947.1735599919,271333.7225663331,143759.49839109875,58653.87534356829,0.0,97091.42730727806,7146.047397439779,0.6960233551752577,1.5125267537719624,0.5071044590274651,0.021098393863827836,False,True,False,0,1.0,630927.235395967
150/50,2.0,45,52,3006837.410515773,0.11637729325929658,4722448.006517487,2109.887935185414,0.0,1348772.035451679,58195.80817663904,-0.0,294234.8269280989,0.031013307111218094,-0.18869123071702198,2.884299771997272,2154322.1821995527,96912.02993048342,81782.48294720805,66433.93807295432,141756.3037751606,0.0,424979.2957030436,283222.991927883,155286.98992812668,63357.091890675685,0.0,101145.0723773244,13530.686152966045,0.6958171371098345,1.5122380353411966,0.504857255977197,0.016700163916648192,False,True,False,0,1.0,622012.6679896254
150/50,2.0,46,53,2202433.2205530684,0.08215700464379205,3277879.7153032827,7278.983305029529,0.0,630799.3454843643,126072.0,-0.0,249970.4980512757,0.03101628757306427,-0.2562360016005063,2.9423603151678113,1429989.8725170607,64326.55235636585,54276.26342117742,45463.90802056873,94078.8565967075,0.0,281364.1697333362,187285.3131366287,100248.64885648378,40901.44873344537,0.0,66964.672396534,6169.792259776276,0.6957693807059568,1.5112123812538625,0.5067883246828886,0.016675001732545436,False,True,False,0,1.0,420458.1061302629
150/50,2.0,47,54,1495918.7347955778,0.0410960533462994,2833789.952194005,662.2524205250286,0.0,-44144.861995296524,172196.97856816312,-0.0,148403.17426490132,0.03008743988092623,-0.2917881989848331,3.0107644558213758,1108785.7225310632,49876.793861245445,42255.329675737434,35862.49080269567,73242.57143794488,0.0,217909.48192244372,144666.91048449883,75893.40738036421,30964.510211188594,0.0,51862.456697541595,2650.8359424193354,0.69611793129798,1.5095711012235031,0.5081472087867436,0.014959200724212085,False,True,False,0,1.0,222463.90647525914
150/50,2.0,48,55,1770222.6414650956,0.05877283271641476,3066370.689327054,255.52475847900027,0.0,220538.49602364624,126514.39787440712,-0.0,230369.96074900945,0.031690310021598035,-0.29558968882854686,2.9445223104049094,1280426.705196486,57597.09906852805,48828.42375282304,40591.58967387399,84635.93450489324,0.0,251780.3211420183,167144.38663712505,88005.53470549536,35906.2581598421,0.0,59923.716431800356,3369.6002006023755,0.6962894670392888,1.5096391424216615,0.5071011734601945,0.013396192214256697,False,True,False,0,1.0,318663.132034989
150/50,2.0,49,56,1760003.6498311807,0.058160039729578505,3501029.287254423,618.6383580447742,0.0,294030.3773453749,150349.7077874274,-0.0,158668.97636105624,0.022290231203271164,-0.27017036764208824,2.9153392364772284,1415845.5741406109,63689.69392073394,54145.360653484015,44046.52743929407,93851.95846603894,0.0,279024.10118705605,185172.14272101712,99150.6423121711,40453.462063365805,0.0,66407.73608251935,5298.683846132017,0.6960302792466819,1.5106044907194989,0.5070088394573853,0.015422622417092802,False,True,False,0,1.0,294049.48753357684
150/50,2.0,50,57,874715.6029830482,-0.013296457684273122,2081430.4397402776,332.59409750776285,0.0,-517411.9686745692,266028.9837889353,-0.0,68486.27908446909,0.0365458611721053,-0.5357227565734571,3.2327420546108963,688614.3440735482,30977.590873916557,26435.74381344575,23927.567659554865,45821.95594330597,0.0,135117.27504512074,89295.31910181476,46505.38429117455,18974.196790799215,0.0,32157.91146073874,683.4283478682349,0.6950549966866558,1.5086346916180875,0.5130440039742907,0.015545787014542456,False,True,False,0,1.0,106667.7113622462
150/50,2.0,51,58,871881.2805331467,-0.013616644294205948,2607057.296670593,309.85963845096995,0.0,-535611.1396963556,262866.97771468374,-0.0,81072.18850667916,0.033496864709798055,-0.3878680172004979,3.230005510700156,857297.5059890238,38565.40229060354,32960.8034384741,29356.500909683407,57132.05929335511,0.0,168504.96293840333,111372.90364504822,57745.35260942519,23560.103864645473,0.0,40104.18117933998,613.2933160700157,0.6951450982874258,1.5083762457949752,0.5104576361721943,0.01235171570827176,False,True,False,0,1.0,96457.00293993691
150/50,2.0,52,59,1395793.5701169055,0.033908532283767556,2411120.2888020384,3156.2606201863896,0.0,-100384.91347473947,216894.71276478586,-0.0,140587.26360189583,0.029856905857790987,-0.4947407767084824,3.122993396798827,835180.2135903285,37570.92592008243,31812.078407210636,28439.061372328437,55140.93590583178,0.0,164069.91454821563,108928.97864238385,57774.33931480734,23571.930440441396,0.0,39048.63966247532,2633.4034089753886,0.695526848726193,1.5096280114883178,0.5095560504026788,0.01730193015522863,False,True,False,0,1.0,228045.2014820633
150/50,2.0,53,60,2920632.3996302555,0.11313461938164227,5403286.566492803,2628.752282043653,0.0,1224307.3065064736,95561.182623991,-0.0,419775.9306322869,0.030085167288669737,-0.3618227470644434,2.871521875350402,2282120.490036934,102657.67917519977,86803.44738249188,69920.05811064094,150459.30879631932,0.0,449385.0651075337,298925.7563112144,160843.12593454035,65623.99538129245,0.0,106953.64549559301,10383.81713822064,0.695716541548893,1.5124748973709248,0.5064885179088581,0.02554537478372465,False,True,False,0,1.0,739408.8498308982
150/50,2.0,54,61,1870221.2475884187,0.06460695404539107,3300517.279790205,976.8007029362079,0.0,315740.53157373954,157846.19016737706,-0.0,202123.5298127294,0.02970003717487699,-0.35419058425240124,2.945918351067301,1386172.6714710759,62355.52061369431,53050.31932303729,43789.294611045014,91953.88682659794,0.0,273267.47712322033,181313.5902966224,97248.69763208512,39677.468633890734,0.0,65037.65955532642,5294.810805487313,0.6959863910881534,1.511051025524179,0.5075265865449556,0.015478459841060443,False,True,False,0,1.0,347915.5522116122
150/50,2.0,55,62,1197233.3144519713,0.018164332948503947,2348568.3241362036,716.7949074041125,0.0,-213943.33531129558,224767.47998053028,-0.0,111655.1047605938,0.03325811130703491,-0.4853092540642924,3.089950310537675,846922.310534811,38098.258899358356,32389.145345942306,28272.955287327994,56141.18526629998,0.0,166446.07424720135,110304.88898090136,58015.79169694297,23670.443012352735,0.0,39614.16567083393,1874.6064306428989,0.6958962907132593,1.5092715550385063,0.5098573781197173,0.016540112545889052,False,True,False,0,1.0,179326.43615785087
150/50,2.0,56,63,1711196.4148971643,0.055188346382058606,3378036.9480921444,1814.2341464355234,0.0,118080.13953703854,156513.57944275995,-0.0,213518.77705482597,0.030443008203744345,-0.3160408615736314,2.956675728965563,1402609.7283365163,63093.08319723542,53391.16121706717,44287.414994382605,92544.67944291643,0.0,275442.1359702996,182897.45652738318,95838.7564503314,39102.212631735216,0.0,65555.2283609313,3294.0770074147704,0.6954956736897271,1.5103659943323404,0.5085976409003781,0.014971656184099125,False,True,False,0,1.0,324388.6374280511
150/50,2.0,57,64,1381690.1406522633,0.03285906585682552,3865353.9611839615,936.3415922245582,0.0,-117105.30599335823,146834.29770088693,-0.0,74236.16335045475,0.026944643768242234,-0.3691790985706379,3.065869384920413,1431335.9385462382,64387.4199915409,54447.420407372,46172.046033612474,94375.52870611144,0.0,281116.6965102068,186741.16780409537,98223.63862953379,40075.24456084978,0.0,66905.77376942922,3848.1099234222534,0.6959712475211689,1.5101155788106744,0.5086019089116866,0.01452452348766986,False,True,False,0,1.0,140949.71619190002
150/50,2.0,58,65,1892928.0146157616,0.06589250858589857,3844273.014113002,593.6953946254768,0.0,300533.8844833884,140027.78017861058,-0.0,190223.7529111707,0.03188517219231177,-0.3477720108547425,2.915920172810568,1551006.3939632326,69769.56552205178,59461.56605940035,48197.32679711537,103066.7145029606,0.0,305755.7483862303,202689.0338832697,108434.32510943648,44241.20464465009,0.0,72769.86811592281,5367.610606475707,0.6961582171210504,1.511082371782683,0.5078497415994446,0.018367618286581067,False,True,False,0,1.0,304364.5817628452
150/50,2.0,59,66,1550160.1407620274,0.04481080817910632,2479010.658111154,8272.648958061336,0.0,95533.37487174384,203815.0353839823,-0.0,165104.02083440177,0.03238514349741692,-0.4353196665251374,3.0352082945971235,1011363.3754443654,45495.49728454642,38435.51111602028,33248.640344335225,66621.55260110184,0.0,198737.2752807844,132115.72267968257,70016.29475353824,28566.6482594436,0.0,47299.47151682667,3394.7421524366246,0.6962738861886694,1.5096929976028535,0.5081830466709236,0.012459572964617749,False,True,False,0,1.0,309693.80306655937
150/50,2.0,60,67,1922002.0736068708,0.06751843889681997,3490348.4700324796,912.2664677498589,0.0,368793.7383685294,108242.26087925621,-0.0,218175.70453770622,0.030713171856976335,-0.19017661490564075,2.9438437135143674,1497003.7230249266,67339.55451313399,56935.213893713895,47132.83924890366,98687.70408243743,0.0,294203.712602375,195516.00851993758,103092.36265952869,42061.68396508771,0.0,70020.48359936524,4404.658577091167,0.6959526606447951,1.510710553378575,0.5071718494995926,0.015008885729299593,False,True,False,0,1.0,318270.6791679487
150/50,2.0,61,68,2447749.904103622,0.09364583721408626,4095357.524735905,1719.1529202241159,0.0,727467.3939591162,99929.64410586414,-0.0,316469.49268520763,0.028322844279289952,-0.2137888023578749,2.9165825213489764,1730327.755352327,77835.18759187016,66013.25413223129,54185.29244307562,114422.97382920093,0.0,340639.24182914477,226216.26799994384,120047.56413303279,48979.406166277375,0.0,81072.13955533644,5624.590303831898,0.6961789459409636,1.5112013912831852,0.5076472476969334,0.013316027980326162,False,True,False,0,1.0,494072.13226686115
150/50,2.0,62,69,1170089.3956289117,0.01583203462776339,2690337.5223756577,378.8388025947352,0.0,-196184.44343895378,194971.2317718163,-0.0,104785.9720346212,0.02666431784853563,-0.3444340480364828,3.1078601804856834,1010440.5703114755,45452.92699940752,38459.63083171125,33493.655253095734,66663.3601082995,0.0,198098.26684332752,131434.90673502802,67761.5936721311,27646.730218229484,0.0,47147.38750871195,1098.2335638314669,0.6958154251580223,1.5083780090517178,0.5091979571920218,0.009966385247920151,False,True,False,0,1.0,160514.04350042526
150/50,2.0,63,70,1473651.1880130826,0.039535846680389675,2985849.339052301,606.3852576214446,0.0,-25151.71218756537,159933.332265052,-0.0,172838.5338159946,0.028504358773637734,-0.22252855081315492,3.0346815845439474,1245023.5749117532,56005.8156179407,47801.28682847932,40285.355208431385,82855.56383603081,0.0,245324.1721933376,162468.6083573068,85738.78807300884,34981.4255337876,0.0,58387.15298201436,2883.224236978009,0.6958413914234574,1.510546015405724,0.5073852887578338,0.013046661365141654,False,True,False,0,1.0,228121.26896152107
150/50,2.0,64,71,1750267.184877609,0.05757319570051034,3225563.9016022906,1091.4885162650148,0.0,198901.01884239097,153031.82725550732,-0.0,206004.37228406387,0.027592302573521126,-0.23759419928024283,2.9745653294086,1344160.6548501863,60464.763318347825,51333.27249480059,42817.638766323464,88977.67232432106,0.0,264524.3583565336,175546.6860322125,92773.47470106278,37851.57767803361,0.0,62956.797288855014,3795.8023767415348,0.6956965157783321,1.5115252920372282,0.5088461967708443,0.016309189538242563,False,True,False,0,1.0,309676.07429348485
150/50,2.0,65,72,1058865.507009203,0.005736195178808856,3098130.3055329653,435.40989472925514,0.0,-328270.9006921056,180660.652202952,-0.0,31201.55385812059,0.03281766293988221,-0.4376533455254302,3.1367031627991553,1144251.5894210448,51474.869596438366,43867.32232714521,37771.03083380133,76036.69203371838,0.0,225526.49694539147,149489.80491167307,79668.59366281774,32504.786214429638,0.0,53675.30627300317,3631.901629099372,0.6956730264905101,1.510799106246114,0.5079348457579625,0.017120944750031564,False,True,False,0,1.0,74622.959915168
150/50,2.0,66,73,2162590.6453461433,0.08018323370881197,3591827.1311230315,836.2356940872082,0.0,619864.0112422949,131096.4107858073,-0.0,219506.6570575462,0.02930279268585056,-0.365859110161601,2.937535454768999,1572564.5075301025,70739.86629562263,59964.10097220085,49504.735618550854,103937.77501848148,0.0,309750.6227936306,205812.8477751491,110152.86602846763,44942.36933961479,0.0,73720.64822488408,6215.091009985946,0.6947495956910791,1.511945746255564,0.5077845513396367,0.017493566410161643,False,True,False,0,1.0,414722.7071403465
150/50,2.0,67,74,2975642.0386949307,0.1152136297006554,4030512.869547598,1604.829194091912,0.0,1188136.5317326095,77677.16895816056,-0.0,351949.4311210641,0.039216607273233006,-0.157166806575479,2.8123775752248052,1891873.076231251,85101.12420934305,72408.29493207682,57554.72959532815,125507.7112155998,0.0,373088.9750762686,247581.2638606688,132893.63417545072,54220.60274358389,0.0,88795.17606815191,7385.9229598508555,0.6961536097798052,1.5105869602666018,0.5067974165107458,0.015300551753341773,False,True,False,0,1.0,657418.4417781217
150/50,2.0,68,75,1669868.9910824622,0.05261181397738435,3935043.3059228198,9242.920981925523,0.0,159407.91151559004,132557.3114476118,-0.0,206439.21169031382,0.03309011513871704,-0.2817238835043875,3.021341350835687,1598534.544531617,71907.59208676832,61035.10334419729,51048.40649333065,105794.17912994197,0.0,314274.1320865462,208479.95295660425,109512.10287253486,44680.93797199422,0.0,74797.24343659799,3717.9237425926144,0.6957026945586914,1.5109585902580127,0.5085055761204909,0.014229231751668125,False,True,False,0,1.0,273828.47913376335
150/50,2.0,69,76,2514715.1633680444,0.096601612237605,5103781.389223513,940.0026327297331,0.0,1010598.0893707533,42881.302400823355,-0.0,181133.5453103064,0.02629646618745063,-0.2196410774628178,2.896421342261015,2154745.6282220636,96930.63599647568,82567.82982042372,66075.03660051561,143117.57168873452,0.0,425862.02265226335,282744.4509635288,154693.24590617575,63114.84432971971,0.0,101355.16139123868,11575.674217441168,0.69599723322613,1.5125241600608301,0.505340554478827,0.01416135061072632,False,True,False,0,1.0,385345.2746263135
150/50,2.0,70,77,1116423.576582806,0.011073900782806234,3495474.180171512,696.4755748725319,0.0,-299280.70889935544,180110.0874043585,-0.0,112068.73240652621,0.027013132865865538,-0.4514832875530068,3.100765377815057,1289329.1796756596,57998.73613908054,49254.679075235974,41996.03919902583,85374.77706374238,0.0,252642.01538414884,167267.23832040647,86674.46396114938,35363.18129614894,0.0,60128.79966142743,1299.6868974066538,0.6957466719586745,1.5068757085552247,0.5099877909158241,0.013245389727360113,False,True,False,0,1.0,114770.96295730348
150/50,2.0,71,78,2667834.027525126,0.10310253025094385,5384456.844588491,1553.8927210457923,0.0,1093390.9342600354,48088.116426407774,-0.0,244096.5265590976,0.031228525037975706,-0.27436475724147424,2.8805270767350293,2293355.165837055,103165.45329975964,87390.07682834605,69919.66816210469,151476.13316913322,0.0,452551.4052545499,301075.2720854167,164353.68046850915,67056.30163115173,0.0,107707.23445058285,12877.547299375434,0.6962650876056178,1.512534034276694,0.5052476045262756,0.017859407052732257,False,True,False,0,1.0,500891.4967629857
150/50,2.0,72,79,678149.8311396483,-0.03809415041237596,1854875.9977626072,358.26331412406387,0.0,-725870.5269192323,318583.7467616153,-0.0,44664.7015532565,0.028738667252339575,-0.7360886296723632,3.333585492055974,475970.0514758856,21412.188969828847,18278.455027205226,17262.193301078983,31682.655380489046,0.0,93254.46753274738,61571.81215225834,31951.757987846424,13036.317259041338,0.0,22194.56327279388,269.10260735736324,0.6952066497405244,1.506943082160943,0.5141981778887482,0.0226460749737617,False,True,False,0,1.0,65965.44652914413
150/50,2.0,73,80,1756693.87904112,0.057960879091077944,3395474.2481979504,1444.4179630771691,0.0,123667.76566979276,156502.56054662535,-0.0,206507.533037854,0.023035437114749684,-0.3167772883413811,2.982293459438812,1366386.129535002,61464.4230397567,52281.57249221236,43601.52705958017,90621.39231983475,0.0,268828.06625092064,178206.6739310859,93929.94715302573,38323.4184384345,0.0,63981.0797677191,3308.5548331905875,0.6959005593081851,1.5104001258482904,0.5075665978686116,0.015063976852180527,False,True,False,0,1.0,266973.20804584346
150/50,2.0,74,81,823429.675936635,-0.01924021114832175,2410075.9513286646,330.199726277267,0.0,-605478.6035450349,285327.0006488782,-0.0,83409.64506847141,0.02831132887790748,-0.5850527240783072,3.1406964577178185,801054.9718599688,36034.59897501469,30675.276516746104,26791.043422326748,53170.47929569322,0.0,156884.30414268526,103713.82484699204,53571.493584091346,21857.16938230927,0.0,37338.46438595908,401.0142883979106,0.6955682679993578,1.5069281400495858,0.512560255721711,0.01500248681206462,False,True,False,0,1.0,122672.74015688337
150/50,2.0,75,82,1673347.9638067514,0.05283090775794874,3046222.3935236884,641.7274738626753,0.0,196735.7630771398,158407.52957121344,-0.0,172882.68662257624,0.03458005082421069,-0.45743525725576895,2.964929080549826,1202576.0267452984,54095.85264300184,46208.216805930286,38377.83314197526,80094.24246361246,0.0,236646.35590131307,156552.1134377006,82848.03964272751,33802.00017423282,0.0,56321.8327045125,2753.797179114741,0.695024114257268,1.5094584279101166,0.5111405271928449,0.013791302056500587,False,True,False,0,1.0,300494.105171071
150/50,2.0,76,83,4285957.482518056,0.15665752024678636,5719522.977749444,4199.874242131927,0.0,2111669.105977292,61024.311628359734,-0.0,574133.6858575951,0.026997005279396927,-0.14133879191135768,2.76802471023396,2633807.431607958,118483.3915168466,100240.51133260333,78850.13282322393,173750.2196431791,0.0,521224.284713259,347474.06507007993,195868.91421560728,79914.51699996777,0.0,124051.37976175566,22118.694572427677,0.6952063077711736,1.514613220276273,0.5046006334899799,0.026093039871400103,False,True,False,0,1.0,1101890.9698488896
150/50,2.0,77,84,1310620.5870029875,0.027419250067066026,3973628.4214420547,9364.769432881112,0.0,-33597.062864821084,157274.6809400496,-0.0,80113.89143617467,0.030698362385664427,-0.44838407725013096,3.0590572833080723,1437921.5584870346,64683.49347496421,54784.69051454082,46195.24277925636,94960.13022520406,0.0,282551.5399028832,187591.40967767913,98672.81668150544,40258.509206054216,0.0,67247.2664968862,3712.686456300831,0.6958447848170041,1.5095226903740937,0.5080751917318018,0.01989553573930869,False,True,False,0,1.0,146537.2089710341
150/50,2.0,78,85,3145657.5656765997,0.12142735174037722,4360880.603859576,7435.700840266611,0.0,1324499.5363893695,65069.3284932703,-0.0,441868.3134497402,0.02462917034890206,-0.13494378680983388,2.872685835780152,2034836.148532256,91536.28775939746,77074.72442382059,63082.40632418194,133596.189001289,0.0,400993.1397824019,267396.9507811129,146070.85595313908,59596.909228880744,0.0,95436.36726821166,12474.666951850177,0.695833423073919,1.5130592855259746,0.5050046216186749,0.016312231744342487,False,True,False,0,1.0,735706.6257090505
150/50,2.0,79,86,3022473.1337547447,0.11695646173526897,4902124.933019686,912.7654573405372,0.0,1334599.589816827,90651.7350730983,-0.0,274370.7791384221,0.03267269634203248,-0.20252254088149457,2.8002941155082204,2131903.4604776045,95904.51511600091,81257.98618699088,63936.533901826435,140847.1760574509,0.0,421700.6841248335,280853.5080673826,157158.0774552801,64120.49560175427,0.0,100364.76282171038,16310.901397829155,0.6954548819163144,1.513510620338184,0.5059291999037018,0.02402706898462048,False,True,False,0,1.0,605316.9958949363
150/50,2.0,80,87,2129149.2683620006,0.07850114611635539,3777592.7717420245,867.4661227923009,0.0,608982.5283800866,104166.58600399859,-0.0,199242.21902015118,0.03164718051702059,-0.1898345290185901,2.948930822322331,1622039.4097321213,72967.4303624166,61875.32427836603,51064.14144890105,107250.56208250113,0.0,320111.39113616163,212860.8290536605,115797.52703259121,47245.391029297214,0.0,76186.51109040645,8546.964950090427,0.6961720288021097,1.5124596976908788,0.5058535002894378,0.015673466166073347,False,True,False,0,1.0,350031.4586967801
150/50,2.0,81,88,1564227.2847492453,0.04575508663373373,3208809.9719219008,11671.006712752003,0.0,56828.523940061306,175765.90036729717,-0.0,183468.34319675088,0.03134416028640612,-0.2977928756882944,2.978619245782137,1304150.17616551,58664.14687563132,49887.80461801539,41465.36429663147,86472.19467122668,0.0,256198.93587080846,169726.74119958177,88702.60351010112,36190.662232121256,0.0,60975.34673725242,2230.40883887396,0.6955130354945519,1.5105432093750786,0.5105127781228408,0.014404861173708428,False,True,False,0,1.0,284925.4884831736
150/50,2.0,82,89,1610266.5962124583,0.04879299596124076,2750223.5781074474,974.9941724429053,0.0,90002.24858117843,184975.12630391555,-0.0,165392.98457488746,0.035766370006998636,-0.23554105104033418,2.9064216360362845,1134851.3063031684,51048.90208108235,43177.10506834244,35585.61556588179,74840.31545179358,0.0,223102.2095869071,148261.8941351135,78642.23625847712,32086.032393458663,0.0,53098.325881683886,3801.920806683662,0.6958997998408236,1.5104425611953467,0.508498011243175,0.015807448231175414,False,True,False,0,1.0,279684.46428294
150/50,2.0,83,90,867004.7502166148,-0.014169733128782447,2350961.281626912,256.945880006969,0.0,-521098.77721883357,262645.7877219374,-0.0,73537.26797510555,0.02864178656089616,-0.475443709781606,3.1565969867814716,822032.1886256585,36978.476298902366,31616.293050296004,27635.395862986883,54801.57462051309,0.0,161461.16938764768,106659.59476713458,55387.3218510143,22598.027315213836,0.0,38427.758314260136,585.7472305013588,0.6952970759106575,1.5082545115429196,0.5112573034731399,0.014871009239776023,False,True,False,0,1.0,103497.53516832247
150/50,2.0,84,91,1454116.979457702,0.03814958470726859,3081345.537423958,5299.132107162359,0.0,-86081.03348032809,166318.83833701612,-0.0,157082.2328331154,0.030968773483231148,-0.38970643298224716,2.997171437180178,1185466.2821792155,53325.64435249196,45155.124830939036,37990.09877889584,78268.88304029433,0.0,232603.91912514457,154335.03608485026,80514.16373685509,32849.778804636866,0.0,55359.73275178442,2245.280696560811,0.6960230718652198,1.5091250035585162,0.5089032502825199,0.013271733624102056,False,True,False,0,1.0,200338.99787839397
150/50,2.0,85,92,2075543.7522244414,0.0757545441123697,4048453.1870322186,1007.6679059440546,0.0,571021.7936473001,137341.42643778757,-0.0,218442.96076063876,0.030768474020491918,-0.26239589484784764,2.9056005106978566,1772799.4369831304,79746.33697270486,67250.7236743175,54695.23070533564,116567.92103548367,0.0,348500.6750421712,231932.75400668755,123648.53020185677,50448.60032235755,0.0,82943.16066003674,7080.609166373413,0.695114635536679,1.5112717038161676,0.5076785349969516,0.020234853570749056,False,True,False,0,1.0,424813.7378764697
150/50,2.0,86,93,1304507.242451197,0.026939004996319627,3539068.7008507685,897.5564500035744,0.0,-92456.63166787435,180028.10569358864,-0.0,72586.69434362598,0.03340622105372712,-0.3284855022779549,3.000480468003802,1359806.1025541597,61168.56073509888,51905.22229728421,42970.94074563193,89969.05198195929,0.0,267019.9038771002,177050.85189514092,92955.28892302158,37925.7578805928,0.0,63550.73712274983,2986.2369410621286,0.6949734561756116,1.508683421383644,0.5097612331674413,0.012506386009222603,False,True,False,0,1.0,170291.90712997477
150/50,2.0,87,94,1819982.1674612295,0.06171196888426955,2591314.9618787556,5142.807927058837,0.0,512.079417606903,192846.50458054297,-0.0,261199.33970696785,0.03286405053341692,-0.33519129202817954,3.0308400355236804,996866.5814574905,44842.86757422455,38139.662054046166,33155.44755776136,66108.74756034667,0.0,196138.5890108579,130029.84145051122,68606.10227543827,27991.28972837881,0.0,46680.98418458417,2497.3547150915933,0.6957852690706108,1.5094278825830039,0.507823195466538,0.017046037229397237,False,True,False,0,1.0,359031.7325767304
150/50,2.0,88,95,1847542.7880633464,0.0633089037715584,3258053.9422788853,995.8565458570357,0.0,171730.92751164717,132194.57936443758,-0.0,217874.16207101682,0.03677787558778347,-0.2569747267622059,2.9966497855410443,1321453.2384985022,59443.3794841769,50797.509119490715,42581.16908402811,88049.01580711725,0.0,260481.8644659836,172432.84865886637,91071.65177532987,37157.23392433458,0.0,61994.683742904104,3022.6359682127686,0.6961415049139491,1.5108433568847885,0.5076031936995002,0.013317075314533966,False,True,False,0,1.0,279478.03788669955
150/50,2.0,89,96,1410094.1521510638,0.034962969352199114,2709905.0537504656,230.05367649606532,0.0,-100825.48255492392,178557.45238680206,-0.0,176027.80791105586,0.029391067117854497,-0.21369317882129746,3.0311293601155995,1069103.363088323,48091.550982411776,40817.144580264765,34825.43571007665,70749.7172724589,0.0,209906.40653478712,139156.6892623282,72502.59921000876,29581.06047768357,0.0,49957.724755279334,1752.881937549852,0.6957058449988452,1.5094005109972966,0.5094429899502813,0.015157915889659646,False,True,False,0,1.0,239511.56196419377
150/50,2.0,90,97,1334414.9143299616,0.029269464607373674,2265401.181482704,547.0441325498251,0.0,-130259.26219925091,209778.02189062606,-0.0,142571.4653378939,0.0395463420107749,-0.4374158301195712,3.0786910311046056,880969.3087827138,39629.820041564526,33769.532464533506,29395.820293974342,58533.856271858065,0.0,173402.5885831745,114868.73231131645,60615.26528514652,24731.028236339786,0.0,41269.81608279553,2081.4090132884558,0.6956959478388077,1.509294409723143,0.5090084104893717,0.013839073328218987,False,True,False,0,1.0,230297.007977644
150/50,2.0,91,98,1940999.5448255967,0.06856893243113271,2826760.244494575,1886.4945380085328,0.0,309869.2438754522,176591.84808271937,-0.0,229038.02328315307,0.030159705632906347,-0.25283642292034547,2.9830562832888896,1153884.3766270918,51906.61912823537,44210.1900621239,37469.34459959786,76630.99610768139,0.0,227464.8720743726,150833.8759666912,80768.98027736694,32953.74395316571,0.0,54136.63955370067,4137.984169685633,0.6958905389416161,1.5104524572451137,0.5081508631322508,0.020374679699865617,False,True,False,0,1.0,378619.1886520557
150/50,2.0,92,99,2149491.3401269773,0.07952715175640601,3533436.8939385037,5478.775076047773,0.0,527678.7876322106,111765.8101421264,-0.0,272272.2100222035,0.027361812849162833,-0.26360567020337766,2.8941503938729323,1517533.1059425003,68262.94367761182,58071.12933438658,47296.63506509695,100656.62417960342,0.0,298914.2229890922,198257.59880948876,105508.3797914473,43047.41895491049,0.0,71141.58507140394,4851.755611843753,0.6956922731862722,1.5115838022883863,0.5082583628968577,0.017676112280252898,False,True,False,0,1.0,413808.607546518
150/50,2.0,93,100,3535432.943213061,0.13460386968170868,4350259.681746105,4100.526579940007,0.0,1547485.2747458098,115088.56740608755,-0.0,500826.95212757523,0.03891101395641684,-0.2057000700526902,2.768566039463621,2043885.0998139854,91942.20913087777,77833.7116991758,61659.21129526466,134911.76694523802,0.0,403692.57839392807,268780.81144869,148334.47258114436,60520.4648131069,0.0,96078.83365775489,13422.705635906097,0.695635085715413,1.5130514405944693,0.5059961396688725,0.01721611433054404,False,True,False,0,1.0,935723.1714623894
150/50,2.0,94,101,1392563.7611115235,0.03366904061079623,3745455.594137206,898.3166873413243,0.0,1441.1623221594054,168097.98950325715,-0.0,99262.86235939217,0.024333369693200855,-0.3290940020956278,3.0049594693282433,1468755.3647571644,66069.33981146681,55917.70778020436,46443.30541996143,96924.02681902092,0.0,288478.720190333,191554.6933713121,100443.63353474105,40981.00248217434,0.0,68657.93540529927,3519.6067157203956,0.6955070829378358,1.5099830182358138,0.5082898872165037,0.012715067451577244,False,True,False,0,1.0,163212.21887023427
150/50,2.0,95,102,933453.834657502,-0.006862720365226949,2985003.5194587745,419.5963240013597,0.0,-481799.6672326297,248591.57482658402,-0.0,95565.59756501422,0.02669119121822394,-0.5561826850117815,3.117779062659163,990742.922816661,44567.58865909886,37679.540029070464,32663.072029201012,65311.202717055465,0.0,194101.295533108,128790.09281605254,66882.44240959064,27288.036503112984,0.0,46196.10833687971,1571.239692535076,0.6950982606350185,1.5084989730710299,0.5100256570432202,0.01441046961353687,False,True,False,0,1.0,114416.16343047038
150/50,2.0,96,103,1932765.4855677865,0.0681147591339537,3308490.27007242,1434.329181444048,0.0,381302.34323086165,143661.97646315073,-0.0,203902.08946211592,0.030002587907010197,-0.22578246321601547,3.011101537532863,1410586.193406749,63453.38985141916,53668.322181870906,45499.19579159985,93025.09178190959,0.0,277271.32684658334,184246.23506467376,97240.89724690837,39674.2860767386,0.0,65990.57578948683,4215.80546499885,0.6960871090867441,1.5097621179791778,0.5075441790151185,0.014390461482505446,False,True,False,0,1.0,350730.11042703444
150/50,2.0,97,104,844530.2428924504,-0.01675551160007316,2448547.03212653,559.2344813414493,0.0,-572872.5056738948,280638.29632655124,-0.0,71847.98765157335,0.02751570954218442,-0.6262109761407033,3.1877372633710643,791007.1590798503,35583.5736528269,30637.89853782741,26854.696310023977,53105.69079890083,0.0,155699.90727310357,102594.21647420274,53820.08887976594,21958.596262944502,0.0,37056.57793099864,714.3980808653333,0.695687171763777,1.5076472103813086,0.5119364535569939,0.015037032064263434,False,True,False,0,1.0,113838.23060217011
150/50,2.0,98,105,1911807.5461074817,0.06695085837299186,2669787.2514809654,2552.0762381845907,0.0,273927.04526931164,199977.73436446462,-0.0,228423.13217997187,0.02914227783792221,-0.3716258256675329,2.9243219682591155,1039218.9007558055,46747.291249225535,39642.39178307111,33395.926753726686,68713.47909065662,0.0,204369.0678417563,135655.58875109968,71981.02505349315,29368.258221825206,0.0,48639.838146338,3267.545962836591,0.6950941965632434,1.5112119792383631,0.5109509355412609,0.014103348014177008,False,True,False,0,1.0,390406.31109906
150/50,2.0,99,106,1842089.810871342,0.06299465315592756,3226922.31830741,1049.2390647505413,0.0,324847.8369705071,118837.17373891354,-0.0,200671.38762618502,0.022940820890304272,-0.13200516124164063,3.0220897815624204,1396962.066364114,62839.326142996295,53253.44805479426,45180.7879057447,92305.97662831008,0.0,274351.78831063816,182045.8116823281,94737.70546287997,38652.98382885502,0.0,65295.725617931894,2431.7288345696975,0.6959097597546313,1.5095075534079825,0.5082797920107099,0.013856493325491215,False,True,False,0,1.0,297974.8554594749
150/50,2.0,100,107,1879504.8346273818,0.06513423729969903,3914965.841266987,1961.2315957286294,0.0,426043.78167995805,105183.57443143643,-0.0,184419.5120185314,0.025967200060784894,-0.20819928731480974,2.923144710575097,1702723.405626425,76593.68204282911,64762.48802854387,52724.750171928696,112254.97924947605,0.0,334864.80281487264,222609.8235653966,118072.26547843665,48173.48431520215,0.0,79697.82306993967,5817.286228960218,0.6961009848799566,1.5110319839382114,0.506990334858644,0.018959733281838087,False,True,False,0,1.0,285791.55564001226
150/50,2.0,101,108,940036.3549263733,-0.006164593343468083,2330471.7722595287,562.0514428154602,0.0,-436540.93992075254,234343.52692700966,-0.0,74860.13404583017,0.026841609345265444,-0.34491560736215765,3.2435656750096507,783179.4532980295,35231.60893951166,30137.921399936447,27174.40151818422,52239.06375988986,0.0,153942.06135296353,101702.99759307367,52977.18318180302,21614.69073817563,0.0,36638.21060200532,738.1194219131972,0.695883259414731,1.5081423442096866,0.5105760894875979,0.013510555799631563,False,True,False,0,1.0,104411.22369398836
150/50,2.0,102,109,2147549.5450525307,0.07942959038888908,5080757.169055418,1543.4595598385151,0.0,698160.4564936077,115068.88318250838,-0.0,181784.33925872267,0.028032097582646808,-0.3050143904321082,2.8447493416377823,2081419.3634224422,93628.95291354111,79042.96594938154,62415.15464567709,137007.80764559464,0.0,409870.83526485204,272863.0276192574,146949.13901422019,59955.24871780184,0.0,97549.25879303478,9941.331368625657,0.6960047150645249,1.5118231653040277,0.5064385352829154,0.018027050787397636,False,True,False,0,1.0,400850.03152567765
150/50,2.0,103,110,1655205.636603692,0.05168382785960546,3364436.576725624,2468.6578498625436,0.0,200161.52498099543,132470.43832299893,-0.0,114973.56385923558,0.034538934967152456,-0.2485502762847004,3.0102357307554812,1376676.838095889,61928.64220359962,52574.735202723496,44056.01844803838,91129.54101805406,0.0,271066.2186277447,179936.67760969064,95730.05806366098,39057.86368997368,0.0,64513.76003340323,4600.517045607101,0.6963768458755921,1.5093437350424828,0.5066937698755831,0.011259960419402582,False,True,False,0,1.0,230318.50571064808
150/50,2.0,104,111,3275065.3042732948,0.12595749564776804,3649309.366465292,9805.768331575482,0.0,1003230.0780018704,144246.20323249832,-0.0,486560.94267011876,0.028467510315977048,-0.19568471447090807,2.8477582626719617,1485575.1937378645,66828.21644593898,56782.84681338165,47100.50122116663,98423.60114319486,0.0,293569.42723389424,195145.82609069938,107504.08718896957,43861.66757309958,0.0,69869.52368166683,9080.48604577461,0.6956763095599103,1.5123922232554976,0.5066225801738282,0.025115492334651712,False,True,False,0,1.0,784126.6896284337
150/50,2.0,105,112,1224250.2327525672,0.02043893194791746,3452232.4545370797,751.1111972329211,0.0,-173708.4477367956,215110.98426412186,-0.0,126331.48412085496,0.025817003521627982,-0.39004580632262065,3.12087214713606,1288501.3996464773,57962.22119562997,49148.979849826166,42371.68587001164,85191.56507303199,0.0,252778.58695394808,167587.0218809161,87373.31486788846,35648.31246609849,0.0,60161.303695039634,2181.7497948563864,0.695999567991116,1.5084028033016117,0.5093844844976158,0.014233284279694058,False,True,False,0,1.0,201618.70817102503
150/50,2.0,106,113,1670395.7164322725,0.05264501171002367,3463347.8966172608,1577.7726542982098,0.0,211947.72792725032,132477.10001405852,-0.0,172541.02340224528,0.03135734640549782,-0.27524627742214947,3.0368639224795055,1416332.691779321,63712.812333992064,54250.760552254884,45766.618663561414,94034.65162390846,0.0,279155.92311170395,185121.2714877955,98483.5460621848,40181.28679337139,0.0,66439.10970058556,4448.89443827617,0.6957952356603881,1.5112789528586308,0.5070932187312802,0.015362265343284776,False,True,False,0,1.0,278582.4485322888
150/50,2.0,107,114,2284567.670379803,0.08612648162080694,3262530.7511056755,3415.405697012662,0.0,586690.871928717,137804.49542753026,-0.0,263593.6099750705,0.03456932685955885,-0.35162102962904385,2.834082614799809,1388360.255423069,62452.32864731075,52947.69275022675,42832.6875929626,91776.00076705968,0.0,273606.43723225675,181830.43646519707,97629.94211400457,39833.01638251386,0.0,65118.332061277106,5853.941346945105,0.6959051480086701,1.5109725199488206,0.5060352798623542,0.014637839523869545,False,True,False,0,1.0,433547.467834478
150/50,2.0,108,115,1594398.4833039658,0.047754867901929954,2921963.807142577,635.8446440072784,0.0,33175.74692596475,165585.68591144556,-0.0,175139.54659468663,0.02982331437202583,-0.2863555992824015,2.9626175258537875,1140499.0686238627,51304.31228052974,43548.00201063626,36386.808034121736,75483.20348510284,0.0,224605.31559043046,149122.1121053276,79834.769304179,32572.585876105033,0.0,53456.06511052244,4351.565819076229,0.6958725849086973,1.511036722853193,0.5078638738913173,0.013362189480289777,False,True,False,0,1.0,235872.27304681082
150/50,2.0,109,116,903930.0784071248,-0.010049489847139714,2386345.845316829,1451.578871353218,0.0,-483613.9180826421,234587.4513417676,-0.0,59489.848803082234,0.02773696045180061,-0.42937409192732245,3.2190806352345,759833.0023358569,34181.556552236376,29059.37932654235,26146.319279763917,50369.59083267339,0.0,149318.6114544656,98949.02062179221,51903.76931320995,21176.73787978966,0.0,35537.829526162815,1534.1784805363827,0.6965436033969218,1.5078570986770274,0.5086325625860872,0.010597100606521748,False,True,False,0,1.0,76252.72823552364
150/50,2.0,110,117,1501110.401809702,0.0414568083210034,2525842.4660148975,337.4740830835788,0.0,-117941.46272722536,223933.6736626823,-0.0,185679.24192748667,0.03293061440538991,-0.38171720633070216,2.9394907735678033,934702.9641349877,42045.80038760569,35588.792286666074,29967.773075774487,61687.23996355454,0.0,183631.9985860285,121944.75862247395,64448.12210407111,26294.833818461007,0.0,43704.415663474785,2760.8821405165368,0.695322092628419,1.5100898370382692,0.5095042154561924,0.014185628900645675,False,True,False,0,1.0,287473.7177960658
150/50,2.0,111,118,1329912.033693732,0.028921617001448574,3004392.309926613,413.3803948563443,0.0,-129313.88306093506,216502.22638361575,-0.0,149852.54739747292,0.02834997324196247,-0.32802731961819154,2.971290037110275,1150622.8947835017,51758.26038561097,43700.93238526411,36459.117564472,75748.28280112444,0.0,225801.04463853926,150052.76183741482,78580.28207771326,32060.755087707006,0.0,53740.64862397234,2831.999276588609,0.6964097826127778,1.5089327656155778,0.5077767889584937,0.014926309420650874,False,True,False,0,1.0,229509.99501661275
150/50,2.0,112,119,1525425.2639477835,0.043131579891587224,4085993.252787281,40635.39109832642,0.0,247766.32380936338,87702.88079269613,-0.0,39869.584077017076,0.032634240276129656,-0.28151222820354993,3.0259794488093714,1639079.1080979542,73732.09834629863,62602.615537798876,52055.53839120844,108511.20026551807,0.0,322574.0505865578,214062.8503210397,87273.65106060996,35607.64963272886,25846.139250635228,76772.62403960078,4608.590045727221,0.6962473999845626,1.5101602360809196,0.5073444232936403,0.0136629901570533,False,True,False,0,1.0,144248.2604507406
150/50,2.0,113,120,1781273.689373528,0.05943194806179464,3911990.109585594,754.2701265991412,0.0,190970.42653776312,171935.82159657433,-0.0,218042.0043541672,0.02965098634354516,-0.4989202331426493,2.96193983130715,1558578.2511416506,70109.60339252123,59319.59140644077,49037.35549913717,102820.62510449733,0.0,305984.2036687346,203163.57856423725,106908.27319998106,43618.57546559227,0.0,72824.24047315883,4087.648095484073,0.6952102364951392,1.5090928780150932,0.5082183868401309,0.01686594657528595,False,True,False,0,1.0,335858.4701144418
150/50,2.0,114,121,639051.5919925885,-0.043789315487715474,2436199.2357232114,150.0908104509813,0.0,-754864.9065121834,315069.06163849344,-0.0,44988.0179566264,0.02851831956597256,-0.6776424215724725,3.4088389684865725,706985.3782060035,31805.010579752794,27105.526881611157,25449.20412208118,46982.91326145935,0.0,138544.98407504015,91562.0708135808,47239.840635571876,19273.854979313324,0.0,32973.70620985957,256.92737411254063,0.6961138928409987,1.5062451163910553,0.5116135355909369,0.015881193435757113,False,True,False,0,1.0,56630.68616843325
150/50,2.0,115,122,1627347.5400633882,0.04990023076222849,3264553.441987583,598.6698915397884,0.0,154871.53523435112,167811.02163335116,-0.0,153839.0222953423,0.03204046654081779,-0.3685584436846102,2.9609539015483954,1335657.1200443546,60082.49208699363,51149.24003736185,42185.037916033936,88658.68273142722,0.0,263074.001672818,174415.31894139075,92668.90905025224,37808.914892502915,0.0,62611.61239813067,4010.2263188250354,0.6961486733430278,1.5113847844566446,0.5084574903812307,0.014603816264703529,False,True,False,0,1.0,259651.61520789485
150/50,2.0,116,123,866521.453301889,-0.014224700334347085,3057422.2238602974,4823.696924297922,0.0,-588680.2264935772,242803.18730314166,-0.0,9036.257839951802,0.028274388824118424,-0.5409015109243035,3.154997496953002,984991.7297247816,44309.93810097065,37633.98765794477,32692.91689924074,65232.24527377088,0.0,193530.878863882,128298.63359011113,67452.94500293874,27520.801561199005,0.0,46060.34916960391,2220.6997291676894,0.6951136686381214,1.509441333852481,0.5095127361420474,0.018868121097732393,False,True,False,0,1.0,42137.93138665893
150/50,2.0,117,124,1266167.1351360718,0.023880103491751292,2774138.208828328,665.1138563236382,0.0,-196683.7915567718,180632.3407845271,-0.0,111955.28049032473,0.02592944751645156,-0.33569084949028416,3.043958067013146,1071244.6906914723,48188.39955532528,41106.4871704772,34789.2296523242,71251.24442882715,0.0,210715.37425004583,139464.12982121867,73157.55875251899,29848.28397102774,0.0,50150.25907151089,1906.3143236918227,0.6956465740184523,1.5088330342444571,0.5091256596420327,0.013449961372805852,False,True,False,0,1.0,145333.76696319628
150/50,2.0,118,125,1997504.4705890166,0.07163965527722316,3828491.485869534,9299.674587226056,0.0,436663.9246007359,100947.44376635163,-0.0,169149.1797727348,0.030266897048603452,-0.2605876919516017,2.9621599515186907,1598480.7516215337,71905.9046065265,61029.9336803652,50437.34259385031,105785.21837929967,0.0,314983.8334689403,209198.6150896406,111828.02390920372,45625.833754955114,0.0,74966.15236560779,6042.805529903812,0.6954970503019152,1.5122400029415228,0.5072441173929257,0.021892678972808444,False,True,False,0,1.0,270876.89681328036
150/50,2.0,119,126,965876.4798012284,-0.0034659118777096154,2084320.459268686,3205.320712086441,0.0,-539168.8280335257,292312.2591248236,-0.0,120036.29394325381,0.029525341775363888,-0.5376435638551038,3.2962283409573914,696478.6942622968,31331.665558182718,26774.215415215895,24782.448738794727,46408.64005304086,0.0,136520.92268515733,90112.28263211648,46679.12816218593,19045.084290171857,0.0,32491.979599067454,270.4881091448817,0.6954824569921548,1.5073952729393145,0.5132007310874671,0.017547396716768082,False,True,False,0,1.0,175615.29451819957
150/50,2.0,120,127,1133039.0268360942,0.01256867281673646,2611231.5214521037,499.6803780598145,0.0,-269246.6520331813,190938.24049941267,-0.0,107892.73997743387,0.028185309799818013,-0.22161813791491747,3.116407195145415,984978.753186384,44307.71669036027,37479.6356109985,32731.366713406518,64964.70172573071,0.0,193101.89792951962,128137.19620378892,66105.52753585765,26971.055234629923,0.0,45958.25170722568,1140.8258101267943,0.6959705520203407,1.508190849677836,0.5085406708173343,0.008843222374527393,False,True,False,0,1.0,132104.87939707717
150/50,2.0,121,128,650456.9110714826,-0.04209629454790398,1876961.1324465307,966.5798037671063,0.0,-745435.9257293779,322080.947847419,-0.0,41114.26727599681,0.029457499086150186,-0.7673437106439353,3.3833437181645563,457628.7586685967,20587.33022911092,17649.820898209546,16858.53970024776,30593.022890229877,0.0,89725.36283332451,59132.33994309464,30703.803646251024,12527.151887670418,0.0,21354.63635433123,110.78075602102189,0.6960462138608361,1.5057112984753378,0.5131166951026953,0.016119177781272365,False,True,False,0,1.0,71293.89616043812
150/50,2.0,122,129,1855032.235690469,0.06373915667545815,3977935.8328763614,7718.421407803118,0.0,389302.22037865175,139917.39969095742,-0.0,183775.8537831509,0.027238707408505855,-0.27880573960485666,3.0205375733616515,1589007.0964360535,71480.78406785845,60527.72012864066,50912.94605973877,104914.7148896438,0.0,312862.42571144673,207947.71082180293,111048.2346668524,45307.67974407578,0.0,74461.2573193243,6133.519777208637,0.6951451024963913,1.511696140764848,0.5071999138920574,0.01801837063018885,False,True,False,0,1.0,319513.31838451483
150/50,2.0,123,130,947356.4538173124,-0.005393388515440356,2083599.8181893188,484.2103051108119,0.0,-451814.95937126526,242411.32553601282,-0.0,83664.529543446,0.029327852006828747,-0.46144824633950055,3.1477984219389668,711575.4430489286,32009.418798166225,27283.632075653753,24184.18005403001,47291.62893113318,0.0,139710.44433519026,92418.81540405708,47817.42041811517,19509.50753059099,0.0,33251.085751775274,525.7914869819931,0.6952279181915657,1.5093257263394158,0.5115158725386502,0.013328303029740862,False,True,False,0,1.0,112914.30822592886
150/50,2.0,124,131,1565151.6987796251,0.04581687136896018,3801612.269424031,22544.58068217153,0.0,-49850.766642332834,178332.99413590293,-0.0,233721.11868428488,0.030028284713023944,-0.4102727982463301,3.0194859871432147,1421212.6410130318,63931.112693600226,54559.33824228287,45547.88515195553,94569.51961995695,0.0,279648.7400123522,185079.22039239522,97395.05965692009,39737.18434002341,0.0,66556.40012293983,2825.5400369634845,0.6951018416520938,1.5103123200772057,0.5098438817942806,0.016386627780672347,False,True,False,0,1.0,296950.40273887
150/50,2.0,125,132,3144098.5670940606,0.12137176102056557,5803528.471529697,2232.979911978491,0.0,1684057.9169664718,96831.77505992516,-0.0,379732.3498009453,0.033193103131992016,-0.25515770572026986,2.8671275881729406,2450477.5763092497,110233.59088966045,93115.01737406032,74804.9019081451,161399.3634483712,0.0,483261.7021675365,321862.3387191653,175965.8470441478,71794.0655940123,0.0,115016.28511587369,14566.483595776683,0.6953692897205093,1.5130090798447373,0.5066703712767993,0.019823372986335075,False,True,False,0,1.0,832357.4660170769
150/50,2.0,126,133,1298525.8432894028,0.026467160693348202,3752075.80395029,650.229630801962,0.0,-99981.55627864956,202561.32658167277,-0.0,128754.42825610194,0.026090211582283394,-0.381214534513,3.073038352193104,1434426.5701814159,64525.86926182005,55213.934165610925,46317.656872370026,95704.15255372561,0.0,282086.10193166445,186381.94937793884,97531.24534080154,39792.74809904702,0.0,67136.49225973611,1827.0927870753942,0.6958048785165358,1.5089665086078496,0.5109205816071031,0.01484825438379278,False,True,False,0,1.0,200360.08716690156
150/50,2.0,127,134,853391.7515611168,-0.015728649621792212,2372711.2424166338,1935.0360860580192,0.0,-531626.7387635311,242782.75560707526,-0.0,76988.24176788259,0.027449013869151224,-0.4636209744242509,3.1920744468575784,782546.098991566,35202.41121223735,30118.149527250454,26669.4523050413,52204.79251390079,0.0,153625.92058478104,101421.12807088025,52514.134777293315,21425.766989135667,0.0,36562.969099177884,309.34226339264546,0.6953563481199444,1.5076559032886847,0.5114620370847616,0.015932708446563137,False,True,False,0,1.0,104497.76339233275
150/50,2.0,128,135,2645279.148637372,0.10216635842750366,4098877.79573764,2284.957268991969,0.0,927885.1729912595,84048.0,-0.0,287770.48456628894,0.026890910460669395,-0.1601477464424994,2.8947283505252512,1815161.4924860713,81654.49008568449,68883.5522150017,56438.546065791255,119398.1571726696,0.0,357730.41378306865,238332.25661039905,129957.64276163037,53022.71824674518,0.0,85139.83848037031,10559.485588960415,0.6957210538882654,1.5116946073361552,0.5060272689666235,0.021379692069324552,False,True,False,0,1.0,501238.3064031522
150/50,2.0,129,136,1392981.9199646185,0.033700075417038455,2333577.5324519486,529.5658916244597,0.0,-77626.79561953129,184662.75088332593,-0.0,143284.47495575386,0.031432377463292575,-0.34485543803559293,2.962563938876764,963092.7848595425,43322.40292290742,36578.514368106175,30893.388091583052,63402.7582380507,0.0,188990.57928867874,125587.82105062803,65648.62621372918,26784.6394952015,0.0,44979.75787070553,2245.867975678513,0.6959235234665837,1.5089806684055813,0.5082935097034381,0.010785343064347197,False,True,False,0,1.0,214731.9620783259
150/50,2.0,130,137,1265837.396117149,0.023853436175645282,3444900.454083388,191.41167165870758,0.0,-103611.10732391711,165530.22984716858,-0.0,115514.91307671837,0.02555351696881205,-0.347544984738951,3.118569123316061,1260999.715273244,56724.971225718495,48342.42881398289,41531.27931281773,83793.54327757035,0.0,248113.58762273012,164320.04434515978,85929.0739707602,35059.06218007016,0.0,59051.03385420975,2135.530693189989,0.6950787121945476,1.5106582627288947,0.5093381375595338,0.016612108097695533,False,True,False,0,1.0,154231.2446531357
150/50,2.0,131,138,1117599.5087223735,0.011180347041014782,2356020.191740161,7748.459942244587,0.0,-338383.1326505803,244907.97798169777,-0.0,126043.9994346435,0.028918022337396557,-0.4055288664914386,3.1341369093828666,843105.8136494445,37926.315365394774,32432.789492854405,28459.83175294029,56216.835120947646,0.0,165710.90184460927,109494.06672366161,56975.485313208774,23245.99800778918,0.0,39439.194639017,758.650192261141,0.6960709135788377,1.5082606710856226,0.510343548227133,0.01746758034053486,False,True,False,0,1.0,207542.55844658863
150/50,2.0,132,139,2559270.8423423884,0.09852924930142826,4217475.762618874,1457.5520467218814,0.0,946639.6433244738,89092.2045090975,-0.0,270924.0818856581,0.029951641534116464,-0.22157912914663025,2.946026629963533,1826469.5874840547,82161.95828232824,69093.48060018917,57608.86842179812,119762.0330403279,0.0,359016.2690964171,239254.23605608923,128020.85693024166,52232.50962753859,0.0,85445.87204494727,8258.823889914156,0.6954017742918168,1.5114345160890887,0.5064798427503796,0.01626664735155403,False,True,False,0,1.0,501410.5455977976
150/50,2.0,133,140,2354670.4590689978,0.08941415418112375,4187849.949576603,929.7040233780627,0.0,789103.3465209414,108831.69270413606,-0.0,266175.3212381486,0.03238609910654209,-0.24366006464845635,2.8498900647498777,1878459.5451618969,84498.62951602122,71663.94995519402,57105.90962603914,124217.51325566965,0.0,369999.2360693042,245781.72281363458,131813.72130426855,53779.998292141565,0.0,88059.81818449439,7596.208048598758,0.6957158950127965,1.5119425633289674,0.5075721414737624,0.017564099718696546,False,True,False,0,1.0,493008.306744486
150/50,2.0,134,141,1192179.536052405,0.017733725369827757,2710308.570027104,648.5210539729388,0.0,-257110.00757142913,203254.8154929537,-0.0,127173.59126752106,0.030960549770950162,-0.4149956961139559,3.061217918339893,1000817.6188906722,45019.90703353753,37971.05783741206,32754.82580961815,65816.50025151424,0.0,195989.08671391875,130172.5864624045,67351.29885892688,27479.329934442165,0.0,46645.40263791265,1534.7986074125533,0.6961591986445113,1.5085835807867862,0.5096075803383341,0.014934215303280762,False,True,False,0,1.0,168545.6585409349
150/50,2.0,135,142,2376778.054964844,0.09043269047535363,3118815.8985085725,12551.879151389101,0.0,701402.7842335394,147790.8728034185,-0.0,299965.2297875111,0.031789285992238944,-0.2546845643599953,2.8790803671655865,1382365.3151196851,62183.17363334865,52297.80985793904,43440.97974117143,90649.53708709436,0.0,271718.754697842,181069.21761074764,96757.87656116448,39477.2136369551,0.0,64669.0636180864,6108.339474070412,0.6959063828323522,1.511011126323611,0.5064816722545316,0.020512269824325635,False,True,False,0,1.0,540941.702759187
150/50,2.0,136,143,2256370.5293280785,0.08477843220270276,3148804.7928641485,1186.3053926747687,0.0,558113.5152958612,193118.27992446703,-0.0,271511.5979645939,0.03424533867254085,-0.41998642759660054,3.008622991496962,1250078.3539540563,56236.25084918784,47567.282558460734,41016.54892806507,82449.95643466529,0.0,246507.81471221783,164057.85827755253,89738.51098494476,36613.31248185746,0.0,58668.859901507865,7288.554550279598,0.6962354114494836,1.5109786276824635,0.5067355515485401,0.017668994806449678,False,True,False,0,1.0,502638.64366643224
150/50,2.0,137,144,1074944.733397465,0.0072531021909210125,3274125.63717564,5543.380254518579,0.0,-312948.572106251,175451.81542900339,-0.0,10962.136414032426,0.043075878742203685,-0.4131201358200114,3.1827896486484915,1178936.8877674104,53033.992627245374,45030.964833981976,39432.69085783355,78053.67237890208,0.0,231461.86734206812,153408.19496316602,72014.31580759716,29381.84084949964,7710.781922544402,55087.92442741221,1671.4253512392777,0.6955579421899286,1.508926377146683,0.5095200427713655,0.010954872415581351,False,True,False,0,1.0,74188.55823483207
150/50,2.0,138,145,2022022.3474185492,0.07294780370249576,3666226.932343016,16802.73720835319,0.0,284128.42192601983,153883.34976690682,-0.0,330689.52240575844,0.02915420269194848,-0.26591699288051307,2.9682833708129435,1461767.866997643,65755.07285335769,55965.4972849048,46663.044750074536,97006.86196050164,0.0,287857.527585332,190850.66562483035,100986.51245442836,41202.497081406764,0.0,68510.091565309,3979.6504939267274,0.6956432148577442,1.5103675836337092,0.5071690170289905,0.015869959206356032,False,True,False,0,1.0,478381.17111472855
150/50,2.0,139,146,700746.2237072623,-0.03493608607347287,2383089.9250531713,2309.9572156595545,0.0,-654413.4702418069,251097.24803483838,-0.0,34894.951481161545,0.030457684792687956,-0.5855367695169656,3.3890991965175408,760885.4877970188,34229.83619221284,29354.36150917316,27233.599901228667,50880.893282566794,0.0,149601.23055373353,98720.33727116673,51331.41676299745,20943.21803930296,0.0,35605.09287178858,450.5234804306513,0.6955353372213782,1.5077211754755937,0.5109865434955163,0.014720453614262996,False,True,False,0,1.0,23882.13147474265
150/50,2.0,140,147,1771544.9433868923,0.05885189322240425,3330154.663634015,1095.3499802106762,0.0,263958.37191926467,141140.57101558335,-0.0,186690.808909687,0.02635969305096973,-0.3657670654745492,2.9466220667134104,1428148.3620488874,64242.52547912659,54643.09536070474,44935.31980826077,94714.69862522159,0.0,281154.23215289967,186439.53352767808,98719.08713299876,40277.38755026349,0.0,66914.70725239012,4004.388507777229,0.696126461973707,1.5101633806202268,0.5074656628238075,0.014383488940175937,False,True,False,0,1.0,290894.9428989673
150/50,2.0,141,148,1556520.506715445,0.045238708555206175,3570277.9236502503,4614.012687470454,0.0,121424.40338001886,149404.02808094723,-0.0,165608.8704134724,0.033961659566656546,-0.296109824120656,3.0225842855062703,1502073.8696246822,67568.46132372656,57327.21167953747,47968.82130080744,99367.16691119828,0.0,295254.1541758915,195886.9872646932,102856.75742456439,41965.55702922227,0.0,70270.48869386213,3489.5905133662054,0.6962342412332345,1.5095937390829604,0.5079431375280213,0.013117601803150247,False,True,False,0,1.0,257483.0664509519
150/50,2.0,142,149,3882250.4074351033,0.14527123880873383,5062915.752754193,1889.371926042443,0.0,2081616.6901431798,41086.88745233716,-0.0,416302.5959456544,0.03133640557105905,-0.16106260838894915,2.826056009225162,2468068.4923863346,111026.80974320338,93405.79200897132,75115.1945900648,161903.37281555028,0.0,487074.4634320684,325171.09061651817,180650.71779974177,73705.49286229463,0.0,115923.72229683223,18747.344984190935,0.6953192420449646,1.5135948618896484,0.5049013202241006,0.02059724100954341,False,True,False,0,1.0,891400.0602749881
150/50,2.0,143,150,1144364.2862489305,0.013576259136428792,2678091.484712333,793.1568902393997,0.0,-256412.12552819707,230725.23894601178,-0.0,114816.51783570705,0.0319350074841958,-0.41166226434882414,3.0513112069429407,1004491.6417547321,45185.31434057151,38338.66223227383,32698.47848576796,66453.68120260799,0.0,197018.74697798153,130565.06577537354,67902.79246399191,27704.339325308698,0.0,46890.46178075959,1449.1112613836583,0.6951563330527576,1.5093229582942898,0.5111176723732727,0.013461336263405843,False,True,False,0,1.0,183816.89969555827
150/50,2.0,144,151,1576494.529142525,0.04657232618772045,2581233.605635454,922.3214004518687,0.0,66760.06747356363,181779.9792658639,-0.0,182527.37138356117,0.02885468824127729,-0.301127893116683,3.065759690616087,1037338.7762987114,46663.385268523736,39550.63577322146,34417.35952054422,68554.43534025051,0.0,203806.82327060992,135252.3879303594,70804.11935372015,28888.08069631782,0.0,48506.02393840516,2249.68401346952,0.6960283929711539,1.5096975628385307,0.5089947585806898,0.009357611180086822,False,True,False,0,1.0,277615.6062122266
150/50,2.0,145,152,1947443.7799034605,0.06892317480913879,2674659.292841568,1135.3189573442064,0.0,241200.1983271324,197185.6572288773,-0.0,270095.5885982965,0.027904707530898142,-0.3847130245887148,2.916465417132475,1145636.0009458293,51533.826108582405,43477.712209188656,36498.54312058605,75361.36782926033,0.0,224924.72600675194,149563.3581774916,78906.50193300453,32193.85278866584,0.0,53532.084789606946,3545.134103744085,0.6958259257397866,1.5092887471737253,0.5085872920966343,0.016632576070952476,False,True,False,0,1.0,437444.36387384555
150/50,2.0,146,153,878117.2248228891,-0.012913415112168813,3152875.977126645,409.02612130778186,0.0,-498964.5785705651,222148.42948486056,-0.0,58365.83204831471,0.024945810379966366,-0.6063770891540352,3.1752138237888667,1038471.4924705308,46715.7594641866,39752.775108482514,34644.0843893956,68904.81018803635,0.0,203922.73289761174,135017.9227095754,70740.33284010914,28862.05579876453,0.0,48533.61042963158,1835.5226520728083,0.6956293593914911,1.5086613665811957,0.5109235923655099,0.01581945491166936,False,True,False,0,1.0,64617.71363294551
150/50,2.0,147,154,1571808.1122994097,0.04626079655779192,2928340.3142553647,607.5978730742078,0.0,76594.17227396746,154989.10663518854,-0.0,165749.34890730228,0.029375607760508727,-0.20634677505386478,3.01058587845725,1216424.0184684927,54718.53962599193,46564.13780050105,39242.48921481864,80711.17218753518,0.0,239350.44025956647,158639.2680720313,83187.4241418059,33940.4690498568,0.0,56965.40478177683,2476.2519542707105,0.6959447072981437,1.5098331518138717,0.5077262468375242,0.011167293298006253,False,True,False,0,1.0,248488.2539223354
150/50,2.0,148,155,1160532.9902101972,0.014999314771082073,3444728.243586336,607.6260025812168,0.0,-211976.4003176823,160648.54029812923,-0.0,113387.32946405551,0.026061678874699862,-0.41140809200970296,3.048491911260189,1258207.0796379165,56598.18726866897,47891.54131319589,40447.56547810749,83012.00494287287,0.0,246623.31319215847,163611.30824928562,84993.85241637685,34677.49178588175,0.0,58696.34853973372,1981.8474735040563,0.6959252871309989,1.5087428353963115,0.5100127518420958,0.016102979477226054,False,True,False,0,1.0,139692.58793232593
150/50,2.0,149,156,1628145.5641473574,0.04995170476008082,3359404.191954741,1513.3816435123147,0.0,88392.9176274975,169718.97733291308,-0.0,242495.17047281848,0.0322661072802582,-0.3922524914236707,2.964363250417075,1342560.31130665,60392.45278174976,51161.04718851542,42527.69077678252,88679.14846009335,0.0,263904.33169574913,175225.18323565577,92320.26542067785,37666.66829163656,0.0,62809.23094358829,3641.1169605842706,0.6960743812169995,1.5107217324253228,0.5083717334729443,0.014415270739223551,False,True,False,0,1.0,343104.6401105953
150/50,2.0,150,157,988093.2014180644,-0.0011971081201439526,2592534.0819818624,558.2511669625287,0.0,-410677.82286032144,256306.7842794044,-0.0,80062.56719805714,0.03485123961441802,-0.5879462086807932,3.1836181525684033,861829.1883316692,38769.23044670554,32818.69052515676,29234.904636394524,56885.73024360503,0.0,168826.5931932546,111940.86294964957,58171.96332012956,23734.161034612855,0.0,40180.72917999459,1286.2330765244683,0.6961007665393601,1.5076375169482739,0.5113365387753762,0.014959694866870321,False,True,False,0,1.0,137325.88495562435
150/50,2.0,151,158,1087994.9195659123,0.00846931128599926,3725286.192592582,6376.9242356833665,0.0,-296670.99321251974,216237.46402799114,-0.0,30276.395093787967,0.03229602590380725,-0.5622483119606969,3.013730948253691,1297404.2686836165,58363.05312239602,49802.196494763026,40972.354360452286,86323.80725758929,0.0,255777.52421941565,169453.71696182637,85614.84321177239,34930.85603040313,4995.852206349984,60875.05076422091,4286.888160533217,0.6956822759550451,1.5110705437067842,0.5091031554020926,0.01612108638582055,False,True,False,0,1.0,92685.76814571653
150/50,2.0,152,159,2009307.1818390307,0.07227118066930038,3753651.6256392077,1714.1985863132804,0.0,465394.2056298548,98462.55593377765,-0.0,200121.44525414845,0.033756766882304653,-0.21416617594851395,2.9686718711193723,1560184.7453308306,70182.37470742698,59195.87854423562,49442.146965444095,102606.18947667505,0.0,306635.7214858599,204029.53200918483,107883.96259728764,44016.65673969334,0.0,72979.30171363463,5277.773120612369,0.6963949046837672,1.5105260788212118,0.5068348363978912,0.012465020886962774,False,True,False,0,1.0,327635.9477790734
150/50,2.0,153,160,1909095.6957675163,0.06679941741763673,4669917.588767904,913.5545686309628,0.0,339504.20278765715,119959.09705582571,-0.0,169503.94590047587,0.03317224373109473,-0.3988106769039331,2.9868091998996014,1837316.7476542625,82651.71871395524,70108.94362838386,57826.818374319926,121522.16895586533,0.0,362218.2445460882,240696.0755902229,130104.94278768408,53082.81665737509,0.0,86207.942201969,8582.773831818778,0.6960932033448685,1.5111051785999323,0.506429576570808,0.01610132426768285,False,True,False,0,1.0,327307.180636029
150/50,2.0,154,161,2081623.4072394106,0.0760692381090391,4728155.210964561,832.8361643455129,0.0,630606.8207389611,112394.83643166581,-0.0,222744.50405385878,0.03280436053636142,-0.35226379502771965,2.976449677410377,1997516.9629311129,89855.64272677063,75877.50390784268,62676.499383780276,131521.00677359398,0.0,392255.9922703397,260734.9854967457,138071.6649879577,56333.23931508673,0.0,93356.92616034084,6550.658214363648,0.6955138973306902,1.5104853646684924,0.5082182108495721,0.018865570293131295,False,True,False,0,1.0,405259.2025696475
150/50,2.0,155,162,2602172.0043127965,0.10035697320705794,4371021.433574198,18030.39010834585,0.0,831246.9808931379,145270.79641814006,-0.0,394210.4040144697,0.026936103529112895,-0.310531563760687,2.8964527157722806,1865518.2692909956,83917.34455360245,70532.63555098134,58021.509710082704,122256.56828836768,0.0,366706.0835381995,244449.5152498318,130686.63597743624,53320.14747879398,0.0,87276.04788209149,8430.067689068364,0.6963935538497381,1.5121942359721772,0.5060570984018962,0.01998567841963861,False,True,False,0,1.0,664243.2824179612
150/50,2.0,156,163,1036533.3613280125,0.003594629127982696,2222575.704637106,440.37246799541225,0.0,-382000.13778522,233843.7533911324,-0.0,106389.49297873012,0.02672620960628944,-0.3024298307958835,3.173506118028013,833408.4887002871,37490.30903111586,32110.43766923933,28391.93973537281,55658.09196001484,0.0,163649.1110930469,107991.01913303207,55979.685773798024,22839.711795709594,0.0,38948.48844014516,321.59381378313583,0.6957155081424478,1.5080901887881948,0.5119552885006854,0.01293389937954692,False,True,False,0,1.0,153984.96105959424
150/50,2.0,157,164,828594.7471530227,-0.018626746271455108,2198496.3414927223,433.84010042584043,0.0,-536099.9559954202,253067.3156058276,-0.0,63559.81900152025,0.03404838517370799,-0.5356906189164132,3.1446670002045893,745499.8160010388,33535.68822799203,28530.928510580747,25058.355258949192,49453.60941833997,0.0,146100.20659831513,96646.59717997516,50098.1102218522,20440.028970515694,0.0,34771.84917039899,644.5008035125129,0.6958453159959402,1.507662916285534,0.5120624335362477,0.015259020527015554,False,True,False,0,1.0,83060.00698846529
150/50,2.0,158,165,1447905.5917045837,0.03770527531161472,3017184.4563286016,579.6397995434511,0.0,42457.84830251246,167899.34058036018,-0.0,148222.9721904769,0.03208937334626243,-0.3443607329872682,3.046576803380007,1196820.9833556737,53837.50436768584,45726.90720925904,38912.31386401272,79259.972496049,0.0,235390.47182984443,156130.49933379545,82084.09351202213,33490.310152905025,0.0,56022.93229550298,2824.1210159731772,0.6959624769442008,1.5108223325782766,0.5092191301036391,0.013628459958128003,False,True,False,0,1.0,239330.86249027596
150/50,2.0,159,166,1957384.076601704,0.06946753385231785,3324698.9335717917,812.5620313176745,0.0,406979.6553024324,138210.10557033148,-0.0,182460.52405940052,0.03149793585175655,-0.3200063903892184,2.882906453529907,1428064.6638821077,64239.38124166933,54423.20857449027,44175.699498705224,94333.5615291165,0.0,281393.54468448565,187059.98315536915,100646.84604555249,41063.913186585414,0.0,66971.66363490759,6313.28451643582,0.6961902029350094,1.5111554802947382,0.5067446960182324,0.015975237572524836,False,True,False,0,1.0,326368.0068610343
150/50,2.0,160,167,1962426.1931179552,0.06974270413914296,4728174.492011153,649.176163401023,0.0,488997.88014837936,71018.28827135079,-0.0,187126.16807460075,0.030319624629045864,-0.29834597445606237,2.8476363172728085,2009025.3514537662,90368.6450016436,76710.97551136506,60291.758237582704,132965.6908863661,0.0,394612.7547024262,261647.0638160601,136993.78641299088,55893.46485650027,0.0,93917.83561917744,4028.0955266250694,0.6960711161851015,1.5095259079055372,0.5091727456302932,0.013994031776900062,False,True,False,0,1.0,316693.8213873179
150/50,2.0,161,168,1861467.148772191,0.06410758193115784,3912702.0583141632,9506.826845821804,0.0,214719.44365281542,156668.299802705,-0.0,263590.2266061025,0.0377077345368016,-0.4422143224959172,2.936867528681296,1567329.3516447004,70503.21971258787,59895.06878727298,49048.17864129167,103818.1192312732,0.0,308085.3684817601,204267.2492504869,108011.26080937234,44068.59441022391,0.0,73324.31769865888,4193.1415780986945,0.6952469829860467,1.5099979691255796,0.5091674910434681,0.014979605019508568,False,True,False,0,1.0,398615.58052931976
150/50,2.0,162,169,972518.6988701212,-0.002782718645208737,2318969.0066534565,418.5646634428315,0.0,-425995.7401586093,231503.6606694669,-0.0,82202.12751756275,0.029512133035969824,-0.3986374415312649,3.1183133752531025,810729.0003656184,36469.518261870544,31014.314008094094,27105.951987418804,53758.14428069644,0.0,159053.0535080303,105294.90922733388,54477.70186503232,22226.902360933185,0.0,37854.62673491121,719.5575843359084,0.6960113507567098,1.5078347518209292,0.5095404309203901,0.011090224571693952,False,True,False,0,1.0,109452.34060190528
150/50,2.0,163,170,1353032.7648884817,0.03069657135769588,3811271.4307087734,232.78057667275175,0.0,-114734.14653260235,161274.3429607565,-0.0,75839.92387158552,0.026983801621414654,-0.42833321551411174,3.0379680669400035,1454967.0803694539,65449.80140047715,55566.514581466414,46442.005403909905,96315.29194120843,0.0,285976.95762792847,189661.66568672005,99677.23645031528,40668.31247172863,0.0,68062.51591544696,3361.944509106587,0.6961082360475239,1.5092229718301016,0.5081598377273394,0.013938090307656914,False,True,False,0,1.0,131722.87632937048
150/50,2.0,164,171,2482581.2333065984,0.09519221193564897,3846177.540997176,837.9399475774729,0.0,834976.4394271864,126511.00716447894,-0.0,304997.80519577605,0.03109636258517856,-0.25353176318936255,2.9135431553469657,1664812.2012604394,74890.5500055356,63521.56215447619,52248.96716804891,110104.04106775874,0.0,328331.4678809641,218227.42681320535,118304.06606250389,48268.05895350159,0.0,78142.88935566945,8200.024994745534,0.6959156452712275,1.5115026548497386,0.5066804884712672,0.017471893053541354,False,True,False,0,1.0,535663.0409600625
150/50,2.0,165,172,1996646.1191870503,0.07159359674103882,3796124.6154218013,897.9400348719981,0.0,560130.2684066202,60109.8703463604,-0.0,187137.67768920155,0.027461018887587046,-0.172646020496371,2.9599171158365354,1704912.4446675926,76693.85896706882,65234.659778574525,53602.08328405628,113073.4102828625,0.0,336252.6282960138,223179.21801315132,119681.40942588694,48830.01504576187,0.0,80028.12553445128,6607.999143025033,0.6960229400971533,1.5119091395946334,0.5062816188894839,0.015729232233622437,False,True,False,0,1.0,297633.785955288
150/50,2.0,166,173,1277889.755438157,0.024824121296631363,2436585.36882818,686.3134430271609,0.0,-195074.33695851028,217009.7177195661,-0.0,139773.4524588097,0.029774827675052996,-0.37532631385665116,3.101123755979126,886546.3341497825,39881.088823910424,34085.74750833085,29723.60927545797,59081.96234777347,0.0,174809.50227882678,115727.53993105331,61353.13334402969,25032.078404364114,0.0,41604.66154236077,2271.1709962563173,0.6962840363158876,1.509826802660199,0.5070712515956063,0.015333689143067541,False,True,False,0,1.0,202945.6344807017
150/50,2.0,167,174,1249434.2147752866,0.022518888951855276,2941056.558814914,530.8432493476387,0.0,-168889.94250017632,181761.91077955486,-0.0,106358.04239416616,0.02792509389377296,-0.3789083553500061,3.041338174582091,1087446.3404531435,48917.68292811737,41644.570756674,35213.22600293147,72183.92264490161,0.0,213657.13647485603,141473.21382995442,74553.16897725195,30417.692942718793,0.0,50850.39848101574,2369.246332350617,0.6957141969961013,1.5090117258367,0.5107292272447703,0.0172092270135642,False,True,False,0,1.0,149881.58058384256
150/50,2.0,168,175,1232862.4531156681,0.02115451670945956,2710691.975276853,3382.7199988745433,0.0,-170917.61142916576,164586.86046713957,-0.0,112556.16012696773,0.02919344100374359,-0.22439608544471823,3.0710968515710717,1039725.7507227038,46770.54045004002,39804.32374859376,34102.09177605191,68994.16116422915,0.0,204389.05444248024,135394.89327825108,70666.90990917917,28832.0992429451,0.0,48644.594957310306,1672.748744949908,0.695881738457679,1.5101316017200561,0.5093759384252158,0.01611609825410598,False,True,False,0,1.0,139335.51693633568
150/50,2.0,169,176,3810284.511975346,0.14313031094591344,5542142.575335606,2734.6678551850828,0.0,1895791.6713399203,34226.58279372609,-0.0,413022.2332748163,0.035802330853277387,-0.16219437573442586,2.7480124977478004,2618533.332837779,117790.76048236998,99564.40178973983,77273.39603109562,172578.29643554904,0.0,516855.4959522195,344277.1995166705,189107.60347599024,77155.90221820402,0.0,123011.60803662825,16529.307040440835,0.6960424864819917,1.5132514339035406,0.5051001878548517,0.017253018431862,False,True,False,0,1.0,841122.1845018619
150/50,2.0,170,177,1302209.5576035955,0.0267579822761308,2752712.12317621,1211.1852334717796,0.0,-102766.20925605163,169118.9206755724,-0.0,140455.10190995387,0.022575631228283568,-0.25483817347468185,2.959447117391293,1139129.2339442086,51240.18201134896,43524.66130143199,35997.73081315752,75442.74625581544,0.0,223441.97862533954,147999.2323695241,76624.30479929985,31262.71635811433,0.0,53179.190912830796,1181.5585434843472,0.6959067741139019,1.509044672227937,0.5105929688184486,0.012596072572972239,False,True,False,0,1.0,188419.16528220597
150/50,2.0,171,178,1408102.2825595555,0.034816679626870295,2867635.6834883434,888.9173248872032,0.0,-28925.161571392295,210120.0,-0.0,145314.7865968524,0.034319189491270934,-0.3746517811200585,3.04321301402776,1114851.0102606893,50150.24394662605,42716.14104639456,36304.11789111892,74041.31114708388,0.0,219467.8923916194,145426.5812445355,76628.42516290359,31264.39746646466,0.0,52233.358389205416,2587.1140158195194,0.6953112785301772,1.5091652030196347,0.5077142340776944,0.011579663029493314,False,True,False,0,1.0,243738.00076909066
150/50,2.0,172,179,1185093.9452306358,0.01712722239751563,2256430.8563642157,21579.080057246145,0.0,-271317.3327980113,218123.27944349922,-0.0,118998.29536218493,0.029898529593771716,-0.4081001522358819,3.0766310963579406,803977.8330839727,36165.49495653141,30899.915417737953,26850.5480535938,53559.85339074578,0.0,157991.09561114447,104431.24222039868,54183.557885390226,22106.89161723921,0.0,37601.88075545238,623.7044946443806,0.6961108385325506,1.508394509009894,0.5098913231965869,0.010459227808326865,False,True,False,0,1.0,172598.82567267944
150/50,2.0,173,180,1566876.2862560705,0.04593204927830774,2964603.1090412135,783.4727017982001,0.0,132229.36393475244,156677.9670740636,-0.0,162032.23932955734,0.03506527934910165,-0.18806635165275754,3.012073482414958,1246426.7858310046,56068.73067396508,47712.64476398341,40145.82909771448,82701.91759090456,0.0,245445.10991745326,162743.19232654868,85920.72073677492,35055.65406060417,0.0,58415.93616035386,3218.8031458701616,0.6956242952753691,1.511229112209645,0.5079882525614602,0.013095868069503691,False,True,False,0,1.0,260832.34346070228
150/50,2.0,174,181,1484882.278562438,0.040325400739898765,2981410.150186348,518.6510042669418,0.0,68070.15229031582,173250.55865770165,-0.0,175314.70266607119,0.03418802701829331,-0.2458206121274249,3.0240506472795614,1177797.7233565252,52980.79453824177,44621.8391229456,38150.562983941556,77344.52114643904,0.0,230782.99287158734,153438.4717251483,79693.81482083637,32515.076446901243,0.0,54926.3523034378,2349.2936743973423,0.6959955726238239,1.5090895880709199,0.5090041704447945,0.014950667424838748,False,True,False,0,1.0,295056.95002187643
150/50,2.0,175,182,1997107.0279138398,0.0716183309959817,3426479.086913751,457.13334169620697,0.0,451287.21704447013,124930.98761109982,-0.0,269334.2133525049,0.033918637958367456,-0.2007003894403393,2.902002502864133,1552002.7117540266,69812.49262429682,59124.050951141195,48245.26367316731,102481.68831531143,0.0,305156.84997166356,202675.1616563521,106621.67807049368,43501.644652761424,0.0,72627.33029325593,4139.989755182377,0.6960740663302554,1.5106815724930738,0.5078613068637641,0.012982646352015514,False,True,False,0,1.0,424359.4580259121
150/50,2.0,176,183,1136783.6084881786,0.012902820079300659,2253304.437847566,220.90958279230802,0.0,-316318.7303084588,236949.79500265652,-0.0,113707.31681959235,0.02454779297456683,-0.37614743143128193,3.0773469996991962,823450.5779715118,37041.98033230965,31663.34162496776,27360.38723914655,54883.12548327746,0.0,161940.95525425562,107057.82977097816,56076.8226121186,22879.343625744386,0.0,38541.947350512826,1193.6971288409443,0.6949286297914524,1.5084979254252926,0.5101426734726114,0.011891932490905699,False,True,False,0,1.0,176422.50273287785
150/50,2.0,177,184,1697136.6738694052,0.05431814734995832,2638947.2286424483,436.24964103901436,0.0,129921.24170486469,167098.00155982433,-0.0,207713.5942701218,0.03670446959165131,-0.2800992016466567,2.915226901333264,1088215.1449882044,48951.68777239815,41202.74139144842,34473.33627025393,71418.0850785106,0.0,213821.22647247688,142403.14139396627,75948.41037219182,30986.951431854257,0.0,50889.45190044948,4530.325293681506,0.6961103373042238,1.5112226203493682,0.5077130847733351,0.012911181097224667,False,True,False,0,1.0,326359.5691321768
150/50,2.0,178,185,1449737.8325208577,0.03783651619709638,4039469.70966323,934.9574801534266,0.0,19319.663047840586,114650.312077134,-0.0,66037.81724298751,0.030114929558739133,-0.35066351944413676,3.0657856759117412,1586140.2822124169,71350.79404067982,60227.59745537235,51008.740047650994,104394.50225597873,0.0,311339.3299284615,206944.8276724828,108450.02452365165,44247.61000564987,0.0,74098.76052297387,4055.522267672624,0.6960852929947788,1.5096140613712496,0.5083331349351365,0.012575995718201227,False,True,False,0,1.0,158941.68297016103
150/50,2.0,179,186,1357877.4796411337,0.03106503274100958,3676926.6376727317,29625.171828341703,0.0,-53281.81508058691,133071.7519846324,-0.0,82053.91859283218,0.025717077299114606,-0.3409464543306151,3.0414702082325786,1433501.0174033053,64484.09065175976,54509.264495027644,45885.21129441948,94482.72512471459,0.0,281502.4199731415,187019.6948484269,98060.55276821487,40008.70552943167,0.0,66997.57595360767,3577.827643500517,0.6960544523141512,1.510318915159283,0.5083258382312602,0.016773584498327665,False,True,False,0,1.0,129755.0236583446
150/50,2.0,180,187,2034203.471604877,0.07359242636644003,3360940.918160928,1189.897190400054,0.0,477423.7969408849,132512.2296410841,-0.0,245292.6567105475,0.030611176547842584,-0.39817591583872836,2.9997622983848586,1343628.4987042572,60442.24108415264,51288.59189362826,43525.9715088335,88900.22594895565,0.0,264527.60469801753,175627.3787490619,93787.68166226581,38265.37411820445,0.0,62957.56991812818,4887.455713310066,0.6958130936330599,1.5110108349377824,0.5084262538636575,0.01390694915210089,False,True,False,0,1.0,420406.2914107149
150/50,2.0,181,188,1500492.8622944574,0.041413956054833,3115670.8801773307,2476.5876120937637,0.0,6893.460486607772,157882.11932134524,-0.0,174990.46172355977,0.031164274363023416,-0.24960050811068546,3.094219450264304,1205203.220121314,54214.59924162213,46134.96304106423,39840.023831639635,79967.26927117798,0.0,236858.96105113326,156891.6917799553,81843.84290556812,33392.28790547179,0.0,56372.4327301697,1876.5736343901717,0.6956120686858941,1.5095561327828306,0.509070450787517,0.012673168703955406,False,True,False,0,1.0,244780.42321093607
150/50,2.0,182,189,1862678.150567977,0.0641767885833533,3156662.574423048,888.6175985409346,0.0,352629.2993097723,194943.0550452489,-0.0,227911.2564208402,0.029500162793970573,-0.2819432053510167,2.891492877845157,1313189.7252631728,59071.11132365683,50053.4416008568,40960.95507848698,86759.29877481845,0.0,258476.042004023,171716.74322920456,91446.2010912176,37310.05004521678,0.0,61517.29799695748,4686.902316399122,0.6955429439094507,1.5116121415722106,0.5082744540664135,0.015560502368759721,False,True,False,0,1.0,426768.08788721816
150/50,2.0,183,190,2033734.6713869947,0.07356768191124874,4118313.7778453627,7337.999231147054,0.0,388787.23866120906,192507.81887803777,-0.0,255446.8892300247,0.024957089098277277,-0.606469291693994,2.888018553192186,1535254.3519158303,69061.68119913814,58684.992359962,47502.4906011597,101720.65342393416,0.0,302513.41578500025,200792.7623610661,108415.3009712309,44233.44279626221,0.0,71998.19295683005,6694.647547296871,0.6955773136664906,1.51231476922635,0.5091464628363983,0.019062415222162787,False,True,False,0,1.0,437407.21626052563
150/50,2.0,184,191,1350381.604787473,0.030494436266770508,3071161.1554075656,1123.4457086215975,0.0,-44739.996564509376,148553.0632821988,-0.0,123858.97069690982,0.02557127832957266,-0.23219992671972123,3.045034470950108,1272033.7090794814,57219.60704142097,48477.85386601612,41086.79255347086,84028.28003442797,0.0,249527.4574844318,165499.17745000383,85620.69418170518,34933.2432261357,0.0,59387.53488129475,1592.4141472769354,0.6961484502050925,1.5088079117319104,0.508732876569862,0.015194814483133312,False,True,False,0,1.0,172276.15068865777
150/50,2.0,185,192,930053.5640825331,-0.007225082555572748,2255625.6162149957,632.8281901321652,0.0,-461125.66870007693,231241.05446023768,-0.0,84558.07246621826,0.03189338546792426,-0.3889275753698308,3.255246011626874,804114.2471755019,36173.11382424181,30811.988756694387,27957.071004767335,53407.44717827026,0.0,157716.3001438286,104308.85296555833,53864.36846432218,21976.662333443448,0.0,37536.47943423121,456.9212860520954,0.6956931751029021,1.5080757099920328,0.5115617749420802,0.014768680733418749,False,True,False,0,1.0,112513.11820895027
150/50,2.0,186,193,2252547.680556462,0.08459450368050847,3587508.448370107,810.2989081408093,0.0,724039.427897171,93334.40575576274,-0.0,236086.13183658116,0.029516325960572652,-0.25594141658969916,2.8860445092488836,1637985.8815431423,73682.32500105865,62449.99316059778,50720.766205785614,108246.6548117028,0.0,322798.2379888496,214551.5831771468,115357.65744595145,47065.92423794819,0.0,76825.98064134618,7111.002634248913,0.6960970894636491,1.51134621649294,0.5064076321917037,0.015744463843064604,False,True,False,0,1.0,431129.2671854191
150/50,2.0,187,194,1096868.5117745623,0.009288806908568814,3507341.823626635,589.5040156157941,0.0,-383448.6206579652,181132.5897185136,-0.0,14748.418710717982,0.029652707287001947,-0.5225421379018855,3.127573761305966,1296603.819082032,58326.678144467274,49477.8306437481,42466.40116778315,85761.57311583003,0.0,254518.13559873519,168756.56248290517,87354.20120505121,35640.514091660894,590.549905839769,60575.316272498974,2183.1779950606538,0.6955662722076306,1.5086784512220615,0.5096308943035053,0.019217564235702644,False,True,False,0,1.0,76118.69012200013
150/50,2.0,188,195,1091707.2659800085,0.008812883795187076,2689304.602727329,649.331633297026,0.0,-321813.82450460986,201562.1551603079,-0.0,112387.92848342954,0.033127418492236674,-0.2818833383971372,3.1347305511075865,1002042.8688742364,45075.58795492451,38235.31791932867,33405.520737259874,66274.55106016967,0.0,196622.8958516005,130348.34479143083,67375.18432833617,27489.075205961155,0.0,46796.24921268094,1100.6332681663655,0.6962661821461715,1.5086715916559137,0.5088861205088405,0.012728328245879883,False,True,False,0,1.0,137375.5016837928
150/50,2.0,189,196,1288297.7385910181,0.025655762631765056,2742568.2591848243,331.9202538708909,0.0,-153207.64894799035,194255.76742260306,-0.0,124675.24325133202,0.027345451115694277,-0.2624591334155346,3.052241977855145,1017576.9497516932,45774.722975615594,39002.61859603212,33289.77944971337,67604.53889978903,0.0,200251.94365088706,132647.40475109802,69980.34618584068,28551.981243822996,0.0,47659.96258891113,2375.8072860516054,0.6957245281053255,1.510123640512783,0.5086256538146691,0.013441274202132814,False,True,False,0,1.0,164323.0903352343
150/50,2.0,190,197,2456373.992999704,0.09403054884207074,3883487.0860109353,927.3306699841415,0.0,829411.5649252794,129787.9759701181,-0.0,314041.92282390036,0.03339530873659662,-0.1569008439281222,2.8936921196065484,1690259.1024714045,76035.67359460922,64378.75205991229,52626.335120656026,111589.83690384797,0.0,333560.26197299326,221970.42506914528,121136.26044356296,49423.59426097368,0.0,79387.34234957241,9546.423539714993,0.6957476617095542,1.5132862505297449,0.505736316001869,0.016013071910126353,False,True,False,0,1.0,538669.198557126
150/50,2.0,191,198,2539032.7394846505,0.09765745179540786,5681256.568638842,19467.8758642564,0.0,1082093.1199503206,97085.34459280715,-0.0,286457.3774045825,0.03164858365585406,-0.3735107751983806,2.9889766140641707,2239689.7027274994,100754.65197117817,85666.57346177797,70697.0964763542,148488.72733374842,0.0,442559.8763627362,294071.1490289878,161297.38143493037,65809.3316254516,0.0,105329.25057433122,12808.654101181835,0.695700092018748,1.5128268574331043,0.5058439033921186,0.017890532826580152,False,True,False,0,1.0,568133.5299744594
150/50,2.0,192,199,2070998.5778001233,0.07551873520490937,4320401.713043858,815.6196569229725,0.0,664191.0851155538,68478.53356894854,-0.0,194010.47888242785,0.027488523571094225,-0.20893022794336413,2.916829604506285,1864812.8318360453,83884.61569532512,70928.01125619696,57606.87943949212,122941.88617740809,0.0,366355.6471859759,243413.76100856782,128739.17433403672,52525.58312828696,0.0,87192.64403026228,5797.288156628928,0.6954940786715204,1.5115129506763165,0.5090980546017282,0.013093939559319034,False,True,False,0,1.0,338583.0507856738
150/50,2.0,193,200,1271182.1373117042,0.024284918287774016,2770542.259883012,774.0642652242653,0.0,-195605.00898015723,214981.94680424346,-0.0,132054.10791665508,0.028120594957346715,-0.4322870056279474,3.04092524998788,1007429.4066670695,45317.55115841658,38601.52965566252,32846.41476294735,66909.31806981502,0.0,198211.37944337036,131302.06137355533,68748.5531136743,28049.40967037911,0.0,47174.30830752215,1839.2350438593876,0.6944628599712901,1.5107942069227598,0.5093845262975177,0.011538902725250377,False,True,False,0,1.0,193277.64394735254
150/50,2.0,194,201,1618007.1507708123,0.049296063697097825,3033923.986200201,1293.9341947913977,0.0,128629.79221690386,155082.85085792752,-0.0,167641.85299635556,0.023615461726328908,-0.26972303554359434,3.0275228270723735,1223724.8269071034,55046.89720586504,46622.527533301254,39723.04921242778,80812.38105772217,0.0,240182.40314262517,159370.022084903,83046.6477464237,33883.03228054087,0.0,57163.4119479448,2234.266688701558,0.6957215004767222,1.5100650549533465,0.509803478744583,0.01282581837651997,False,True,False,0,1.0,250666.25664967517
150/50,2.0,195,202,1515598.7637331125,0.04245765842541793,3250011.6690111225,1082.0364465303544,0.0,77406.13339465696,163890.0968496949,-0.0,135786.95908226387,0.03478606601582468,-0.2952473143060834,3.0512564018574064,1226190.5334268496,55159.47211283552,47015.01724346744,39916.759093567896,81492.6965553436,0.0,241647.25422121334,160154.55766586974,85079.08871679875,34712.268196453886,0.0,57512.046504648766,3586.3921614551364,0.6960141028936064,1.5107482254188842,0.5075776488994245,0.0200308173541468,False,True,False,0,1.0,216194.16318276757
150/50,2.0,196,203,1996093.4699467688,0.0715639325377666,4797515.65670881,1388.8314798021124,0.0,489829.137925752,128215.72649737356,-0.0,211538.18622753507,0.02956824040507844,-0.3431628158753933,2.95493357681934,1968795.1245889484,88564.44478937874,74926.01508166334,61269.676708962936,129871.75947488313,0.0,387569.38161355734,257697.6221386742,138048.27388152573,56323.695743662494,0.0,92241.51282402665,8176.514406643186,0.6953843315106523,1.512499342261298,0.5077144615721971,0.01816574957116668,False,True,False,0,1.0,371782.21512559627
150/50,2.0,197,204,2051034.7251112503,0.07447743990185374,3360885.2549597407,2027.413454297104,0.0,404283.48200912256,106038.48029822619,-0.0,283867.8090741934,0.028664649919421324,-0.13087752881638093,2.963659299138138,1520846.635375824,68411.80668741165,58085.90588447462,48346.03044737334,100682.23686642267,0.0,299069.31396668765,198387.07710026499,104128.3068817069,42484.34920773642,0.0,71178.49672407167,3446.0700152843315,0.6959764967235542,1.5104731875766026,0.5076251453768991,0.013816621309744814,False,True,False,0,1.0,393453.03273050644
150/50,2.0,198,205,1055335.8423630209,0.005400435086996502,2667943.057054611,458.7300123689195,0.0,-331326.9008723606,208651.86379537394,-0.0,109678.08893406602,0.0398314008340405,-0.33301261533569904,3.20899046753063,992235.6590040408,44635.499456318124,38015.35885354022,33774.07354978678,65893.28867946974,0.0,195032.65356037678,129139.36488090704,67114.20410322584,27382.595274116145,0.0,46417.77154736968,1220.9154237562855,0.695979904031397,1.5095685249969957,0.5095164526295596,0.00934384251315512,False,True,False,0,1.0,139470.1974857152
150/50,2.0,199,206,1659737.653231275,0.05197142875194527,3408752.6684852545,3772.0663043942486,0.0,113745.09895706741,184232.1456609047,-0.0,191843.48888851807,0.028062280263144723,-0.32060809509112886,2.996817063925401,1357315.8981850508,61056.3520070515,51818.48686282676,43394.03629109349,89818.71056223304,0.0,266955.93713420036,177137.2265719673,93081.79157099473,37977.370960965854,0.0,63535.51303793969,3263.0810087619097,0.6955399796133868,1.5109301733405462,0.508279448502355,0.013867461232367262,False,True,False,0,1.0,307268.643046839
200/100,3.0,0,7,818676.9296870625,-0.01980777071369566,3129557.330105808,969.0275144542737,0.0,-616076.538286861,284218.79735877947,-0.0,89585.70060365908,0.03365622309973017,-0.5292700097688186,5.015164171733764,676837.3077121798,30489.54820828522,51389.07470697215,36337.838931770646,89074.39615875173,0.0,177150.78118027587,88076.38502152414,89655.97720737575,36579.6387006093,0.0,42161.88592090566,581.5810486239448,0.5467750330131437,2.0068357726851347,1.0082072927672563,0.009752911366859518,False,True,False,0,1.0,104827.0620683587
200/100,3.0,1,8,1364357.1339162411,0.03155599322144309,4246267.839654443,1212.546222108365,0.0,-300054.107873632,232593.3392096375,-0.0,183530.6616741281,0.045307725364926665,-0.3823626250968015,4.880371753736567,1046335.5406408471,47133.86484315366,79896.16145698982,54523.13371875393,138486.67985878236,0.0,275011.016131152,136524.33627236963,140263.0494923115,57227.32419286309,0.0,65452.62183921415,1776.3696335294303,0.5471662870163732,2.0072134986273378,1.0060906142359713,0.00839243449746041,False,True,False,0,1.0,240274.14686330908
200/100,3.0,2,9,1670552.1057318158,0.05265486658926943,5165219.0832677735,1698.8131246730716,0.0,68665.62451272158,220263.74145275707,-0.0,247774.6618334362,0.03580176014951693,-0.34831904459744556,4.671020261809774,1306040.2126011583,58828.83559347388,98589.06711093716,65121.380806732945,170887.7163256245,0.0,341385.9995460838,170498.2832204593,173652.49514748916,70850.21802017557,0.0,81249.86789196794,2764.77882186458,0.5467976522558355,2.0077337767033177,1.0063272176135896,0.011284391694214468,False,True,False,0,1.0,361243.9842102894
200/100,3.0,3,10,1258493.5207558372,0.023257881438494055,5472311.778897384,1486.5800066636675,0.0,-388206.44292792835,208920.12881894782,-0.0,187616.0075521132,0.039809987606286255,-0.4785553724860214,4.843241626660322,1237721.4902831628,55753.67440143743,93198.12800098091,63250.9814239533,161543.42186836698,0.0,323076.20776513475,161532.78589676777,164140.6417632989,66969.38183942594,0.0,76892.13744810206,2597.2198949317576,0.5466453727039637,2.0081567715742983,1.0073354943044681,0.01271752269446158,False,True,False,0,1.0,234990.70168079942
200/100,3.0,4,11,1239867.493051607,0.021733251492975114,4198019.137896484,827.1694276455637,0.0,-324731.39452313865,232108.27467121763,-0.0,140709.97757406987,0.05852460407102913,-0.21627110003559036,4.847249182051703,1072741.8511720933,48322.96502423123,81772.08769364932,55205.02480997514,141738.28533565876,0.0,281680.35790092486,139942.0725652661,143659.4758983849,58613.066166541044,0.0,67039.92518042013,1921.1905627263518,0.5467295800476922,2.008047071305137,1.0069790058518664,0.009784160315192025,False,True,False,0,1.0,180268.02069644333
200/100,3.0,5,12,3156815.191313123,0.12182448777072685,7046386.950101473,2296.4051851205854,0.0,930594.6452976991,107928.03691363044,-0.0,440051.0531720685,0.040768676566297804,-0.16437139455706462,4.654949692700958,1985877.8144715303,89455.4602048633,149447.19823577208,99314.66926210574,259041.8102753383,0.0,519737.6742680891,260695.86399275082,269245.4502892422,109852.14371801082,0.0,123697.56647580522,10203.640013903856,0.5468724155833891,2.009809556827451,1.0041682481433036,0.011629827860853093,False,True,False,0,1.0,722138.1821423566
200/100,3.0,6,13,2013377.22799989,0.0724881818473424,5112791.38989711,2578.084394236202,0.0,161714.55716562163,218590.6624177397,-0.0,308334.39449642366,0.051243756355834655,-0.3137731807250361,4.636817052508178,1224157.7892966259,55141.81256484023,92283.19533120889,61518.72570029655,159957.53857409544,0.0,320215.7299119344,160258.19133783897,164661.69510732833,67181.97160378995,0.0,76211.3437190404,4704.15653323291,0.5467847327550999,2.0096338469928745,1.0067573063489115,0.016271146980843643,False,True,False,0,1.0,460822.6690299659
200/100,3.0,7,14,1604232.0521031104,0.04839929182664893,4651199.438749126,1391.2223633595047,0.0,-140856.23006011825,235402.53714948782,-0.0,222638.80894292326,0.04659278639991442,-0.43108897424106707,4.76123175279953,1162869.2648030408,52380.97474383155,87299.0177886386,59297.02387422976,151318.29750030694,0.0,303184.32985849644,151866.0323581895,154233.28348645195,62927.179662472394,0.0,72157.87050632216,2914.9859861449627,0.5470055967850157,2.0078871247963477,1.0060754971665407,0.010866173747464236,False,True,False,0,1.0,312184.4393609995
200/100,3.0,8,15,1288310.315944266,0.025656763951396266,5270132.280105341,925.9239106374342,0.0,-247868.52210097812,218839.48463575734,-0.0,156443.91086183776,0.05482909492923383,-0.3689694610618558,4.78468511992388,1292917.5349308762,58239.06977527225,97936.43644346177,65163.14350804981,169756.48983533375,0.0,338295.919732554,168539.42989722025,171619.00583625952,70020.55438119388,0.0,80514.42889634785,1862.5160009260057,0.546970694006728,2.006841851038017,1.0069220257664704,0.006405103847795912,False,True,False,0,1.0,211476.99574246
200/100,3.0,9,16,2029138.839482215,0.0733248301157694,6231777.222020747,1416.4671159178797,0.0,287507.6460543865,161905.10391418057,-0.0,253784.4352457298,0.04199860166027343,-0.2245185736276113,4.7023111239322954,1746854.3465438313,78686.737274186,131653.3814154276,86857.71091398614,228199.19445340772,0.0,456737.35362082627,228538.15916741855,233847.3128646799,95409.7036487894,0.0,108703.49016175665,5648.118411272551,0.546789785546203,2.0083430422037174,1.0054609160191845,0.008298161437593432,False,True,False,0,1.0,421799.84908261104
200/100,3.0,10,17,979639.6415193048,-0.0020549344927373037,3998527.103290581,809.6415204388078,0.0,-530775.1047157192,299955.9768261588,-0.0,151162.3831042059,0.050054176066334354,-0.4869147095487941,4.864206423078527,960004.7093433418,43243.89468793631,72791.52156231245,49452.100566660825,126171.97070800823,0.0,251126.72992029172,124954.75921228349,127223.82959047476,51907.32247291371,0.0,59768.16172102944,1051.8588824668625,0.5463618178360453,2.0071013561539566,1.0082604874403647,0.009266789828958677,False,True,False,0,1.0,205588.6340030799
200/100,3.0,11,18,1335850.255553045,0.02938012271472701,4444215.157699928,4219.961623520083,0.0,-190956.50712375494,255755.57350188162,-0.0,206005.71376259462,0.048996574614794855,-0.2328943529866765,4.936916123184515,1096720.3382382628,49403.207909231576,83113.25622833715,57593.4476271793,144062.97746245103,0.0,287023.20783869823,142960.2303762472,145511.63694952027,59368.74787540427,0.0,68311.52346561018,1448.659487069209,0.5468001006898486,2.007186537217167,1.0074402901206239,0.007660555494343191,False,True,False,0,1.0,283227.3212697583
200/100,3.0,12,19,1206276.7898097257,0.018930816343752932,4760077.758452593,3228.1596426684096,0.0,-322285.9452863391,261718.93512208527,-0.0,187351.37164074433,0.05625953870856117,-0.40219390538780864,4.853896199490797,1124383.3195865534,50649.658141147236,85430.09070012736,57761.58760364201,148078.82388022076,0.0,294970.71513979527,146891.8912595745,150900.13130569225,61567.25357272244,0.0,70203.03020327125,2821.307425472096,0.5466374247011021,2.0091612944287847,1.0072129641914194,0.012160321322989276,False,True,False,0,1.0,242448.87568462017
200/100,3.0,13,20,749367.4667566305,-0.028440319340288345,2776138.611063314,169.93648925962432,0.0,-665362.7954074875,307323.1142992464,-0.0,76008.75697299263,0.04875196509395773,-0.605491605246362,5.043080608155433,568962.5690480319,25630.376409060482,43333.95917300536,30947.212006422804,75112.19589987598,0.0,149128.56511294388,74016.3692130679,75525.03467602901,30814.214147819832,0.0,35492.59849688064,412.83877615340043,0.5470590062107772,2.00678800359357,1.0083558824099783,0.011572705062694366,False,True,False,0,1.0,105672.47984947862
200/100,3.0,14,21,1791135.4071751274,0.06001702831708822,5167649.619474712,1944.627826107712,0.0,-49745.08387956116,194598.8827305073,-0.0,253890.05605319177,0.04244245672317789,-0.25410675635766955,4.675740886465819,1333731.7219586815,60077.535883368655,100810.68144480963,66644.85182881735,174738.51450433664,0.0,349225.7903401371,174487.27583580045,178960.97377524982,73016.07730030193,0.0,83115.73810095264,4222.45927091346,0.5468058572781164,2.0088952879166957,1.005304922363508,0.01114564431464049,False,True,False,0,1.0,345415.9434780112
200/100,3.0,15,22,1585730.3121249056,0.047183842857184466,3831782.7840621886,15927.098889350204,0.0,-156454.4763232948,234699.64279135503,-0.0,268088.44150149205,0.049782183662377896,-0.3612927705972041,4.867274559112816,950277.5318452828,42806.27840489939,71824.6867639118,50229.03050262567,124496.12372411377,0.0,248565.1102547975,124068.98653068373,126605.50352566957,51655.045438473186,0.0,59158.49624064181,2109.379801556115,0.5469111925899747,2.008379628499807,1.0065661392543237,0.01142849849268246,False,True,False,0,1.0,354390.3265209419
200/100,3.0,16,23,986840.5309218487,-0.0013238052041987247,3864481.273670845,466.8620554576957,0.0,-448912.31487461715,265395.46606209653,-0.0,125337.72201514736,0.04401590148807579,-0.3871484815511753,4.931129333020538,936894.6372370217,42203.659372607486,70971.69417591633,48948.95095614627,123017.60323825499,0.0,245066.16244000685,122048.55920175186,124269.71989655294,50702.04571779359,0.0,58325.74666072164,1252.1166582978979,0.5466241952123558,2.0075164945460227,1.007729776111352,0.009395436118308176,False,True,False,0,1.0,161850.96887294372
200/100,3.0,17,24,1686220.2391145192,0.053638010860864505,5824477.520416918,11122.664562918202,0.0,81486.69957095291,195926.84124963314,-0.0,206239.77351614874,0.04044527634247938,-0.29441659428075295,4.777592220120104,1419928.6305217722,63961.69037633139,107184.13796522762,71905.22511643311,185785.83913972785,0.0,371546.3344034047,185760.49526367683,190252.775480213,77623.13239592689,0.0,88428.02758801031,4466.936340484834,0.5472091418049733,2.008321142806247,1.005148197808692,0.011675163632028918,False,True,False,0,1.0,327427.4761619036
200/100,3.0,18,25,2464812.1321741324,0.09440579066088706,5868240.745054242,43483.11731179331,0.0,582205.2140558492,158858.17548198512,-0.0,290751.9568567651,0.041732229287503156,-0.246741826868626,4.6631799285853015,1608461.2116415135,72454.19396905931,121914.95058810145,80504.86970363841,211319.2476860425,0.0,422090.70299900224,210771.45531295973,217995.62489813054,88942.21495843725,0.0,100457.5873137625,6676.377212087348,0.5463594424602187,2.0097627883564675,1.0057255569686445,0.010946678689516265,False,True,False,0,1.0,499478.40889691375
200/100,3.0,19,26,2247721.8798872293,0.0843619186056479,7059328.898158254,3214.4045725173,0.0,416407.492736039,118055.49571907183,-0.0,224657.78568986006,0.03775280635807254,-0.14359262260024996,4.678936152943043,1881959.7175438185,84775.29914961458,143162.07936282826,93132.51901503056,248147.60422890243,0.0,494839.6337112546,246692.02948235214,256279.32616215674,104561.96507415995,0.0,117771.83282327859,8131.72193325416,0.5467021775375792,2.0108884522129764,1.0054100126335297,0.0152835835987859,False,True,False,0,1.0,389080.0975033877
200/100,3.0,20,27,1872752.5667679226,0.06475095947015164,5277829.627113237,1220.0679483164197,0.0,127861.13531886923,198951.04206216556,-0.0,250333.87069221245,0.040286332980863204,-0.23064821451151585,4.767467806073526,1380406.8894087127,62182.14482430329,104773.44040399123,70235.25866402077,181607.29670025152,0.0,362252.8053218203,180645.5086215688,186228.81130257127,75981.35501144906,0.0,86216.16766659323,4621.514602319925,0.5471972655795363,2.0080047402297145,1.0048807061018974,0.009559208531217944,False,True,False,0,1.0,379016.48638107826
200/100,3.0,21,28,903840.0010070268,-0.010059355230458644,3200719.3873556815,5768.690254546703,0.0,-575229.2225846825,277779.0496480883,-0.0,114241.52303894081,0.03820968725185778,-0.4465598900659613,4.827680284312957,734070.5150258843,33065.997170273615,55687.26858209364,38022.933911080945,96524.59887562899,0.0,191749.58537676473,95224.98650113575,96734.62574980855,39467.727305921886,0.0,45636.40131967,210.02687417982781,0.546183618318918,2.0061141723976235,1.0105660102948888,0.012141943543397815,False,True,False,0,1.0,127219.23778681774
200/100,3.0,22,29,1028167.2241326668,0.0027816439314012342,4393255.160183086,13950.396039162042,0.0,-478787.6385636236,221497.2497678797,-0.0,86865.49591912514,0.040849883292958376,-0.35967685462457266,4.859439272736777,1076015.9062544154,48470.58549404418,81882.48565888258,55070.879477614886,141929.6418087298,0.0,282348.55264070554,140418.91083197575,144035.77537658805,58766.596353647925,0.0,67198.95552848789,2106.1335678586092,0.5464006552823649,2.008222245833267,1.0067530377532066,0.00799090915809697,False,True,False,0,1.0,99050.43281587813
200/100,3.0,23,30,1018223.4722630647,0.001807573186861866,6109747.200526403,848.862597827346,0.0,-504349.8100025081,247462.14358929032,-0.0,87763.49556216168,0.047208690186293534,-0.6394355761275232,4.875824610979473,1398135.1555296679,62981.64727434596,105692.03506095147,70909.65706487274,183199.5274389825,0.0,365900.6657954393,182701.13835645677,187336.61035064975,76433.33702306509,0.0,87084.35845931454,4137.082911667083,0.5466357492348084,2.00833729353376,1.0069077135511786,0.011946463892654968,False,True,False,0,1.0,138151.37766978407
200/100,3.0,24,31,2089052.627061314,0.07645266695888164,6402312.90329229,2675.236950633744,0.0,275980.68064468564,137789.8030415964,-0.0,264221.7758228141,0.045835346149295755,-0.30934169578696613,4.6291265216657305,1688573.8323519572,76060.2382067383,126880.71111450964,83013.45256112216,219926.5659318167,0.0,440958.0417185148,221031.4757866981,225998.20741948608,92207.26862715032,0.0,104948.01392900656,6071.641487669395,0.5465981990525308,2.0092598415518763,1.0054364637720448,0.011618467100996677,False,True,False,0,1.0,395589.15481316135
200/100,3.0,25,32,919646.5481894326,-0.008341601101845897,3091116.9192765397,253.0014092134054,0.0,-550931.1175082154,289038.0242126465,-0.0,114659.24025322993,0.043154753516122815,-0.49796329364482583,5.0142082317426535,714967.1509066578,32207.778892712326,54617.912791637216,38457.02808434499,94671.0488388378,0.0,187760.5095387344,93089.46069989659,95535.63337511456,38978.538417046744,0.0,44687.00127021878,864.5845362761827,0.5461370316077622,2.007163845867413,1.0084254957175878,0.008629472145807338,False,True,False,0,1.0,155308.24564100517
200/100,3.0,26,33,1802885.2062867773,0.06071035234779876,7346350.086066182,2024.203085844479,0.0,188557.87127568902,145695.85498325518,-0.0,169813.99791510985,0.04582491773609991,-0.28564142478693033,4.724851791757046,1853018.86299999,83470.42923362672,140283.05328107794,91792.30061764082,243157.29235386846,0.0,485532.1962723178,242374.90391844933,249408.8953650892,101758.8293089564,0.0,115556.66271281164,6251.603011220569,0.5472370656918082,2.0073912505514793,1.0045814475618224,0.01179699255800326,False,True,False,0,1.0,304960.47104221914
200/100,3.0,27,34,708380.4145880917,-0.03388982848434341,3463111.910534107,1482.5057209604795,0.0,-717314.5111802694,291702.360465835,-0.0,80673.60988087911,0.05678615883069592,-0.6188842296279813,4.9655575796295075,718688.4697507902,32374.55865046487,54449.414401953414,37848.98896302844,94378.98496338591,0.0,187813.61498018217,93434.63001679626,95149.42919241631,38820.96711050585,0.0,44699.64036528336,770.4442290300905,0.5463794503185193,2.0060082758038518,1.009573002818931,0.01036089799920381,False,True,False,0,1.0,95905.33372895175
200/100,3.0,28,35,2310744.3656313405,0.08736460043602157,5971198.774979515,1950.4735155275896,0.0,276990.72197191545,171050.8705780049,-0.0,366298.2917595629,0.03802750941106377,-0.24081053774738936,4.71635608174242,1586245.9871174837,71452.61939251778,119430.8688451473,80154.70610421408,207013.5059982554,0.0,414623.37223305047,207609.86623479507,212526.85022701955,86710.95489262397,0.0,98680.36259146601,5513.344228764807,0.5466651208047892,2.0091502825771865,1.0054357650074721,0.012053938824502897,False,True,False,0,1.0,524993.7741820728
200/100,3.0,29,36,1415794.2616492456,0.03538057964125585,4433066.3286532005,600.0079148476673,0.0,-132748.8498299942,211005.56654888616,-0.0,188471.81384271997,0.04024347305941931,-0.37021722756219544,4.727201003482684,1169297.0949605997,52670.37344307113,87957.68426023825,58841.218585136965,152459.98605107956,0.0,305259.43758148846,152799.4515304089,155582.2846218621,63477.57212571974,0.0,72651.74614439424,3122.298570782757,0.5466317430378715,2.0086202903674923,1.0067754886221896,0.008515447305079471,False,True,False,0,1.0,276002.2410308468
200/100,3.0,30,37,1863580.1759818606,0.06422831146126895,5378724.990877266,1312.0405515374928,0.0,156087.64756099964,174709.37189172537,-0.0,223108.6194502489,0.041905808999725395,-0.18495676776479208,4.609889630714797,1469773.169550246,66205.47104879553,111229.59719208567,72153.60161424485,192797.9684662819,0.0,385319.3591028577,192521.39063657582,198510.1868433703,80992.15623209506,0.0,91706.00746648014,5712.218377088668,0.5467089588060883,2.0099944425075735,1.0057890222277948,0.013696654088006133,False,True,False,0,1.0,351817.87911363953
200/100,3.0,31,38,1499611.0092657602,0.0413527350356413,4314141.558893982,5595.242775488886,0.0,-168115.19269103382,231627.67433544397,-0.0,218738.60517512725,0.04823457263671086,-0.2692024486001864,4.703796940546676,1139461.305831533,51325.39891514212,85982.51874348123,57360.643083240044,149036.36582203416,0.0,297584.5520628111,148548.18624077694,150803.26856011763,61527.73357252799,0.0,70825.12339094903,1766.9027380838104,0.5465026007965877,2.0082353685543963,1.00787110882156,0.009867647628718723,False,True,False,0,1.0,294415.4155423769
200/100,3.0,32,39,1014508.9632457588,0.0014415095155571045,3778474.3985306104,11800.35083497304,0.0,-443312.58723839244,270873.5155871742,-0.0,142882.4083479551,0.04133747257881324,-0.4097595742764212,5.032270466772308,851255.5465608656,38346.730596142486,64547.25474637963,45671.15050327645,111881.90822705797,0.0,222666.01066116936,110784.1024341114,112695.43354434957,45979.73688609462,0.0,52994.51053735829,813.5253172915365,0.5469424737453131,2.0064635417323333,1.0077065443127478,0.009468136146950856,False,True,False,0,1.0,194169.7462901471
200/100,3.0,33,40,1354675.212512765,0.030821619409192813,4500175.249029362,1675.7313863400464,0.0,-193833.8416460043,229824.58222936327,-0.0,159701.83289066108,0.04301632104863971,-0.33735426274416347,4.738854989117317,1089085.0699192465,49057.47557421377,82717.66632128466,55067.18551919104,143377.28829022672,0.0,285329.8380396009,141952.54974937416,145186.6920593448,59236.170360212665,0.0,67908.50145342501,1809.4037691185633,0.5466474427591593,2.0080208732426827,1.0080727989397533,0.01015272913348153,False,True,False,0,1.0,219944.98239093795
200/100,3.0,34,41,1659594.4251071697,0.051962350344558095,5797722.302785513,41885.42101866425,0.0,-16193.716591996083,186715.88824793888,-0.0,173724.95209305172,0.055973707345328624,-0.20953767917751165,4.655624914240968,1404294.5092053178,63257.44126312852,106746.51098317266,69318.32573117108,185027.28570416593,0.0,368980.84010837285,183953.55440420692,190654.51294596068,77787.04128195196,0.0,87817.43994579275,5627.227241794476,0.5463958156214631,2.0091694616495888,1.0057366317768548,0.011388908301344536,False,True,False,0,1.0,272606.3573589736
200/100,3.0,35,42,1176360.0580419363,0.016375123892169885,4676493.691585154,1004.2300812260737,0.0,-400294.75466932834,266372.58825002826,-0.0,175355.49620572012,0.04891560666087378,-0.5474551296871006,4.671835365780863,1074358.4432721734,48392.97457838469,81313.53557486755,53310.74330215818,140943.46166310375,0.0,280942.42979256605,139998.9681294623,142683.3340529438,58214.800293601074,0.0,66864.29829063073,1739.8723898401836,0.546688930119087,2.007781678663291,1.0081319441536771,0.010930002789178106,False,True,False,0,1.0,218896.21747922015
200/100,3.0,36,43,1131113.9683883525,0.012396503477599019,3690253.746561033,731.6623096896369,0.0,-375886.8242052494,239335.99015183377,-0.0,131039.63012993838,0.04045058328607505,-0.4193118270611307,4.848536880794443,927043.7382565452,41759.695954532835,70342.98347745456,47960.13330629533,121927.83802758792,0.0,242917.0639268912,120989.22589930327,123846.53404515158,50529.38589042184,0.0,57814.261214600105,1918.6960175637553,0.5464243343834779,2.008567416051448,1.0070175049347576,0.00861696124097211,False,True,False,0,1.0,167800.92634394587
200/100,3.0,37,44,1927845.215965859,0.06784253558711084,5878773.398771753,1486.84419149139,0.0,227311.03081583686,126588.19821743935,-0.0,278520.7966581218,0.042062917596508986,-0.18898030190416926,4.6793043453293075,1616043.9758456363,72790.90955096619,121138.60860441462,80263.84526688546,209973.58824765193,0.0,420732.45033794065,210758.86209028872,212454.9943428758,86681.63769189332,0.0,100134.32318042988,2481.406095223946,0.5467778745220565,2.007906588423937,1.0069527588667015,0.00676267278425513,False,True,False,0,1.0,371251.25297585654
200/100,3.0,38,45,1059643.9514944756,0.005810109278699294,3215724.913133982,22959.755342499928,0.0,-428775.44366724323,270676.23544799996,-0.0,131491.3903413486,0.04057887233379631,-0.5506694527976945,4.8476486094009665,714831.0599548004,32199.885963859488,54214.45716040723,37547.480146926784,93971.72574470582,0.0,187112.13250866535,93140.40676395953,94923.75001890768,38728.89000771433,0.0,44532.687537062346,952.0242742016667,0.5461890515480083,2.0084144630822207,1.0084772830057154,0.010010687547771902,False,True,False,0,1.0,171133.19249549223
200/100,3.0,39,46,1294448.4280879917,0.02614439017989323,4080682.0738436906,1506.607155657763,0.0,-256280.52693251648,237715.96241441896,-0.0,192145.1634737674,0.04832466841689796,-0.43085809391876206,4.831356875741704,1006524.4076770678,45339.474402489366,76341.7032968629,52004.11515794448,132325.61904789574,0.0,263612.9575661575,131287.33851826176,134081.711042749,54705.338105441595,0.0,62739.88390074546,1756.0919948534565,0.5465073547849546,2.0077868663742686,1.0070632396031662,0.011468004304147739,False,True,False,0,1.0,239659.84054483578
200/100,3.0,40,47,911731.1381196918,-0.009198446760783519,3875569.7408876093,862.6965231405641,0.0,-540920.2026617238,285506.59452130337,-0.0,118038.87619404026,0.0375989339099698,-0.4703311177115653,4.992327620465718,907991.1427505665,40901.99173930629,68649.3914726707,47913.60911241942,118992.27855262926,0.0,237319.4163669482,118327.13781431894,120118.42101587378,49008.315774476505,0.0,56482.02109533366,1126.142463244531,0.5464913038111747,2.0070976800841276,1.0071394003748277,0.007559726678937784,False,True,False,0,1.0,136891.6624515824
200/100,3.0,41,48,1804779.513675549,0.06082174945960306,6331170.3214891795,1217.4651482089218,0.0,144180.52373449772,181036.50475508717,-0.0,247339.84661896844,0.047542086930942855,-0.254494482416715,4.727262817835877,1670377.5294478652,75244.93222554191,126812.0694646265,83299.55722685398,219807.58707201912,0.0,438807.5801420492,218999.99307003006,227070.46515191684,92644.74978198207,0.0,104436.20407380766,7262.878079897351,0.5469087354966412,2.0104045522675356,1.0052314261223843,0.012713970605687797,False,True,False,0,1.0,392237.0118524791
200/100,3.0,42,49,2392343.9388888357,0.09114473559412462,5296120.872002311,1348.096143229355,0.0,327376.3339005706,191845.00658858402,-0.0,307278.1275935351,0.0383148303343046,-0.3612593247375593,4.648742661126324,1381702.3154318992,62239.5789473701,104695.04305587064,69583.31443892476,181471.40796350915,0.0,362541.5722314763,181070.16426796716,142128.97515587514,57988.62186359706,45223.74824922928,86284.89419109137,5881.315441595294,0.5469041709969475,2.008912634148296,1.0056056982007753,0.014675271630037123,False,True,False,0,1.0,488947.86539710907
200/100,3.0,43,50,3971587.873302836,0.14787981113347115,6807518.648936898,3385.946469344791,0.0,618662.7439181299,168197.10052280643,-0.0,829955.9695170933,0.048890630814993716,-0.3492328457311207,4.430641385227411,1795025.8681735154,80851.58660495811,133923.13635016716,88182.25358690128,232133.4363402898,0.0,467482.84567122726,235349.40933093746,240219.21896965057,98009.44133961742,0.0,111260.9172697521,8085.782629360409,0.5467833129048981,2.0102732607702345,1.0059595013876035,0.013724594394929124,False,True,False,0,1.0,1060672.5072356642
200/100,3.0,44,51,2720459.765457058,0.10525943447632558,7202928.137785875,55357.02998318569,0.0,638972.4849696514,112174.74435636147,-0.0,454331.15688493394,0.05479392780261814,-0.23172361139375097,4.570964942041135,1988223.485460186,89556.36792770789,149789.0235835776,97117.63767574378,259634.30754486774,0.0,519860.2816365326,260225.9740916649,266354.8534128292,108672.78019243432,0.0,123726.74702949476,6720.545867961122,0.5467002653192296,2.0096480961531986,1.0051815255052552,0.013576642367671532,False,True,False,0,1.0,659939.507078614
200/100,3.0,45,52,2859570.481829569,0.11078518956572325,7723476.871864347,3391.44509604943,0.0,849838.203476622,108676.81740766937,-0.0,336440.56842637475,0.043526776058192114,-0.1990629638763115,4.680026687372999,2096137.1760012605,94424.63863259729,158408.5488487352,104298.26598286013,274574.8180044744,0.0,550039.6115483979,275464.79354392353,286631.722640139,116945.7428371767,0.0,130909.4275485187,12056.90463566439,0.5468940132929488,2.0105757550781407,1.0038176735293565,0.013396437698063757,False,True,False,0,1.0,606403.2302409522
200/100,3.0,46,53,2148529.0451340093,0.07947881320800443,5279824.800820676,10638.125338910106,0.0,337893.6875632277,159669.6001957197,-0.0,263905.2091426521,0.04735088242866247,-0.2906732795454742,4.688017146318532,1408961.2561132465,63466.10720434712,106351.05446872108,71032.24298811235,184341.82774578323,0.0,368620.25713659736,184278.42939081413,188618.02063733508,76956.15242003271,0.0,87731.62119851015,4276.192891551631,0.5468440252235555,2.0089521217093607,1.0059478065150982,0.009469106421101436,False,True,False,0,1.0,416346.38165384904
200/100,3.0,47,54,1468434.1185781301,0.039167239095760475,4349545.312688839,925.9615057089638,0.0,-278003.0872544809,219503.33734942676,-0.0,178299.3369895554,0.04252997152173396,-0.30120710748523016,4.74501655804236,1076732.1059963342,48501.505755504695,81420.5262370644,54717.91871968029,141128.912144245,0.0,281861.50674865,140732.594604405,144013.67863605788,58757.58088351161,0.0,67083.03860617868,2884.7664918129376,0.5463354330465331,2.0086706827705547,1.0058783696144045,0.01480840565375452,False,True,False,0,1.0,217552.4206182914
200/100,3.0,48,55,1685229.7169428577,0.053576101522585295,4662446.690089946,470.36367631762766,0.0,-32223.155935927265,186966.99647403695,-0.0,253915.88509778777,0.04682375976907156,-0.27843105718182415,4.6942692747698676,1205693.513743372,54309.604100813405,91370.42901570509,60759.72223408832,158375.4102938888,0.0,315796.0221815776,157420.61188768878,160980.58433409524,65680.07840831086,0.0,75159.45327921545,2605.1740402058463,0.546762776509898,2.0083722510098427,1.0068552533935091,0.011171762428969778,False,True,False,0,1.0,329108.4083183624
200/100,3.0,49,56,1626868.053501267,0.04986929208444191,5339494.409112471,848.2442634374079,0.0,-3419.4320569759584,187324.5721259808,-0.0,184892.7843266487,0.03309035339441272,-0.2846399192697604,4.662486858626637,1333207.5683721653,60054.84243995399,101255.89549251305,66090.18466886974,175510.2188536893,0.0,350062.54427146487,174552.32541777557,180370.61262681102,73591.20995173889,0.0,83314.8855366086,4860.393773122037,0.5467110421298969,2.009531196926562,1.0053267260655305,0.01333104171299504,False,True,False,0,1.0,261089.98978756575
200/100,3.0,50,57,851330.2254173586,-0.015966677497015525,3004127.1395368455,401.76903767466865,0.0,-604614.5822012689,290297.52051410946,-0.0,102421.4182343849,0.05265411648688962,-0.5696640231943839,4.9663679256556845,669047.7748393638,30138.262605423337,50634.28528398382,35686.13342780154,87766.09449223861,0.0,174893.13863381633,87127.04414157772,88548.98344922886,36127.98524728537,0.0,41624.56699484828,782.8889569909941,0.5465191175176887,2.0075026707217924,1.0084546930530682,0.010083450813818118,False,True,False,0,1.0,124373.26852873212
200/100,3.0,51,58,801863.5142172108,-0.02183967093813788,3600541.4100843826,359.1193939757772,0.0,-665172.5714984118,296127.17650420923,-0.0,115506.05516144136,0.05004797177357308,-0.452093773972731,4.983801379792001,782728.1732773944,35260.01515857919,59660.78059635136,41378.70742745595,103412.01970034234,0.0,205402.15493000564,101990.1352296633,104580.50709432007,42668.84689448259,0.0,48885.71287334131,1168.4873939775478,0.5465243160264124,2.007254802825652,1.0075457259490304,0.009603582441844116,False,True,False,0,1.0,128102.73881413063
200/100,3.0,52,59,1432242.8137727568,0.03657723123985002,3743981.405549036,5763.817840843861,0.0,-217990.69697103964,248599.3495371642,-0.0,154659.83259805627,0.044508877650710904,-0.4932457426104838,4.897046542256794,837332.0284836873,37718.737568394004,63109.64287976952,44573.22154340469,109390.04765826714,0.0,218665.52084185314,109275.473183586,111318.18935946975,45417.82125866365,0.0,52042.39396036104,1928.1417012022384,0.5464190335697151,2.0085428692937937,1.0079207086386697,0.011758394365107838,False,True,False,0,1.0,224045.59085468805
200/100,3.0,53,60,2693949.3854934387,0.10417762706641076,8448454.853759397,8206.957508531614,0.0,747555.9361921472,129888.5622274758,-0.0,475468.91278899077,0.046212221521541114,-0.3744919127298578,4.62263266387396,2143805.051117463,96566.87790819597,162103.3583435805,105287.42051135925,280979.15446220624,0.0,561670.3038697426,280691.1494075363,288922.5976620057,117880.41984609832,0.0,133677.53232099873,7943.443199800537,0.546733683864763,2.0098612106139293,1.0053652951234013,0.014509427846653988,False,True,False,0,1.0,709200.4079298214
200/100,3.0,54,61,1836291.451607807,0.06265957867252347,5182091.338795616,1447.880831156103,0.0,61335.01013202721,207400.18276505836,-0.0,228926.0071879294,0.042274228888497564,-0.3595830298574433,4.708355508873604,1351022.9478525082,60857.88030471329,102582.04858457424,67912.77895476375,177808.88421326195,0.0,354540.46596056886,176731.58174730692,182465.26376919367,74445.82761783102,0.0,84380.63089861537,4656.379555932143,0.5467210101604147,2.009255365108741,1.0064551978903316,0.009176474304391391,False,True,False,0,1.0,342433.54824945965
200/100,3.0,55,62,1151293.4251450857,0.014188314869106211,3497345.0753632993,1187.3810203780774,0.0,-368553.2515474602,260837.4655169253,-0.0,155152.24942139856,0.0479819445202636,-0.5084804349239539,4.814889877058892,817044.6867871856,36803.835631137554,61910.16594738853,42404.54976213971,107310.95430880679,0.0,213739.61338984157,106428.65908103478,108418.89941988993,44234.91096331509,0.0,50870.02798678231,1107.9451110831485,0.5468508983897877,2.007295380294715,1.0081856956045612,0.01241568684422334,False,True,False,0,1.0,192381.05288932196
200/100,3.0,56,63,1703051.8098975588,0.05468504034008137,5407511.527814924,2190.4978612154373,0.0,-121715.51961276765,217259.7576832889,-0.0,251972.92520986625,0.045263558581744655,-0.32894917236738763,4.6736671177572395,1412018.8087368417,63602.00813963809,106777.56073347725,70145.61021825552,185081.1052713606,0.0,368896.0991689556,183814.99389759498,186889.46840666438,76250.90310991908,0.0,87797.27160221139,1808.363135303767,0.5464880497716395,2.0075240040580904,1.0083120947086832,0.012088025179300299,False,True,False,0,1.0,333064.73439878196
200/100,3.0,57,64,1343531.397357438,0.029970490532162053,5819832.676339388,1205.6442995929951,0.0,-384658.1251324755,213028.58449885232,-0.0,126331.484162631,0.03972113188765862,-0.37240801675452784,4.81174540278737,1382528.5569797247,62276.96763024277,104159.97673998433,69871.2332649706,180543.95968263948,0.0,361267.1679284834,180723.2082458439,184468.7503023612,75263.25012336337,0.0,85981.58596697904,3924.7906197214106,0.5467195535359104,2.008149145989205,1.0060683810294266,0.010233020289714956,False,True,False,0,1.0,216868.43952726875
200/100,3.0,58,65,1707743.411634983,0.054975227563742735,5808655.881436683,876.2602109104096,0.0,-60484.554067605786,181184.1179759982,-0.0,198184.8249117587,0.04753053018427238,-0.4185822780720668,4.643315345911452,1438704.106593586,64805.98974339457,109662.42883008884,70913.69864624296,190081.54330548734,0.0,378060.394209292,187978.85090380468,193948.35967937805,79130.93074918624,0.0,89978.37382181152,3866.8163738918806,0.5464702978224744,2.0090418581190845,1.00658869282761,0.00944554850638979,False,True,False,0,1.0,275299.0671094499
200/100,3.0,59,66,1568588.9827278017,0.04604632017649091,3929019.3061013026,14164.866702037496,0.0,-53949.35933676222,217314.29587737733,-0.0,218306.39073780013,0.04788096514254552,-0.4562045900611742,4.783213913306277,1016268.3196096744,45778.32025004533,76553.94463275175,52480.89034228868,132693.50403010298,0.0,265482.73165835877,132789.2276282558,135647.616991005,55344.22773233004,0.0,63184.89013468939,2954.1129609019586,0.5463863438137576,2.0085856499224755,1.0071644494993448,0.013630461232448932,False,True,False,0,1.0,302261.94760414923
200/100,3.0,60,67,1825115.3080827883,0.06201103841656663,5401918.3289956255,1244.3549510332243,0.0,110328.93296066919,170775.01143266537,-0.0,215846.401252467,0.04731317345239054,-0.19510879901190636,4.684941445775656,1438276.8878298253,64786.38412635746,108723.79933481806,71734.05116207343,188454.5855136846,0.0,376407.5916036394,187953.0060899548,192336.46613316474,78473.2781823312,0.0,89585.00680166618,3881.880619479566,0.5470444988223244,2.0086752342693464,1.0061772581543633,0.010679784449138197,False,True,False,0,1.0,330179.1101790814
200/100,3.0,61,68,2343574.3470099,0.08889968846068985,6619389.325502695,2161.6318894970623,0.0,386550.8432566982,169045.2797922129,-0.0,311829.17395315855,0.03950295037988187,-0.24137119767963677,4.683918432485447,1697493.387250583,76464.8179307102,128507.64943093479,84814.50355714047,222746.59234695358,0.0,445171.67693280755,222425.08458585397,229681.5634123828,93710.07787225218,0.0,105950.85911000817,6934.971065429637,0.5465347492081011,2.0099504809184587,1.0056983007346265,0.014422737230190608,False,True,False,0,1.0,502480.5693027758
200/100,3.0,62,69,1154566.0995361707,0.014476240602702362,4091911.2139891284,494.9325433296108,0.0,-323698.43312600796,234568.0272019658,-0.0,164088.20374748035,0.03767942859069096,-0.3590246178951292,4.829113048148413,1001348.4701553041,45105.66947387627,75395.68148492671,51465.69426895924,130685.84790720626,0.0,261313.64981115147,130627.8019039452,132445.6642338377,54037.83100740578,0.0,62192.648655054065,1759.8163266312479,0.5467095850949832,2.007731318578926,1.006643610144433,0.01271182253969494,False,True,False,0,1.0,192126.16952065137
200/100,3.0,63,70,1321546.6120328372,0.02827256470237205,4261928.882886429,1123.736812369936,0.0,-271585.40574473323,222655.7299158918,-0.0,180391.67218923543,0.04384151155540623,-0.22928024125228796,4.78074060905353,1110896.2332454477,50041.09583903507,84954.52968232773,56518.96043854454,147254.51811603477,0.0,292182.889062697,144928.37094666224,149202.94551848638,60874.801771542436,0.0,69539.5275969219,1948.4274024523609,0.5465412238780984,2.007914144539888,1.0067007891358402,0.008840773100126542,False,True,False,0,1.0,226963.79300993102
200/100,3.0,64,71,1737258.0554175917,0.056784496627390046,5191135.015465979,1866.8265932099507,0.0,-3947.8198096194683,204871.4601554609,-0.0,274825.73898323486,0.045068309954518056,-0.24536045745939106,4.699572778172975,1350675.8879241552,60840.13368840513,102084.0055524469,67740.02888533156,176945.6096242413,0.0,353325.3658390308,176379.75621478952,180008.54741964774,73443.48734721626,0.0,84091.43706968933,3062.937795406033,0.5467537359124228,2.008506820150527,1.0063635113445188,0.010730679082130212,False,True,False,0,1.0,366630.8842418626
200/100,3.0,65,72,969606.869791459,-0.0030816996366909155,4456010.990317872,546.8622964690738,0.0,-509285.3847850049,225637.17799880353,-0.0,77811.57333811512,0.04815979544453645,-0.4600038855201438,4.916545450707442,1061165.890282874,47802.9939503649,80772.46655481742,54850.28377314658,140005.60869501688,0.0,278666.923474786,138661.3147797691,142833.32645359507,58275.997193066796,0.0,66322.72778699905,2827.7177585777245,0.5462401148348839,2.008286202461935,1.0060506727852279,0.012943988092844583,False,True,False,0,1.0,90225.85961307338
200/100,3.0,66,73,2132865.385411166,0.07868923495733204,5922779.111855902,1372.28304697075,0.0,383115.4040530583,159377.65232405614,-0.0,230947.4213364967,0.045695101680335394,-0.3640202714340589,4.712052012413744,1581637.5217059506,71245.30799603982,119706.06702519968,79400.77521993083,207490.51617701273,0.0,414308.73742349393,206818.2212464812,212491.57464012672,86696.5624531717,0.0,98605.47950679155,5001.058463113021,0.5462186970280218,2.009548548486145,1.0069284178763485,0.014352564241982169,False,True,False,0,1.0,396014.29017476254
200/100,3.0,67,74,2771225.1667089546,0.10730479723768571,6586659.126620466,2495.827173411135,0.0,636500.9702128184,134821.37716071677,-0.0,377682.2700956048,0.05932786090523068,-0.17809907894372057,4.576245545146262,1813536.4185187768,81690.03271596498,137843.7616185643,89126.49809452928,238929.18680551136,0.0,476397.06760999124,237467.88080447988,245777.06715340907,100277.04339859089,0.0,113382.50209117788,6847.880347896139,0.5468972996732547,2.0089168769295402,1.004926041254053,0.011241578990816015,False,True,False,0,1.0,583643.2091981784
200/100,3.0,68,75,1573747.6311331997,0.046389827359910596,5920185.075287824,12770.769537646995,0.0,-81385.32098368292,195418.72181165928,-0.0,230611.38694413018,0.053442783623349,-0.27895801599918746,4.763449509472083,1511156.1451679475,68069.86731895187,114412.60082258441,75907.1713279551,198315.1747591463,0.0,395546.6446987191,197231.4699395728,201383.93781215936,82164.64662736101,0.0,94140.10143829514,3068.7630530124275,0.5461750958409238,2.00797444694746,1.0065410165432869,0.013298068928742302,False,True,False,0,1.0,318601.86781435326
200/100,3.0,69,76,2152154.256132921,0.07966081541595416,7784359.948502577,1282.2973887856624,0.0,477276.00746443146,114537.42265003196,-0.0,176302.193109622,0.039301987737190694,-0.23836603889747054,4.681036950707674,1962714.3228716054,88414.28042747562,150217.301932617,96686.88974089896,260376.65668320286,0.0,517622.6340055887,257245.97732238585,269014.2451802426,109757.81203353897,0.0,123194.18689333013,8637.588497040468,0.5467870824353926,2.00983621785232,1.0053581254209993,0.012205012340523957,False,True,False,0,1.0,356605.4924295187
200/100,3.0,70,77,1055393.5824899948,0.005405935754862146,5148531.826277754,885.9462951621359,0.0,-432888.4162125419,236687.67585776924,-0.0,145498.94941437524,0.038282721427862924,-0.47477287302542426,4.830012232070322,1230736.8427083944,55439.30747042558,93068.73844525084,62346.93949187311,161319.14663843482,0.0,321925.94361792394,160606.79697948913,163883.86747513746,66864.61792985607,0.0,76618.37458106592,2564.7208367022954,0.5466155013206903,2.0072428321603644,1.0059159931179908,0.011990210263961298,False,True,False,0,1.0,163658.00093898358
200/100,3.0,71,78,2398324.744876473,0.09141721292757365,8377576.058527446,1865.3145654002956,0.0,584812.8619501926,109409.78033597191,-0.0,273425.0559560413,0.0450240214259381,-0.28880375712831274,4.627551878243958,2157379.367375248,97181.3897382654,163887.00679538914,105167.87199530973,284070.8117786745,0.0,567125.5462743533,283054.7344956788,294506.1504197606,120158.50937126232,0.0,134975.88001329612,10435.338641087572,0.546951783880813,2.010223089966206,1.0048106690247587,0.01184151745124118,False,True,False,0,1.0,494551.1915131089
200/100,3.0,72,79,667000.9896322496,-0.039687354300201094,2569827.3576775654,517.4483684059566,0.0,-774683.4852737486,336192.0,-0.0,66237.30837080299,0.04655003759226402,-0.7601778515434842,5.062107608960057,455121.6132202629,20502.144814725416,34546.25150472776,25108.74702670227,59880.16927486143,0.0,118998.81606156423,59118.6467867028,60175.869319124075,24551.754682202623,0.0,28321.71822265229,295.70004426258345,0.5464463928334328,2.0070465354529903,1.01107874738151,0.014890438783952131,False,True,False,0,1.0,86749.81787768303
200/100,3.0,73,80,1628386.144443882,0.04996721817015248,5148515.262197268,2126.7580655771703,0.0,-128399.80918008703,202305.99403296268,-0.0,186022.66804897727,0.03510669996605851,-0.3205730259864511,4.720855179265465,1293469.6678727276,58264.74963892415,98491.61728471852,65019.57872963858,170718.80329351217,0.0,339722.3824012889,169003.57910777672,174005.03869312967,70994.05578679689,0.0,80853.92701150675,3286.2353996173506,0.5467265382399287,2.009718990331304,1.0068332251468282,0.017566200237862928,False,True,False,0,1.0,260099.37199624878
200/100,3.0,74,81,787210.3719562999,-0.02364201875691796,3483030.231547105,463.31732045909246,0.0,-694533.6816505559,309532.21548985696,-0.0,119404.63420854547,0.043672300501195034,-0.6065620397261826,4.815348699124891,773920.7398737204,34861.3722747922,58678.552499436235,39644.14596110488,101709.49099902273,0.0,202275.91625997148,100566.42526094874,102525.88073912638,41830.55934156356,0.0,48141.668069873194,816.3897401035453,0.5460665149792129,2.007369083954307,1.0109314747613183,0.012528592576045217,False,True,False,0,1.0,166576.08409744562
200/100,3.0,75,82,1584795.0413536357,0.04712206309081135,4740142.60268771,911.3473104544349,0.0,-54779.67427784324,214022.06699681742,-0.0,184219.225479325,0.049746739111494125,-0.4643242136626874,4.7080240126356765,1146270.0547024002,51633.981013484045,87156.88291151244,57822.964722172925,151071.93037995487,0.0,300725.5196994798,149653.58931952494,154037.8102392641,62847.42657761976,0.0,71572.6736884762,2965.8798593100723,0.5467482592202594,2.0076913803467895,1.006793661360561,0.013205557724089267,False,True,False,0,1.0,268478.7561920368
200/100,3.0,76,83,3987784.3467465937,0.14834706944837173,9518024.120375875,6156.208358974567,0.0,1377673.5211327197,103747.2904630246,-0.0,630768.3872111075,0.03266179986178927,-0.14385165395336097,4.515380365247872,2545323.4951154348,114654.84866775204,193066.59027882965,123356.01452596436,334648.75648330484,0.0,669007.3983738968,334358.641890592,348836.15548125777,142325.15143635316,0.0,159223.76081298746,14187.3989979544,0.5465932426285312,2.009449879726972,1.004067582587993,0.016760420648571195,False,True,False,0,1.0,1043027.5945668165
200/100,3.0,77,84,1270138.0513002072,0.02420075748947892,6188743.566353024,10614.531806759922,0.0,-210440.25797274953,212433.04963090763,-0.0,162869.4192752961,0.0422491364633276,-0.4478095638406705,4.810789315535052,1421270.170828199,64022.12262029774,107355.75421981991,71664.84569502342,186083.30731435458,0.0,371805.98075306753,185722.67343871295,189800.3975265624,77438.56219083746,0.0,88489.82341923006,3717.0902122073026,0.5467783973028102,2.007937296849112,1.0060159177588517,0.012046731481730966,False,True,False,0,1.0,232303.20476383372
200/100,3.0,78,85,2925147.441231807,0.11330658064077404,6926278.033030709,21790.89436891648,0.0,833777.2325752663,137449.71151937035,-0.0,431343.0849099661,0.036811575358853064,-0.13467884937875152,4.650810962536608,1910274.519272682,86050.44468549472,144253.51325178982,95294.22371764417,250039.42296976896,0.0,500788.60886873613,250749.18589896717,259944.78815151824,106057.47356581944,0.0,119187.68891075914,9905.365181749496,0.5468806044704039,2.0101680159456814,1.0046481070607205,0.014612853170239859,False,True,False,0,1.0,715399.4666930089
200/100,3.0,79,86,2771848.841429018,0.10732971502812516,7772192.919492561,1314.0502660765167,0.0,747392.8698515502,139770.47921951555,-0.0,339517.36725030915,0.04714082735508064,-0.19822836476164774,4.5644674408409855,2007575.1951630246,90432.40973305005,152306.02111609615,97614.8076099244,263997.1032679,0.0,527571.563610542,263574.460342642,274554.4172623961,112018.20224305759,0.0,125562.03213930898,10557.313994495928,0.5468251547930805,2.009659209452243,1.005167679457082,0.012600705509558052,False,True,False,0,1.0,611709.3816338025
200/100,3.0,80,87,1903236.3039982491,0.06647154250934006,5743844.672677525,993.7816135860824,0.0,183762.8817987625,152732.0615711793,-0.0,200148.7725307604,0.047023601408976635,-0.20833751116644283,4.773714136748294,1481655.2680009692,66743.87736015671,112757.59726608587,75136.51114239446,195446.50192788208,0.0,389447.09695392026,194000.59502603818,200895.90210841582,81965.52806023364,0.0,92688.409075033,5449.400180533977,0.5469873855558146,2.0090562396845564,1.0053999843194237,0.008950191268023655,False,True,False,0,1.0,317774.8090450781
200/100,3.0,81,88,1489669.281071787,0.04066029802024951,4834276.432212822,22493.71661857622,0.0,-129416.86822331301,229904.27401019516,-0.0,230720.07543440792,0.047519605040965446,-0.32128736218251885,4.703267543092981,1239860.9406282778,55848.890132578344,93725.65656872944,62058.03090241393,162457.80471913092,0.0,324450.1292528789,161992.32453374797,165581.8758455869,67557.40534499945,0.0,77219.13076218519,3124.0711264555,0.546647050276766,2.0084206724963245,1.0059964713527987,0.013637467253718505,False,True,False,0,1.0,315450.0687089338
200/100,3.0,82,89,1608877.135288792,0.04870246293755631,4320491.534018763,1615.2128137700772,0.0,-121186.93163473281,213056.9115228769,-0.0,196874.14866825027,0.05129321030606668,-0.26003086794727404,4.6152667350270935,1123202.6588656672,50592.59589569135,84655.1779643204,55742.99895325202,146735.64180482205,0.0,293427.0228383534,146691.38103353136,149430.4473957576,60967.62253746909,0.0,69835.63143552809,2694.805590935635,0.546660837693779,2.0083561153263427,1.006745240802378,0.010398930648998217,False,True,False,0,1.0,270206.4114680347
200/100,3.0,83,90,811544.7715327484,-0.02066506183740424,3315602.5502487845,391.11169452543777,0.0,-632274.3477753648,301657.22174737585,-0.0,100895.72300539786,0.044079644153507305,-0.5202974074269552,4.88131002401825,762316.809916693,34339.267172498614,58123.818222692455,39603.56417583523,100747.95158600026,0.0,199985.99868561226,99238.047099612,101432.51198647196,41384.46489048056,0.0,47596.66768717571,684.5604004714538,0.546389253666405,2.0073772453209586,1.0083717217205848,0.0076162375000667915,False,True,False,0,1.0,132930.79837063304
200/100,3.0,84,91,1435364.1097296095,0.036802911947172,4724983.144639386,8569.638520387645,0.0,-276693.6931484316,216756.37981509318,-0.0,203466.80126183594,0.04790733890321988,-0.39238587470802766,4.711816177894745,1154330.3151459165,51995.84590552743,87221.07765059978,58000.02498879501,151183.20126103962,0.0,301703.62924845004,150520.42798741042,153413.8711224316,62592.85941795208,0.0,71805.46376113109,2230.669861390931,0.546629971546052,2.0084262503323123,1.0079231511616729,0.011116911468115998,False,True,False,0,1.0,251628.0809221667
200/100,3.0,85,92,2130172.0237485967,0.07855294166259696,6650668.883527516,1462.9139002896518,0.0,315191.74214458367,173568.82897742355,-0.0,304389.7177690239,0.04336106363567037,-0.2564186337008887,4.6258424999719825,1805588.5601334646,81331.0803022891,135362.0009028731,88443.32322323108,234627.46823164666,0.0,471136.5347830828,236509.06655143612,241670.96728482447,98601.75465220839,0.0,112130.49527837367,7043.499053177434,0.5465545813886425,2.0088175231207273,1.0047408447890662,0.012902089053461463,False,True,False,0,1.0,464739.95880482544
200/100,3.0,86,93,1275574.267354408,0.024638275441624113,5592811.05356307,1795.7569546108555,0.0,-284122.0695111661,230908.7294577182,-0.0,143378.0103058383,0.04545716453331368,-0.3552573069488758,4.68201431081328,1384849.4338446886,62378.64971942195,104621.92175356574,68082.24745633626,181344.6643728473,0.0,361750.8115565703,180406.147183723,183622.67710639443,74918.05225940891,0.0,86096.69315046372,2278.0127335476413,0.54655320564361,2.007485002758883,1.0087160415118015,0.011445497216491685,False,True,False,0,1.0,215506.47966474632
200/100,3.0,87,94,1704667.800550663,0.05478507451634207,3874332.4825565964,13579.212074720877,0.0,-319432.4619185822,254443.09257595902,-0.0,274473.00134483265,0.046582259311887524,-0.38505360343382355,4.810739137751111,916626.6614181008,41290.41694372928,69786.93760285414,48211.18259672829,120964.02517828056,0.0,240614.78875841506,119650.7635801345,122967.29881035975,50170.657914626776,0.0,57266.31972450277,2003.2736320788079,0.5464758435450272,2.008671058517023,1.0070519867079195,0.01464468872458391,False,True,False,0,1.0,337440.6253168421
200/100,3.0,88,95,1689849.2206456943,0.05386454917337846,4946546.587265721,1506.2662950587376,0.0,-135915.45260895533,201585.76552605283,-0.0,191468.407108149,0.05675367352261707,-0.2783009428337242,4.775002272373998,1238684.7271545685,55799.317642950846,94552.05588017542,63197.729870454015,163890.230192304,0.0,326120.2427964314,162230.0126041274,168626.01962214737,68799.41600583613,0.0,77616.6177855507,4735.789429844482,0.5468318429381025,2.0096091573939088,1.0045956777484029,0.011795286226919055,False,True,False,0,1.0,264868.91578318045
200/100,3.0,89,96,1331943.6725699436,0.029078692166315312,4039478.8036603336,379.7799840949749,0.0,-319409.24991524505,220549.27742384642,-0.0,214597.1607874622,0.04310686470696928,-0.22925349926233785,4.760002568436245,1014765.7901586577,45710.10464129804,76762.29028801115,51757.350464070456,133054.63649921934,0.0,265578.5364235194,132523.8999243001,135375.78307099262,55233.31949296499,0.0,63207.691668797605,2321.146571773103,0.5467502136860325,2.0085129834184103,1.00643414057913,0.009709342504407026,False,True,False,0,1.0,259768.36917489767
200/100,3.0,90,97,1260061.5629278035,0.02338530462879973,3271519.9387687556,751.4086341687326,0.0,-324009.17026555503,264001.10573340824,-0.0,170290.75771426118,0.0601100575975179,-0.49525895965262645,4.86209277397426,810719.080202872,36520.538293916004,61628.17517137331,42666.46821410866,106822.1702970471,0.0,212750.82228318462,105928.65198613753,109121.69259035379,44521.65057686435,0.0,50634.69570339794,2299.522293306991,0.5466244696063661,2.0078510009299815,1.0068306662871946,0.01078166533216951,False,True,False,0,1.0,243540.12955420377
200/100,3.0,91,98,1780420.7949103517,0.05938121030050025,4437202.433664439,2091.2795051299872,0.0,-15920.808116503322,230424.90758191605,-0.0,240029.94589402172,0.0447650813845978,-0.2697389141045141,4.810424352164802,1095220.2758142012,49336.06855538319,83409.73024534235,56945.1615491214,144576.86575859337,0.0,287748.8860862885,143172.02032769512,147790.47220051207,60298.51265780891,0.0,68484.23488853667,3213.6064419189925,0.5465471729286124,2.0082851854650223,1.0062153565144958,0.015438009939035213,False,True,False,0,1.0,353818.38980654744
200/100,3.0,92,99,1993209.22437001,0.07140899665718936,5482550.081243905,9380.674204343213,0.0,186051.9414959586,175495.84969606073,-0.0,278075.7396036426,0.0393885162670938,-0.2785190596113033,4.635049682557056,1429649.828607516,64397.787749440016,108423.5410762139,70965.17072683082,187934.1378654375,0.0,374870.1767009976,186936.0388355601,192268.72323438642,78445.63907962966,0.0,89219.10205483739,4334.585368950336,0.5467120997607104,2.0083585373736597,1.0053434742584337,0.01575417437317439,False,True,False,0,1.0,399171.3828671316
200/100,3.0,93,100,3437734.047311401,0.13142879538982033,7547317.60247536,7368.558688394863,0.0,991494.0263269258,146650.5799169503,-0.0,501617.88843157294,0.059144975712129934,-0.1874291686064422,4.521692233440448,2047886.0764912975,92246.11610877559,155229.1589577194,99936.66418341389,269063.8755267137,0.0,537664.9348631685,268601.05933645484,278695.1467193001,113707.61986147442,0.0,127964.25449743416,9631.2711925862,0.5467743835704371,2.0094644097120478,1.0049911233275448,0.011138549354081873,False,True,False,0,1.0,839156.0760423187
200/100,3.0,94,101,1322717.338800091,0.028363620634502817,5688073.634214787,1918.543854724585,0.0,-193710.44775868952,208853.79692930536,-0.0,116491.26884100406,0.03649496446928988,-0.34632174244722125,4.742039544994017,1413201.1098918926,63657.813340989,106628.6279701688,70351.5523057272,184822.95514829265,0.0,369613.6614470631,184790.70629877044,188991.23874684464,77108.4254087126,0.0,87968.05142440101,4168.283598552119,0.5471230160747275,2.008388858171166,1.005395794632814,0.014067447803618238,False,True,False,0,1.0,195170.0306281423
200/100,3.0,95,102,901837.3940838682,-0.010278911941511204,4445120.42579351,594.0626715438043,0.0,-575604.5661805731,277510.6294397907,-0.0,144640.1022845479,0.042123214702014494,-0.5790717639736649,4.852261117353036,972761.0620002535,43818.1990073194,73297.2073921872,49795.17566913357,127048.49281312447,0.0,253646.97184563306,126598.47903250859,128398.40738815397,52386.55021436681,0.0,60367.97929926066,1349.9145750298135,0.5467381353786493,2.0065285990474413,1.0081882767266053,0.009699671998333104,False,True,False,0,1.0,165359.42564986285
200/100,3.0,96,103,1910087.7758877203,0.0668548417259145,5273117.96420462,2179.459748082275,0.0,129679.22093411212,184848.93417241133,-0.0,245471.6991163029,0.04133796380127785,-0.22682639719727704,4.782207600444713,1390666.2027268417,62643.03522484556,104930.0617663705,70985.03739751001,181878.77372837556,0.0,363677.3870264429,181798.61329806736,185649.6137584321,75745.0424134403,0.0,86555.21811229341,3770.8400300559033,0.5470912366475994,2.008261781944958,1.005532384061113,0.010319674888563224,False,True,False,0,1.0,351839.1930495695
200/100,3.0,97,104,778566.9786958315,-0.02471937178104433,3444126.919421128,765.6061844763169,0.0,-676805.7505064737,311184.5251266675,-0.0,90089.65096921677,0.0353954487931144,-0.6779296646785924,4.940403964815304,731423.1063164074,32948.814743749965,56065.31859525064,38444.27000168583,97179.88556510111,0.0,192480.63485969862,95300.74929459751,98242.32049812532,40082.86676323513,0.0,45810.39109660827,1062.4349330243126,0.5464000967842466,2.0066107931701818,1.007813681294357,0.011250214681236548,False,True,False,0,1.0,124168.87280054812
200/100,3.0,98,105,1956400.2735594665,0.06941376906130237,4274190.933819296,6857.489138079559,0.0,65757.80860442852,225895.35411887467,-0.0,261577.0079214124,0.03907711166406357,-0.36441801476812397,4.642180463456635,1039756.5277247587,46834.52571803192,78132.31047840172,52864.986333701694,135429.33816256298,0.0,271338.1223428206,135908.78418025764,138532.32989797182,56521.190598372494,0.0,64578.47311759129,3102.991735409336,0.5465948418038583,2.0087031169021925,1.0071151976687727,0.011006647671834013,False,True,False,0,1.0,393495.7742356154
200/100,3.0,99,106,1832030.8725437887,0.06241276168226784,5134660.649410176,1601.1081353296065,0.0,135373.4895375725,166167.0947281698,-0.0,221193.58277201783,0.03503518544826625,-0.13827187186741352,4.787260994099755,1395529.8199532148,62861.21840418995,105371.84183588141,71185.56465353217,182644.52584886114,0.0,364723.2759703713,182078.75012151018,185128.34437225567,75532.36450388032,0.0,86804.13968094838,2483.818523394601,0.5468124528869517,2.008088140408562,1.0067989500810843,0.007670948082206808,False,True,False,0,1.0,313932.9154464213
200/100,3.0,100,107,1792719.8865768213,0.06011076254335901,6066035.8136168,2860.224486310052,0.0,136814.1703235295,170696.8975615995,-0.0,275318.0032644895,0.03875005661700097,-0.22341345963621584,4.64310611398798,1650884.189983565,74362.62956065782,124427.42961742247,80985.16930505095,215674.2113368656,0.0,431642.2809120847,215968.06957521907,220947.48266059178,90146.57292552144,0.0,102730.86285707616,5273.27132372526,0.5464702075499376,2.0088239103977217,1.0055611546318306,0.013503930509212392,False,True,False,0,1.0,384869.0646117637
200/100,3.0,101,108,868521.3092388089,-0.013997427929480333,3258792.272794586,709.5737101075149,0.0,-553769.7269114152,267404.54538681364,-0.0,99990.44792220677,0.04256508913416504,-0.41322818773324965,5.0102410833229625,723040.6162123274,32571.5392786939,55170.40713198226,38726.52034824709,95628.70569543591,0.0,189903.4746211459,94274.76892570998,96790.16055381786,39490.38550595769,0.0,45197.02695983271,1161.4548583823696,0.5465957217682047,2.0076422319084153,1.007378305881804,0.008965890117060393,False,True,False,0,1.0,130961.59603553815
200/100,3.0,102,109,2054258.390949297,0.07464619905425796,8148189.486408189,1844.3005839323112,0.0,348081.04265180096,141458.3800213619,-0.0,221848.48032486052,0.04199112736529299,-0.31691847737236645,4.553428571017602,2049800.813978232,92332.01607614096,154598.58540079364,98015.97404046924,267970.8813613757,0.0,536801.7260053761,268830.8446440004,277405.52827850333,113181.45553762936,0.0,127758.81078927951,9434.646917128315,0.5469740953396625,2.0098624328066874,1.0048796777567013,0.014181588958191105,False,True,False,0,1.0,405169.70942642033
200/100,3.0,103,110,1568461.6124553902,0.04603782591349925,5244926.369259837,3193.6103473156763,0.0,-89584.38988938535,185998.03605851595,-0.0,171457.3265586249,0.04819917918402623,-0.27038532573796026,4.779823234357889,1335381.1309392166,60154.94936433339,101342.56867649866,67628.70704178265,175660.45237259765,0.0,350600.0375579868,174939.58518538915,181094.52601430984,73886.56661383841,0.0,83442.80893880084,5434.0736417126445,0.5469186606361836,2.0101670537830283,1.005943385404564,0.013068457425600144,False,True,False,0,1.0,240836.2933359565
200/100,3.0,104,111,2986824.552494392,0.11563202183515298,5909145.9794475185,18418.494036599535,0.0,406101.25329045556,192286.53902660133,-0.0,484220.15484055923,0.03978469372381512,-0.22303280777490364,4.653162410594595,1388026.51334369,62526.31428513944,105646.99692745495,71185.73307710621,183121.46134092202,0.0,365361.25214642816,182239.79080550614,106457.16721841048,43434.524225111476,84029.14323490016,86955.97801084987,7364.849112388169,0.5463570169438315,2.0106164631450234,1.0051347558241355,0.0169006974142194,False,True,False,0,1.0,688074.7701611388
200/100,3.0,105,112,1189811.9277665822,0.017531427742629058,5242594.644397249,1146.0955025809199,0.0,-306577.3651509169,261650.6241008307,-0.0,192937.30530108194,0.039107976960248446,-0.40147885819592466,4.857442762949676,1265506.222253163,57005.43014673967,95519.708029631,64662.283560932774,165567.4939180271,0.0,330611.7593946369,165044.2654766098,167859.95445280249,68486.86141674341,0.0,78685.59873592357,2292.460534775139,0.5471970683314017,2.0073045464476715,1.006543065156189,0.00997068855123806,False,True,False,0,1.0,256806.59260656108
200/100,3.0,106,113,1522151.791106826,0.04290751353349265,5235244.824479224,1448.1356767759237,0.0,-51242.07524202767,186492.3431945669,-0.0,192133.53698424905,0.04634964277226122,-0.29994059583659205,4.841445495766211,1326317.5461411444,59746.537771336974,101036.43702632547,68007.88367576193,175129.82417896413,0.0,348559.3448670099,173429.52068804577,178895.15784813068,72989.22440203732,0.0,82957.1240783484,3765.333669166878,0.5467353033645413,2.0088069476374883,1.0050216713666011,0.010079306636808782,False,True,False,0,1.0,269567.3075925841
200/100,3.0,107,114,2109875.4605771406,0.07752084900405687,5016991.968581233,4736.757464697318,0.0,214856.0098792295,181611.93784766467,-0.0,248155.09128806082,0.054828016173933,-0.38224688151660624,4.566787376099507,1292969.2393779133,58242.13144605352,98128.57687340755,63897.021644927285,170089.53324723968,0.0,339691.8759302818,169602.34268304214,176287.9440966633,71925.48119143862,0.0,80846.6664714071,6198.410849423839,0.5469042496543365,2.010595946551778,1.0047586264091084,0.015659618231519623,False,True,False,0,1.0,385703.7550178581
200/100,3.0,108,115,1485876.9288737602,0.040395066074317976,4448322.072651813,940.7733421949887,0.0,-207869.34139998036,208197.69186521068,-0.0,185059.67230184466,0.044710706342558415,-0.2917470153364301,4.732607033784548,1085465.1835237688,48895.856073957104,82401.06113825394,55054.714133488844,142828.50597297348,0.0,284782.9747473672,141954.46877439372,146491.09181041564,59768.365458649576,0.0,67778.34798987341,3662.5858374417385,0.5462999436743757,2.0100417907314414,1.0073147324915195,0.013479567994645336,False,True,False,0,1.0,233518.2179365864
200/100,3.0,109,116,835755.7969435023,-0.017781884501411493,3395219.625494399,1996.919129353572,0.0,-643233.5769049625,282802.9776167414,-0.0,93125.67260398212,0.03807717706945713,-0.4654061902891805,4.984978124981399,710867.739913303,32022.79872232491,54027.6566347513,37852.917062339126,93647.93816690224,0.0,186357.76810219133,92709.82993528909,94871.0902806883,38707.40483452082,0.0,44353.148808321515,1223.1521137859368,0.5466098717746355,2.0072080858431023,1.0067707139659334,0.00863061162576173,False,True,False,0,1.0,90423.64415271979
200/100,3.0,110,117,1518537.350601469,0.042659603884414254,3989291.73137134,531.4222423083922,0.0,-328414.6862651677,263138.23329614906,-0.0,225690.49980036158,0.04805915689763213,-0.4008036454969355,4.6486086858690445,938090.069370258,42255.293057256524,70718.51072744853,47344.10903630682,122578.75192757747,0.0,245119.75472777977,122541.0028002023,125195.53502587829,51079.77829055833,0.0,58338.501625211575,2616.78309830032,0.5463408855672011,2.008688822430536,1.0072594085292121,0.012336111911035452,False,True,False,0,1.0,302139.57805185096
200/100,3.0,111,118,1291321.4375049754,0.025896235272766965,4494623.581936696,629.3417858171775,0.0,-324015.8758481471,262957.00247405504,-0.0,226680.78721428005,0.04489581036172764,-0.33041196113372306,4.677159522297242,1103101.9436507416,49687.59138801252,83033.38677269807,54981.938132679206,143924.5370726766,0.0,287974.39704388316,144049.85997120655,146329.7357109662,59702.532170074206,0.0,68537.90649644421,2405.198638289599,0.54676118349557,2.007757045158295,1.0060415755306857,0.011775652342165044,False,True,False,0,1.0,283417.736367645
200/100,3.0,112,119,1461138.7875788808,0.03864981233588183,6467352.27293002,46215.23266392166,0.0,50277.35167551093,123809.56874447281,-0.0,55176.04654995157,0.046268078186350405,-0.33497833461841775,4.78542307723385,1638689.817004089,73815.99614916186,124211.77803564322,81971.12631558355,215300.4152617817,0.0,429503.9298037122,214203.5145419305,164251.1405379069,67014.46533946601,55432.893505237895,102221.93529328349,4383.61878136381,0.5466878879161313,2.008187266175442,1.0055760566057699,0.009735359050133674,False,True,False,0,1.0,148171.50892440922
200/100,3.0,113,120,1734521.3232181715,0.05661790143373491,6077999.422673341,1282.9661772915283,0.0,-32109.75144324536,214774.84081221008,-0.0,244695.11849898816,0.0439674330007467,-0.5240538856171253,4.701349260390189,1515975.4845933549,68287.00172139179,114306.1908801862,75467.10347552158,198130.73085898938,0.0,396398.28077720135,198267.54991821197,203071.48789040447,82853.16705928501,0.0,94342.79082497396,4940.757031414924,0.5470913690695953,2.008535724815175,1.0053543562786231,0.01106172416916884,False,True,False,0,1.0,352698.9386113641
200/100,3.0,114,121,610432.0582655424,-0.04816047828723313,3405251.3864879827,214.84572143199543,0.0,-806016.7429147497,333729.65484426677,-0.0,70167.17232205103,0.04372728923644837,-0.7115774008338781,5.1670712397949226,678096.1102418781,30547.526184218317,51531.67231989452,37007.96574718315,89321.56535448384,0.0,177425.27192798234,88103.7065734985,89820.56285232096,36646.789643746946,0.0,42227.214718859774,498.9974978376217,0.5467297617266926,2.005454231505013,1.0097363581570868,0.01610713220238913,False,True,False,0,1.0,91148.26983910028
200/100,3.0,115,122,1570240.3159991647,0.046156390649701784,4978559.417326701,863.3478489772259,0.0,-77076.77138672158,202465.20632701812,-0.0,176730.99153778405,0.045093333176148206,-0.3522710110344759,4.699681912979978,1281025.416267491,57703.18342700031,97176.3402523966,64045.43913731953,168438.98977082074,0.0,335681.678627175,167242.68885635425,171299.98623719765,69890.39438477665,0.0,79892.23951326765,2860.996466376893,0.5463077659323861,2.0087339376959923,1.0069084763641514,0.010310235290521774,False,True,False,0,1.0,256469.79253469675
200/100,3.0,116,123,788709.7149366345,-0.02345621806506193,4210764.840113976,6694.04966497434,0.0,-752185.6018164621,263415.8950945295,-0.0,71116.0420553809,0.04510062092636331,-0.5468558880543578,4.929401376167641,890893.1546570491,40132.043927884624,67595.61782259218,46235.38812079495,117165.73755915971,0.0,233384.05123176903,116218.31367260932,118942.4396709191,48528.515385734994,0.0,55545.404193161005,1776.7021117594334,0.5465758648742511,2.0071578516320248,1.0065074164226482,0.010725772895493924,False,True,False,0,1.0,71692.51111697397
200/100,3.0,117,124,1200314.5300043337,0.018426066095811988,4189547.1934103183,915.2075654036556,0.0,-404721.1622535174,228095.11941093704,-0.0,134686.35229872252,0.0418171375138188,-0.38028875873391366,4.785836422265321,1032231.6329513568,46497.96344095461,78537.20557919393,52513.38050063025,136131.15633726952,0.0,270984.5410480388,134853.38471076929,138806.19514802098,56632.92762039256,0.0,64494.32076943321,2675.038810751987,0.5467330470698474,2.008786661640293,1.0066048602840005,0.01196199061248171,False,True,False,0,1.0,161759.10641243233
200/100,3.0,118,125,1804636.8814046262,0.06081336545505667,5813084.934229088,15080.420663136685,0.0,63296.09734539455,157561.2958626399,-0.0,180793.98441374695,0.04574590826929093,-0.2907012112923013,4.730270413108348,1486752.0851842791,66971.54842488955,112955.04966361694,74583.79014418382,195788.75275026928,0.0,390190.363725123,194401.6109748537,200118.23083220498,81648.23817953962,0.0,92865.30656657927,4329.478081935995,0.5469956836510682,2.0093143266012476,1.0061611323285269,0.01337303171605475,False,True,False,0,1.0,267766.83452089527
200/100,3.0,119,126,953029.5894294232,-0.0047993787082381,3093501.7281487803,5896.250060424792,0.0,-637769.7296070511,305190.7696438489,-0.0,156138.47477857594,0.04302553121485364,-0.5403084307141279,5.031440469734131,693113.3275503829,31222.7520067338,52516.63245681001,37569.21729777041,91028.82959180401,0.0,181045.35308941605,90016.52349761204,91456.6214659883,37314.301558123225,0.0,43088.79403528103,427.7918741845127,0.5462724666762542,2.0069788117138794,1.0099702756814888,0.011819616071656602,False,True,False,0,1.0,193234.36508161342
200/100,3.0,120,127,1089350.0370177506,0.008594847627144686,3773009.9194856095,698.580920696931,0.0,-389907.00570340845,233510.8615417096,-0.0,150613.0251486964,0.042896988908671704,-0.26909782015945616,4.869904995528549,925168.8118660103,41674.8281491255,69937.20855425895,48011.38938852235,121224.4948273822,0.0,241871.33690696774,120646.84207958555,122743.67148860442,50079.41796735061,0.0,57565.37818385831,1519.176661222056,0.5466688769521764,2.007591309272022,1.007187143066425,0.0077288931732055755,False,True,False,0,1.0,190415.827451422
200/100,3.0,121,128,624360.022654307,-0.04601068877261849,2573529.484805128,1703.4355806919339,0.0,-795831.1615662111,342407.6227481975,-0.0,54156.03901973033,0.04525891328541308,-0.7897291926715385,5.120838859022754,430483.3382996603,19392.696196276833,32925.40800420766,24037.607009802337,57070.707207293286,0.0,112906.88075210273,55836.17354480945,57163.06096423183,23322.528873406583,0.0,26871.837619000453,92.35375693847483,0.5466821154152474,2.0057973316356263,1.0111464295076011,0.013137018701286474,False,True,False,0,1.0,88898.10657143444
200/100,3.0,122,129,1806809.3467602162,0.06094099959690347,6260872.53662936,10931.489619222231,0.0,117942.56594644053,179796.31184896658,-0.0,217140.7179264358,0.04057295325978061,-0.2845740375115666,4.78994025196458,1558041.8067748477,70183.88262025866,117676.45302800731,78910.55536407189,203972.51858187935,0.0,407911.816714936,203939.29813305664,209423.37865753635,85444.73849227483,0.0,97083.01237815473,5450.860075656686,0.5465224522213539,2.0089606790412677,1.0056496366664138,0.014812852681754585,False,True,False,0,1.0,343998.29713813873
200/100,3.0,123,130,913736.9734978522,-0.0089806830007233,3043103.640604795,777.0359374629409,0.0,-565516.4154356444,275498.8035552121,-0.0,120977.81694746876,0.04365304558175357,-0.4708464013667737,4.873693048874185,689935.6577064738,31078.34852062443,52322.16578975169,36222.24313405151,90691.75403556958,0.0,180497.98437386827,89806.23033829869,91244.50061268263,37227.7562499745,0.0,42958.520280980636,552.7465771132278,0.5455943260639775,2.0078239075971487,1.0089723275449025,0.009849938615585474,False,True,False,0,1.0,136409.47321337022
200/100,3.0,124,131,1451924.5083571132,0.03799294952566168,5823362.3620624505,34924.19516616262,0.0,-262009.42418267863,233364.00573333446,-0.0,240043.9913432792,0.046891638582293275,-0.4348070988784797,4.760227682745418,1374044.045691434,61894.37705022468,104569.90651686436,69096.92808921429,181254.50462923158,0.0,360440.10536236025,179185.60073312867,184030.4137459423,75084.40880834445,0.0,85784.74507624173,2775.9091167108404,0.5466518383379547,2.0082213464495515,1.0078737131868991,0.013465143300020799,False,True,False,0,1.0,310390.83550318924
200/100,3.0,125,132,2963243.561082329,0.11474808494992472,9502302.820677094,3302.4085385905087,0.0,1191212.714625359,151731.50538550824,-0.0,548565.8878325707,0.046287424161333156,-0.29631042679961883,4.626064105647439,2397004.308800567,107974.90234010972,180671.6667429809,117550.65237442833,313164.22235450015,0.0,627902.8878208143,314738.6654663141,325887.9797612432,132962.29574258724,0.0,149440.8873013538,12723.757406742754,0.5467451699357964,2.0102999182633248,1.0044893694524206,0.014178988061432252,False,True,False,0,1.0,887617.2134387582
200/100,3.0,126,133,1196653.0993672898,0.018114978894383515,5685005.418501323,735.0331391356976,0.0,-287407.0266652951,254427.8193084192,-0.0,181237.27527282888,0.040542388578687055,-0.4362354428822698,4.83772613756838,1385019.0742424626,62390.003398434106,105333.05064401394,70177.87993933914,182577.28778295752,0.0,363356.5909605081,180779.30317755058,185647.93606272474,75744.3579135917,0.0,86478.86864860092,3070.6482797669473,0.5465395449974323,2.0075908421225988,1.0065047336420467,0.009385979853172799,False,True,False,0,1.0,241693.01834320178
200/100,3.0,127,134,804549.6783866681,-0.021512489725226902,3365882.8257482625,2342.0580398303687,0.0,-612531.9296908837,278922.01585870015,-0.0,97266.39133089106,0.042655446439359486,-0.5268271126376387,4.938658221262115,734577.1761861516,33090.057887893534,55953.18462797638,38687.78076929439,96985.52002182575,0.0,192577.94340524645,95592.4233834207,97554.18657877989,39802.1081241422,0.0,45833.55053044864,568.6665569544525,0.5464713012775675,2.0067239093163174,1.0081696162472702,0.008576244095672703,False,True,False,0,1.0,136267.39813644404
200/100,3.0,128,135,2470959.6223121234,0.09467844063907882,6605505.2453307705,3957.901078806553,0.0,466555.9377848956,122591.65865456923,-0.0,318738.3483203965,0.04116406392645553,-0.14879310023826176,4.682770361824512,1751552.5136553005,78900.06303166183,132419.98908434476,87564.59429345375,229527.9810795309,0.0,459117.26715616643,229589.28607663553,237064.84832405855,96722.45811621589,0.0,109269.90958316761,7536.867244527732,0.5464931382684645,2.0090047534373694,1.0048529710793468,0.013889565142625848,False,True,False,0,1.0,490620.2297509384
200/100,3.0,129,136,1366632.1725507851,0.031727874216228136,3502181.5109368893,993.9771892665494,0.0,-262589.96892270783,235197.04503720527,-0.0,184550.67536963426,0.04560312456448306,-0.3694565590794564,4.69681189253078,914121.8623968812,41175.49701911188,68859.58706985209,46408.356313730554,119356.61758774356,0.0,238646.21518010594,119289.59759236238,121243.84563672825,49467.48901978513,0.0,56797.79921286522,1887.228048984657,0.5469544695292432,2.0078460689420288,1.0069481142919852,0.011733252051169485,False,True,False,0,1.0,234771.20544535096
200/100,3.0,130,137,1166605.5566084962,0.015529173502227378,5184453.344568491,403.49105844054134,0.0,-263491.25838460354,220705.23923840973,-0.0,143396.04079806566,0.03881138676998209,-0.37702206619164025,4.922132495981896,1202588.4110493765,54172.856287110815,91445.31841459482,62279.69538706722,158505.2185852978,0.0,315370.6897462539,156865.4711609561,160673.1110836792,65554.62932214112,0.0,75058.22415960844,2167.8924983820325,0.5469415406873996,2.0074458575756777,1.0066934979487954,0.009651022559803213,False,True,False,0,1.0,187249.77577116858
200/100,3.0,131,138,986158.1321133666,-0.0013928850180948693,3286453.5319609083,15332.284483665686,0.0,-509713.5270358623,299197.5539323573,-0.0,134629.69296730508,0.04236493186174541,-0.4745738799715462,4.890119863005937,755131.2582399547,34016.02780128993,57655.37455204185,39691.633336508945,99935.98255687255,0.0,198341.98988112877,98406.00732425622,100962.5909808211,41192.737120175014,0.0,47205.39359170864,1026.6084239491179,0.5466540931040857,2.007311339520471,1.0072779545276966,0.00948082485463897,False,True,False,0,1.0,196296.94963988755
200/100,3.0,132,139,2590273.959284199,0.09985281311271343,6909809.820979544,2111.5331137759986,0.0,673549.3975567534,137450.65836650977,-0.0,351000.3934587445,0.042937184438687374,-0.19977857765891538,4.719764872367434,1831721.3652683846,82510.37435262761,137590.70244123606,92260.169290004,238490.55089814242,0.0,478255.9619873469,239765.41108920446,245402.3130139173,100124.14370967826,0.0,113824.91895298855,6911.7621157754475,0.5464449444100357,2.0096712898330233,1.006289581871824,0.015412799311690373,False,True,False,0,1.0,565195.3867473064
200/100,3.0,133,140,2289330.5641963985,0.08635270640464099,6797287.602581347,1322.4586906573363,0.0,475931.30594295904,157686.72472027637,-0.0,298832.3004499228,0.04745770207590611,-0.27398516839859255,4.572173871717604,1850209.355793909,83340.13488851389,139983.5523729876,89811.63300977438,242638.15744651176,0.0,484640.01186324283,242001.85441673108,248467.2050089748,101374.61964366172,0.0,115344.32282345176,5829.047562462833,0.546368939600885,2.0097639187876806,1.0067396949053182,0.011436656424641978,False,True,False,0,1.0,490000.68430798466
200/100,3.0,134,141,1172474.6792587496,0.016038927162883354,4096977.0766006676,1552.1365164177384,0.0,-411336.1231139899,255114.75856293665,-0.0,186090.40104432966,0.044590828710922355,-0.4327104623772269,4.796278631435583,977522.5009730833,44031.54207909241,73455.37678242975,50021.43806185119,127322.65308954488,0.0,254566.3996314878,127243.7465419429,128443.2537638068,52404.84753563317,0.0,60586.80311229409,1120.6006742618597,0.5468164151044346,2.0067010796797993,1.007810429249266,0.009870541956040979,False,True,False,0,1.0,211733.05077889256
200/100,3.0,135,142,2443468.4035015553,0.0934543905698988,5105247.626287797,26010.898496943315,0.0,444086.4952618144,178503.41748024922,-0.0,367516.23052035214,0.04741679040282967,-0.28028579026271616,4.626087635039459,1378697.1516289443,62102.23610947432,103348.60215646902,69368.07368690896,179137.5770712129,0.0,359749.4963558122,180611.91928459928,184620.5073419987,75325.16699553546,0.0,85620.38013268326,5482.930270785795,0.5469058545636433,2.009188289738764,1.0045278854662771,0.011164379290240944,False,True,False,0,1.0,541405.095881256
200/100,3.0,136,143,2177928.7669831915,0.08094691682060784,5007115.963425784,1998.380515754491,0.0,243919.1148604652,221207.73149008525,-0.0,322057.4399435595,0.042682634017135526,-0.45625617736358715,4.784188853274481,1211428.7792996597,54570.68474497678,91628.11166338471,62960.281650765464,158822.06021653351,0.0,317316.24399880425,158494.18378227073,163284.56384769548,66620.10204985976,0.0,75521.26607171542,4462.50363116227,0.5468126119580679,2.008135384389969,1.006687118202184,0.011196193159961343,False,True,False,0,1.0,506566.24630104634
200/100,3.0,137,144,1056146.5893495646,0.005477646879057607,5025249.937538447,8597.531842076958,0.0,-481515.4638715766,193894.9681886776,-0.0,55877.88380741656,0.06176185980611627,-0.4231474005477187,4.950395981973658,1182326.6194185123,53259.55354890116,89331.2617379356,61354.054614017004,154840.85367908847,0.0,308989.8979077675,154149.04422867903,156629.83321996956,63904.971953747576,0.0,73539.59570204864,1788.979540881672,0.5471356277558583,2.0073741920380215,1.006984690645176,0.008425468795350666,False,True,False,0,1.0,76534.81155566798
200/100,3.0,138,145,1883443.883638459,0.06535725690683036,5578700.871726293,30475.170589010093,0.0,-75437.36657078093,196449.41097187152,-0.0,341034.63232339895,0.046863628612159876,-0.27546027284824204,4.742745426637554,1367833.8447690364,61615.106191085135,104042.13584855966,69453.9134644766,180339.70213750342,0.0,359198.06230794045,178858.36017043702,184297.43335460778,75193.35280867998,0.0,85489.13882928985,3957.7312171042668,0.5467868443619789,2.0092221539434227,1.0056642791373922,0.011168361019882278,False,True,False,0,1.0,428683.45057459146
200/100,3.0,139,146,650471.1936066675,-0.042094191232840084,3345356.682375867,2891.0961173689634,0.0,-737843.995002735,281218.7498060803,-0.0,61632.99008124056,0.043279357878449595,-0.6470444109737761,5.164435295691341,720731.4416812226,32468.553830416,55185.440741508595,39276.790175865,95654.76395194825,0.0,189336.61978675931,93681.85583481107,96139.98715217349,39225.11475808678,0.0,45062.11550924871,485.2232002251745,0.5466351889573601,2.005817172464731,1.00854153427116,0.00886190323932512,False,True,False,0,1.0,51076.96750223849
200/100,3.0,140,147,1671683.064251921,0.05272610929128185,5217029.457499573,1483.847969066592,0.0,23614.68786748068,196910.56559345094,-0.0,210924.34138301207,0.03864819904618794,-0.37781161077526426,4.696171359780989,1384259.330445889,62353.67683708732,105181.31671885993,69065.71491068995,182314.28231269057,0.0,363184.60321578634,180870.32090309577,185759.72345819208,75789.96717094237,0.0,86437.93556535711,3445.441145501635,0.5466563677124319,2.0083883965246088,1.0059415547188117,0.010069490848883644,False,True,False,0,1.0,305439.7592717509
200/100,3.0,141,148,1503318.233269552,0.041609884381555995,5720600.493856928,6450.143488200834,0.0,-54422.51429658488,193980.36755222845,-0.0,206907.30739120443,0.05119306011460943,-0.32189588255921564,4.763611366676534,1527423.941118084,68802.34991306464,115623.11642968848,76527.67081092825,200413.40181145995,0.0,399669.2743264696,199255.87251500963,203169.98995251625,82893.35590062662,0.0,95121.28728969974,2756.5881410560605,0.5468299975009752,2.007816280738009,1.0070051662504573,0.00789386967697836,False,True,False,0,1.0,281483.5696277729
200/100,3.0,142,149,4006508.536012547,0.14888512689676459,8707138.054700185,3260.6057773320667,0.0,1693900.517299154,82433.042117567,-0.0,490358.37126798794,0.04442730508606775,-0.15324355288390423,4.59230683600394,2499538.2776617194,112593.21349126557,187635.1886929383,123040.82023978973,325234.3270677597,0.0,653808.3901313494,328574.06306358974,340118.8509652609,138768.49119382643,0.0,155606.39685126115,14884.523897501751,0.5468035121161083,2.009464772290305,1.0040422089853356,0.01082250303475596,False,True,False,0,1.0,955496.2567199646
200/100,3.0,143,150,1081521.1148560713,0.00786763746638841,3832474.663075817,942.4146160429617,0.0,-385044.4186379032,277969.5278073106,-0.0,161148.2774300067,0.04977140272644428,-0.43427097685093197,4.76418618821678,932731.2617490906,42014.14824049746,70505.99918819345,47415.41213934901,122210.3985928687,0.0,243588.85253604973,121378.45394318103,123290.72830714387,50302.61714931469,0.0,57974.14690357982,1080.3297142755196,0.5461489597368433,2.007048715112289,1.009013572800003,0.01041677991767842,False,True,False,0,1.0,232813.9025377998
200/100,3.0,144,151,1579697.904203951,0.046784791378175594,3990346.230035303,1563.082548585216,0.0,-102171.885227909,216361.77044661637,-0.0,214759.28928449837,0.042348800351060846,-0.31162452836612187,4.8240786350740565,1023818.6900446238,46118.401866264234,77195.84236594025,53303.94288836332,133806.1267676298,0.0,267529.70945617923,133723.58268854945,136213.03698558023,55574.91909011673,0.0,63672.07085057064,2406.910217950378,0.5469888717716993,2.0083478971795428,1.0064691082633275,0.008752975916806127,False,True,False,0,1.0,290120.6208767547
200/100,3.0,145,152,2010762.08292221,0.07234879649771409,4176279.7528144447,1969.7801328147527,0.0,-3566.56000665843,230960.48370620332,-0.0,336491.0005964789,0.04323670006422764,-0.4206088590825533,4.644247329905001,1117598.740579804,50340.83179439447,83757.40297583166,56642.81264132188,145179.49849144154,0.0,291363.68038025475,146184.1818888132,148817.81221120054,60717.66738216982,0.0,69344.55593050063,3638.3137197592164,0.5467572952208233,2.008211430031885,1.0054712713317442,0.01289888523621463,False,True,False,0,1.0,444696.8031999703
200/100,3.0,146,153,829013.5161809486,-0.018577159270232513,4566172.357012775,629.6293756812502,0.0,-574626.7869315951,273686.060550665,-0.0,98839.25980070284,0.03956701687193804,-0.6340767175568501,4.890696464312681,996184.7858738813,44874.54516840124,75563.51121976966,51124.37221403564,130976.75278093411,0.0,260832.5525063356,129855.79972540149,132767.2811965625,54169.05072819748,0.0,62078.147496507874,1790.5284156287657,0.5465769638445631,2.0071383037988584,1.0079336600568738,0.009500940750991616,False,True,False,0,1.0,130951.29024710334
200/100,3.0,147,154,1472783.1697970924,0.039474599125863374,4449296.296409049,2199.0155646892235,0.0,-179416.46194677922,205201.57658909506,-0.0,176896.3754004803,0.04429594609116846,-0.23862275054845328,4.767118424950124,1151740.8762492046,51880.55221527966,87608.57993186745,58592.21874929811,151854.8718819035,0.0,302119.48761840543,150264.61573650193,154136.86756564217,62887.841966782,0.0,71904.43805318049,2281.9956837385457,0.54685441560073,2.007947103488518,1.0065041857639963,0.010699637765829717,False,True,False,0,1.0,230850.79417834806
200/100,3.0,148,155,1168637.9413575584,0.015705953882094725,5427576.1790188225,761.5646772428295,0.0,-311265.4170280965,222728.70331026262,-0.0,186568.81461666297,0.041477816329604913,-0.42499169378152024,4.759421125241637,1280340.3337429569,57671.66571898911,96259.3781378264,64116.823010578606,166849.58877223247,0.0,333716.23793246876,166866.6491602363,168937.91736189165,68926.67028365178,0.0,79424.46462792753,2088.328589659004,0.5466684391584001,2.0070645281376303,1.007159333279283,0.010067786575440385,False,True,False,0,1.0,222327.29228656774
200/100,3.0,149,156,1546230.547767339,0.04454565026810142,5240036.336996643,3337.107541407144,0.0,-155206.68914762101,219266.65567327416,-0.0,266745.5788084343,0.05164593433436264,-0.42638116188215436,4.680425855388881,1321403.3432065286,59522.10708444967,99965.67254197762,65751.56290873013,173273.83240609453,0.0,346068.7011039765,172794.868697882,177139.52010892326,72272.92420444069,0.0,82364.3508627464,3865.687702828898,0.5465460366901371,2.009024741671074,1.005868635300588,0.01154189557444596,False,True,False,0,1.0,345550.38971227536
200/100,3.0,150,157,1003651.9575564422,0.00036459698435376,3883627.4471719093,852.8164237714993,0.0,-465576.85254268,291429.96632825944,-0.0,119970.12879814648,0.05151903865236472,-0.604420119634415,4.904530672751226,861976.7392407622,38828.41347910586,64841.05348261494,45011.88369111452,112391.1593698659,0.0,224636.22827349606,112245.06890363016,113766.5928740115,46416.76989259668,0.0,53463.42232909204,1375.4335041458264,0.5465756137261004,2.006634832550218,1.008898409001978,0.009763756168483795,False,True,False,0,1.0,177969.70724964765
200/100,3.0,151,158,1028802.7666614926,0.002843611786681466,5647197.4966259245,5060.642169735592,0.0,-420869.60721913294,260832.11509216577,-0.0,53390.26824242677,0.048478208635209685,-0.5971299849925635,4.7459324778568055,1278814.7575379864,57605.90591538303,97245.4994358965,63376.500618112215,168558.8656888873,0.0,335745.7418473231,167186.87615843577,172862.05262964446,70527.71747289493,0.0,79907.48655966291,4303.186940756441,0.5466683224698429,2.008737102520585,1.0069433643386023,0.014293479869093906,False,True,False,0,1.0,121125.85434952653
200/100,3.0,152,159,2055195.3031563815,0.07469520177773581,6084002.786701078,2315.8239378118105,0.0,268646.0173287426,149583.60518286237,-0.0,226882.47440867155,0.046430694767713436,-0.22965313906406737,4.726788233799815,1573395.8784241176,70873.67543384308,118309.25738208377,79080.03170484412,205069.3794622785,0.0,410985.00121012575,205915.62174784724,210418.4480375956,85850.72679933901,0.0,97814.43028800994,5349.0685753176585,0.546915790357135,2.008263224298133,1.0049876796120156,0.010126093980913131,False,True,False,0,1.0,361381.24325329193
200/100,3.0,153,160,1804370.690749273,0.06079771702445136,7417814.120077695,1534.8550148700929,0.0,31872.264837984316,163146.01680921594,-0.0,225905.41635513713,0.04888877303437424,-0.41124932030962935,4.760927337544622,1813830.475852263,81707.53693644652,137762.41995583096,90631.146024068,238788.194590107,0.0,476392.05342989636,237603.85883978935,246269.6327513468,100478.01016254949,0.0,113381.30871631531,7481.43816123958,0.5467221058944254,2.0088440368404408,1.0052701111447195,0.013344249385551787,False,True,False,0,1.0,372292.10801033623
200/100,3.0,154,161,2058440.5457576776,0.07486478035291744,7501901.357475405,1325.6611626404147,0.0,387352.21626293997,142252.8662109017,-0.0,267091.29771377,0.048815506806773476,-0.3227189195416409,4.718262016137035,1971416.629896884,88802.22620078607,148285.5033253022,97838.08819726722,257028.2057638572,0.0,514749.44684929855,257721.24108544135,263292.0978961163,107423.17594161544,0.0,122510.36835013304,6263.892132259542,0.5465756285806078,2.00953066125238,1.006703357504461,0.012668818122872239,False,True,False,0,1.0,449673.48079513817
200/100,3.0,155,162,2565270.270320845,0.09878649464738998,7195111.952316411,40370.83658060789,0.0,519718.10883265076,166985.659082858,-0.0,465640.42481959757,0.03868676798177735,-0.3387831013981135,4.630197572479579,1875328.8822284199,84471.76251873988,141201.8662497512,92759.50380302529,244749.90149956878,0.0,489840.92200900736,245091.0205094386,250191.69949156788,102078.2133925597,0.0,116582.13943814374,5441.797991998675,0.5463674846387624,2.008740552529768,1.0064951449366384,0.014246801387000962,False,True,False,0,1.0,674578.8650614312
200/100,3.0,156,163,977999.6001892406,-0.0022221291825081924,3152697.0837086653,558.3454489403384,0.0,-509703.9872926432,273421.586115264,-0.0,135328.46219793527,0.041553426640915415,-0.3754501215262809,4.927598615861063,770127.7211026928,34691.56015227072,58604.89471946513,40695.83767085538,101581.81751373956,0.0,201874.1772818864,100292.35976814684,102462.43295099275,41804.67264400504,0.0,48046.054193088974,880.6154372532252,0.5471066259261136,2.0063953920926387,1.0069520452252274,0.007140104228714028,False,True,False,0,1.0,181874.76674014863
200/100,3.0,157,164,813976.1773100417,-0.02037204579143792,3173021.692877306,582.1725606976172,0.0,-619601.6647121882,280825.72634710144,-0.0,105949.38694761215,0.05412361004847005,-0.5618919926084244,4.825306260039541,724676.550842919,32642.776487752657,54714.431052502776,37381.370761475504,94838.34715767147,0.0,189100.6048306591,94262.25767298765,95514.82304758493,38970.04780341465,0.0,45005.94394969687,676.4758899134235,0.5468296357591378,2.0069020694282473,1.0088568658099342,0.00950696747869828,False,True,False,0,1.0,114350.72076891465
200/100,3.0,158,165,1436515.7520330658,0.03688606821398843,4808936.968023465,806.3351575124783,0.0,-123791.17348373274,211778.32952361018,-0.0,169633.00786095398,0.04945032512201642,-0.36813795479784983,4.815765437166215,1203059.2295228075,54192.90955741779,90985.27330493568,61551.46599093307,157707.80706188854,0.0,314904.0590706187,157196.25200873017,160895.3468811,65645.3015274888,0.0,74947.16605880728,3187.5398192103885,0.5468631176934984,2.0087474724204815,1.006564204280976,0.012402118578159538,False,True,False,0,1.0,243708.06872719884
200/100,3.0,159,166,1797560.190626528,0.06039664293479641,5094720.881736142,1002.404734012572,0.0,27098.227661429468,186641.7370488295,-0.0,210582.37240666515,0.0444040610504013,-0.35799747411265737,4.64382382977939,1328866.450821469,59859.54207480458,100646.9805634894,65955.71395751573,174454.7663100483,0.0,348645.0341474783,174190.26783743,180252.10601196255,73542.8592528807,0.0,82977.51812709983,5797.339701914038,0.5464010742717889,2.009888688651679,1.0054101411831895,0.012549332284120807,False,True,False,0,1.0,308694.0400585339
200/100,3.0,160,167,1862219.5987626158,0.06415058790802086,7481360.636970398,904.1312947200389,0.0,170196.10100193386,134431.59208230604,-0.0,200751.24479703954,0.0455484455624342,-0.3292720282371874,4.54541872143159,1951315.3750153482,87893.22902833787,147817.2894689028,93087.26737256584,256216.63507943152,0.0,511001.23651890503,254784.6014394735,261294.95489345625,106608.34159653014,0.0,121618.29429149938,5078.319814024439,0.5461540892656557,2.009195220410135,1.0076430332952686,0.010192112176742985,False,True,False,0,1.0,324549.04316976044
200/100,3.0,161,168,1814120.3875304495,0.06136951715257055,6301186.851361846,19866.618151345632,0.0,-15717.202407753866,212513.0783774782,-0.0,323622.550585247,0.05754859269020869,-0.4466123458782665,4.647028464994444,1582628.9032498552,71288.25773698425,119587.39403928234,77959.17240522066,207284.816334756,0.0,414180.828888656,206896.0125539,211944.04214157932,86473.16919376436,0.0,98575.0372755001,4659.225806823029,0.5468045294632269,2.008672217244861,1.0056942173683914,0.010896704917338074,False,True,False,0,1.0,434929.0401338071
200/100,3.0,162,169,942454.4958110482,-0.0059092354932099855,3387727.721313245,643.230699896048,0.0,-517126.1424207239,258673.059383942,-0.0,115680.8648434208,0.043004552035419134,-0.4092652646098711,4.807670886352653,783957.2218275476,35312.96204984592,59442.554921111645,40353.36437289957,103033.76186326018,0.0,205031.11862991384,101997.35676665365,103596.2453048148,42267.268084364434,0.0,48797.40623391949,562.4834415543388,0.5470840376866092,2.006534150063314,1.0079212781515365,0.007031569611749999,False,True,False,0,1.0,143160.39328948426
200/100,3.0,163,170,1279585.415089958,0.024960026302406346,5910029.636185198,273.1834264962475,0.0,-297585.15781592485,196820.97210028046,-0.0,94213.36751279561,0.04124252938843723,-0.4749854505369715,4.7679711643461555,1448584.7982098355,65252.366926904535,109880.60987106155,72290.63716620185,190459.7237765067,0.0,379683.7250394517,189224.00126294498,194194.6494045513,79231.41695705692,0.0,90364.7265593895,3734.925628044109,0.5464969618329544,2.008689752391782,1.0069674709968344,0.013141331392647171,False,True,False,0,1.0,153173.72971295027
200/100,3.0,164,171,2233653.1317125773,0.0836812848049644,5980944.1395023465,1229.58000883779,0.0,365669.5426495654,180102.27231017774,-0.0,280470.3575593366,0.04731498600604762,-0.27091784053484513,4.703846795013144,1534156.2599088782,69108.1575953152,116696.22266551679,77260.49129877603,202273.45262022907,0.0,403227.6570025313,200954.2043823022,208481.93838232907,85060.63085999025,0.0,95968.18236660241,6208.485762099351,0.5467811457852316,2.009145914747568,1.0055412520448377,0.012639885731836165,False,True,False,0,1.0,472040.16338671336
200/100,3.0,165,172,1776225.7847703327,0.05913133487740985,5707167.741373789,1216.0247738422652,0.0,174142.9747682287,137653.7064759165,-0.0,192567.46823456849,0.04460165835435558,-0.1793467248730538,4.731679988068988,1549577.7051346516,69802.64751139595,118092.70072544648,77569.16009890391,204694.01459077394,0.0,407537.21605991264,202843.2014691387,210010.39217105936,85684.2400057922,0.0,96993.85742225917,5316.377580285495,0.5469458693587311,2.0092920769302705,1.0049478217999337,0.010759567119979163,False,True,False,0,1.0,283528.5573859068
200/100,3.0,166,173,1099956.370361354,0.009572578390733222,3411434.670297515,685.42897231518,0.0,-446136.43823731656,280553.3288061334,-0.0,144541.61852062203,0.04924904531398433,-0.4036242721946448,4.9349955641919525,773484.5733105785,34844.29776863099,59366.19407647223,41112.39163521021,102901.4030658852,0.0,203979.21387427006,101077.81080838486,104923.48789544604,42808.78306134199,0.0,48547.05290207627,2022.0848295607564,0.5469816685251815,2.0081640425602303,1.0055519423411465,0.015085344202382167,False,True,False,0,1.0,177574.01127608202
200/100,3.0,167,174,1225578.1202431927,0.020549560243436238,4445247.931220778,957.73419299579,0.0,-326248.18437941186,222148.9752445246,-0.0,133675.01327304915,0.04088123300197348,-0.40871913889531897,4.756464516488411,1069662.250464384,48183.53298132225,80761.5020272988,54040.57721696211,139986.6035139846,0.0,279800.75342214643,139814.14990816184,143294.6889572268,58464.23309454853,0.0,66592.57931447082,3308.0854432422525,0.5468657658927804,2.0084188497443196,1.0065884685522228,0.015722834282539955,False,True,False,0,1.0,172243.2484421794
200/100,3.0,168,175,1188693.940205942,0.01743577659384421,4034389.58057849,5191.436279355449,0.0,-306927.2203115055,203082.57332311952,-0.0,145906.22574865216,0.04374768946262625,-0.23593505694646633,4.833917333555419,1001711.170688825,45122.809763117635,75879.57179812805,51562.469753249585,131524.59111675527,0.0,262269.1528069441,130744.56169018883,133562.28766297293,54493.41336649296,0.0,62420.0583680527,2037.6965462175606,0.5470981857649195,2.0076701997095894,1.0061927500786159,0.008491094837173918,False,True,False,0,1.0,175218.67898433883
200/100,3.0,169,176,3659500.5982051236,0.13852397983010567,9108636.91451506,3376.1385392703487,0.0,1294111.7189833755,104039.76234560771,-0.0,457943.45986330835,0.04997861112338041,-0.17735082973781824,4.471657572747153,2528309.1138719963,113885.94094307016,191206.0122182372,120748.01399701976,331423.7545116112,0.0,663426.2020074566,332002.4474958454,344859.87296468794,140702.82816959266,0.0,157895.43607777465,13436.118453075587,0.5466557582268922,2.010999134347732,1.0047940159457753,0.010657673828695202,False,True,False,0,1.0,857008.293747374
200/100,3.0,170,177,1281444.2810310433,0.025108825976016824,4204401.134584041,1618.1448861751646,0.0,-265945.2611861896,214458.37920410064,-0.0,219653.38435639226,0.03609633387328732,-0.2672699157164786,4.641136423262256,1113377.2464702409,50149.74966647172,83957.10971084275,55090.06816087784,145525.65683212745,0.0,290633.112419692,145107.45558756453,147318.2964044765,60105.8649330264,0.0,69170.68075588669,1792.639572348721,0.5461147912752836,2.0084284707935973,1.0077309699716945,0.010373749145754951,False,True,False,0,1.0,242893.67780117661
200/100,3.0,171,178,1283920.3513236402,0.025306730575769487,4204433.706560114,1357.1435484787007,0.0,-268818.9277800492,257220.49713126462,-0.0,156634.66249104458,0.051206845177407145,-0.3969258092457544,4.821720312272215,1022248.9490240777,46049.29238522858,77925.29849758394,52581.54621901868,135070.51739581214,0.0,268703.0697096984,133632.55231388623,138184.8750720894,56379.42902941247,0.0,63951.33059090822,3114.3576762770685,0.5465538372194607,2.0082819731313926,1.0061585548764351,0.011261674761398499,False,True,False,0,1.0,227531.14713755887
200/100,3.0,172,179,1092725.7692777468,0.00890696104224098,3197971.4197066445,32550.685888234035,0.0,-426497.2402014105,269515.78358466143,-0.0,137628.95428299854,0.04590774685735073,-0.4442501552596715,4.817086268782801,735223.4262378265,33118.417734585564,56061.43615973281,38365.42593135401,97173.15601020357,0.0,192969.01304459557,95795.857034392,98029.304780874,39995.956350596585,0.0,45926.62510461373,856.148770670564,0.5464879106789731,2.007844409211846,1.0076813791938115,0.009885352347031695,False,True,False,0,1.0,187095.4947063926
200/100,3.0,173,180,1427232.434528322,0.03621403589932881,4363488.108320519,1590.5143897440616,0.0,-134850.76299222925,226575.37928781883,-0.0,173721.77927159966,0.05184723915351999,-0.25678957382866774,4.777987607125423,1137135.5935455735,51222.35873332158,86607.10821557119,57924.23205490313,150118.9875736568,0.0,298317.681302331,148198.69372867417,151717.81552498424,61900.86873419357,0.0,70999.60814995479,1598.8279513272719,0.5464897677756161,2.00747460435962,1.0073487332634055,0.008544905090349886,False,True,False,0,1.0,250516.98416182975
200/100,3.0,174,181,1528149.8577316776,0.04331774620914275,4802776.479693581,853.1581065848146,0.0,-65062.11199159373,230898.9810584719,-0.0,270754.22771958157,0.04991693810814193,-0.2586695314625199,4.752428280406169,1209058.6645803829,54460.2286577805,90518.76280304296,61378.7517554763,156899.18885860778,0.0,314628.99055433774,157729.80169572996,158935.9102253211,64845.851371931,0.0,74881.69975193238,2036.721366713341,0.5470399046284489,2.007283545964094,1.0062116631804336,0.007189899281499823,False,True,False,0,1.0,363818.24167642347
200/100,3.0,175,182,2012591.5145381554,0.07244632101725679,5735460.069763535,740.4114964296548,0.0,209762.2979391237,166408.9808628074,-0.0,365664.7719930953,0.04966362582573699,-0.18585205146014872,4.610613895561856,1606738.1860861941,72373.08322460251,121202.72229876247,78978.34781591552,210084.71865118822,0.0,420069.1447124615,209984.4260612733,214514.9346483402,87522.0933365228,0.0,99976.45644156582,4430.215997151486,0.5466417682838247,2.009054483985443,1.006202005367156,0.011529334531883428,False,True,False,0,1.0,479571.7110223065
200/100,3.0,176,183,1072695.1192081724,0.007042108307463435,3296445.4226091234,330.4269054812943,0.0,-465717.9007933005,267758.62398917583,-0.0,145495.0191496707,0.03850744547633549,-0.41156131489267167,4.823182701299592,783300.4814803483,35284.22359489771,59642.54059807962,40684.70512441892,103380.40370333797,0.0,205419.45559496008,102039.0518916221,104447.72544182709,42614.67198026545,0.0,48889.830431600494,1067.3217384899,0.5464716015401022,2.0076778872043777,1.0080758548724862,0.00860501737365138,False,True,False,0,1.0,178001.04651369964
200/100,3.0,177,184,1806763.0978118025,0.060938283872034704,4277957.234288699,831.1829335432067,0.0,-18192.992995027045,210019.7036450142,-0.0,284164.21716042823,0.049460888920452584,-0.27800976113569775,4.6126880156556105,1123715.6092014227,50615.4959764555,84154.6436341557,56161.6777228884,145868.04896586982,0.0,292744.0267914347,146875.97782556486,149068.00295977743,60819.74520758919,0.0,69673.07837636143,3199.953993907111,0.546688425967743,2.0081356585201955,1.006406242249562,0.008204641626864184,False,True,False,0,1.0,375965.3077257328
200/100,3.0,178,185,1446899.0074863546,0.03763311144426673,6324463.351103114,1297.642301476126,0.0,-205912.83224146158,168723.82303887018,-0.0,145999.56766288858,0.043411439929476534,-0.34950261289142004,4.832811083470706,1584760.5193139322,71386.14950010832,119177.86754663207,80190.62103692979,206574.97041416224,0.0,413544.7284821913,206969.75806802904,210326.56806169727,85813.23976917248,0.0,98423.64537876149,3751.597647533946,0.5470844921459376,2.0075230344401835,1.0062283126989897,0.01180767989333309,False,True,False,0,1.0,227820.18122446275
200/100,3.0,179,186,1351122.8475949634,0.030550987538892738,5675408.9950391855,38721.85777574916,0.0,-279750.6114162926,199736.74383256765,-0.0,166104.49682517155,0.04132015399979002,-0.335924898586208,4.805381184289915,1413642.2543921662,63678.11857492603,106460.16629908707,71375.46960999601,184530.9549184175,0.0,369300.5121148547,184769.5571964372,188313.2192493807,76831.79345374732,0.0,87893.52188333542,3782.2643309639616,0.5464261159476612,2.009133507107552,1.0063949260531062,0.009556405441800475,False,True,False,0,1.0,210776.78836179114
200/100,3.0,180,187,1935922.9070177525,0.06828912130107878,5200092.402914528,1699.0595222600948,0.0,166323.0105374987,190530.59856500442,-0.0,263230.04091064504,0.04509079487039982,-0.3945669022068211,4.768579974052826,1272360.5269006225,57313.870972069075,96430.87922413646,65266.54623789438,167146.85732183658,0.0,333232.6765701565,166085.8192483199,170056.40734910866,69383.01419843633,0.0,79309.37702369722,2909.550027272183,0.5463211702909347,2.0081611174984895,1.0074064419881155,0.010090963958263144,False,True,False,0,1.0,390980.0741984033
200/100,3.0,181,188,1421513.241475445,0.03579805447233486,4788530.804468932,4341.8844998592,0.0,-206645.16228479953,213010.24641579966,-0.0,195556.38788887684,0.04418619426414309,-0.2984499195348027,4.840710283416094,1176684.7354286867,53004.840300590135,89215.3662582527,60569.307156814946,154639.9681809714,0.0,308305.0189875194,153665.05080654798,157149.0968144934,64116.831500313296,0.0,73376.59451902958,2509.128633522373,0.5470007750342138,2.008139155061367,1.0057086027521023,0.009994901164661174,False,True,False,0,1.0,245487.25468182913
200/100,3.0,182,189,1787056.3201103033,0.059775374930699954,4825383.993243523,1687.160995620773,0.0,88848.88901367373,233927.71268680802,-0.0,311280.3750872121,0.04477608124049276,-0.2811551548068104,4.58723995353479,1241586.031439446,55925.654372334815,93702.76149452863,61325.30802958107,162418.11992384956,0.0,324874.8364219304,162456.71649808084,166543.40789426316,67949.71042085937,0.0,77320.21106841943,4125.28797041369,0.5465947726859752,2.0094321742582197,1.0061093919715713,0.013359860402466728,False,True,False,0,1.0,436945.5711842626
200/100,3.0,183,190,1972332.101692106,0.07028146475704489,6615333.2339232145,13585.950631798058,0.0,176146.67214360702,225299.66099576495,-0.0,269433.72561099846,0.03484221204943591,-0.6174323860635909,4.596944751285494,1533334.697024737,69067.69808454708,116043.25882829043,75103.25450232523,201141.64863570343,0.0,401582.4909769402,200440.84234123677,206106.5126863935,84091.45717604854,0.0,95576.63285251174,4964.864050690686,0.5463312350829961,2.008773202814553,1.0068488069306862,0.015370165906750222,False,True,False,0,1.0,439405.68796910264
200/100,3.0,184,191,1313750.064881633,0.02766431230934252,4726779.207221921,2353.1675608920527,0.0,-182663.98355156166,212119.83893577522,-0.0,169677.85710458097,0.04128355535826369,-0.25589205797107106,4.774936490892573,1247483.7147569074,56192.27348607005,94223.35058330612,62974.834216441865,163320.4743443972,0.0,326010.233427611,162689.7590832138,165367.0071414655,67469.73891371793,0.0,77590.4355557714,2046.5327970687865,0.5471646938879069,2.0074364465513908,1.0064116365452314,0.01593196280120268,False,True,False,0,1.0,213314.8705923508
200/100,3.0,185,192,899482.9419542884,-0.010537605262173844,3229403.0293485145,1295.7981244312277,0.0,-565431.8411441267,267118.33785548934,-0.0,119533.09308533934,0.04801775687381591,-0.43542938594733727,5.025060248429267,762038.6738982641,34327.653269299415,57811.44875190138,40879.648035997576,100206.51116996241,0.0,199315.2620263796,99108.7508564172,100805.8743054892,41128.79671663959,0.0,47437.03236227833,599.3631355270676,0.5466646718898492,2.006416448745161,1.0086538365779822,0.008035829128598015,False,True,False,0,1.0,144602.71026894476
200/100,3.0,186,193,2168311.7742088255,0.0804686563254231,5871764.685286431,1423.8738772377333,0.0,418124.1788183501,154109.99722628892,-0.0,255992.72364758523,0.046136806464536856,-0.28838555868768545,4.643274613985524,1614653.7375664916,72733.27668209288,122529.04543422672,79931.71761968544,212383.67875265965,0.0,424021.91474106116,211638.23598840152,219438.77805854694,89531.02144788715,0.0,100917.21570837258,7055.099305886599,0.5463759001962166,2.0103180052334193,1.0058630531476451,0.012746932040802017,False,True,False,0,1.0,436450.82473661227
200/100,3.0,187,194,1052210.291195402,0.005102271571471029,5202840.032678557,765.8603851334083,0.0,-564384.7385423114,228195.6137736597,-0.0,50960.81354881019,0.045188886363472,-0.530242752105393,4.877529982379242,1248382.3539398864,56234.99299676595,94392.4078877127,63653.85191234765,163613.50700536862,0.0,326514.073038477,162900.56603310836,166362.7325201322,67875.99486821394,0.0,77710.34938315749,2749.2255147641745,0.5470608960214279,2.0073085257667254,1.0069772809117175,0.011613999821612486,False,True,False,0,1.0,103870.55376319213
200/100,3.0,188,195,1045735.4682620396,0.004482058034267711,3908189.7800466246,892.1518545887203,0.0,-463298.7361172906,256742.1679652268,-0.0,160693.47493379115,0.05026687892174123,-0.305336572528931,4.876528655859142,944808.3775220081,42559.603087826,71620.41992981653,48958.659956014504,124142.06121168197,0.0,247179.46867114565,123037.40745946368,125348.79379012983,51142.307866372954,0.0,58828.71354373268,1206.732578447405,0.5462644905327559,2.0077878818238553,1.0085828231673422,0.012393244554170124,False,True,False,0,1.0,190925.46727819787
200/100,3.0,189,196,1205961.5257001768,0.018904183144370812,4059570.386695349,327.1426721072577,0.0,-343178.29279472504,236556.8620902014,-0.0,146602.30741599062,0.04281925769511354,-0.27518240043162323,4.807232756762575,964317.7538293147,43438.6344961298,73337.4143800223,49517.984579725264,127118.18492537204,0.0,252977.54278582125,125859.3578604492,129253.89391109721,52735.58871572766,0.0,60208.655183025454,2135.708985725835,0.546753092780468,2.00812174299779,1.0066069937771203,0.010061709187838774,False,True,False,0,1.0,191038.45824363
200/100,3.0,190,197,2280090.100028335,0.08591342151751391,6156540.196783694,1160.5354372981913,0.0,434936.6444688351,163729.99663725498,-0.0,306032.26501078234,0.04968710230844375,-0.16365951512731236,4.655979428597539,1618905.9114881484,72924.20328084755,122836.66921096909,80592.95688633219,212916.89329901309,0.0,424880.3386268775,211963.44532786444,219021.10782196355,89360.61199136112,0.0,101121.52059319687,6104.214522950721,0.546362076235923,2.0090558364998343,1.0057575161837053,0.010854140667717171,False,True,False,0,1.0,502868.70362481696
200/100,3.0,191,198,2337713.395259066,0.08862706292407907,9115331.595114527,37246.790021116234,0.0,714101.3494786703,119839.70886225876,-0.0,286593.1881555815,0.046252695767236014,-0.4077424302654512,4.762035943001012,2199221.417663486,99067.84528358048,167399.86592340065,110028.19675246156,290159.7676005611,0.0,578129.3865239859,287969.6189234248,298384.17314044,121740.74264129954,0.0,137594.79399270864,8224.40553987849,0.5467999028651325,2.008534370120553,1.0052138951457592,0.012665482842802334,False,True,False,0,1.0,540602.9690829734
200/100,3.0,192,199,2130081.158763994,0.07854834088028517,6982199.683939064,1437.018709468001,0.0,520940.2308620527,113361.71495310252,-0.0,233496.39648172085,0.043283769888787,-0.2195232457641978,4.624791193404358,1879359.196177841,84653.72681423556,140976.5609372786,91820.45073617357,244359.3722912829,0.0,490387.97251761844,246028.60022633555,251230.56726459542,102502.07144395492,0.0,116712.33745919322,6871.194973312116,0.5463736815826397,2.009777519595047,1.0061654941061091,0.010912836058885489,False,True,False,0,1.0,405317.3639395018
200/100,3.0,193,200,1196397.7287033093,0.018093249817707546,4048338.583437139,1035.793074318417,0.0,-369501.2675322703,262520.2503936783,-0.0,156954.3427434067,0.04458833691621406,-0.4360242261162871,4.805107038677475,945396.3469515822,42585.69361777267,71880.84067758362,48567.395367594894,124593.4571744783,0.0,247866.24175083006,123272.78457635175,126068.40544599488,51435.90942196591,0.0,58992.165536697554,1474.9482715171653,0.5463906630333205,2.0085528487241406,1.008150757238803,0.008405548370988614,False,True,False,0,1.0,204878.3006741655
200/100,3.0,194,201,1620372.5033319066,0.04944935868607847,4851007.70188343,2120.7366580661237,0.0,-23886.537495328623,193501.51672235562,-0.0,179989.7973654002,0.03623436973995084,-0.27224055357567767,4.771992529062293,1236656.7511612212,55704.86184174052,93254.929539255,62964.71077918055,161641.87786804195,0.0,323031.1077995195,161389.22993147754,164220.85040793812,67002.10696643875,0.0,76881.40365628563,2578.9725398963947,0.5465144639104681,2.0081540080506217,1.0073608162799499,0.010530747343749258,False,True,False,0,1.0,267438.83779272484
200/100,3.0,195,202,1378433.643145686,0.03261537332787534,4758192.8224836,2078.4115795366283,0.0,-180638.94649924658,222310.88894151122,-0.0,124819.98468781143,0.05124810887318307,-0.33009657816958937,4.859613407875353,1118842.7668162563,50400.46329456445,85340.44768267321,57808.43447153526,147923.44264996692,0.0,294078.5598241462,146155.1171741793,150667.36047801684,61472.28307503087,0.0,69990.69723814678,2743.917828050812,0.5465480416342595,2.0082646810363918,1.006455482036375,0.009782171673984985,False,True,False,0,1.0,194864.6284044232
200/100,3.0,196,203,1930043.2466565827,0.06796422312042005,7643167.990378496,2001.4334465333689,0.0,224218.66192089044,172516.79922496396,-0.0,262360.30719103315,0.04325289722131971,-0.37562908973602416,4.715342162527104,1954816.152525777,88056.11939331405,147629.56016833463,96710.79100555026,255891.23762511334,0.0,511828.40757272794,255937.1699476146,263426.48413032736,107478.00552517356,0.0,121815.16100230927,7535.24650521221,0.5462531602778717,2.0098570542983696,1.0060476341342997,0.012150281250216333,False,True,False,0,1.0,412873.0165925586
200/100,3.0,197,204,1865159.7732772352,0.06431848259156592,5099706.5698326435,2334.0452834616485,0.0,46492.81041008851,162761.14726487547,-0.0,311768.81618312706,0.041927599111528054,-0.13643628042712053,4.738671857164341,1406219.6929863421,63343.46676669256,106606.71374104859,71173.14974460828,184784.97048448428,0.0,368634.3038748234,183849.3333903391,188564.05968758487,76934.13635253461,0.0,87734.96432220799,3779.08920310062,0.547291231723467,2.0082800184038945,1.0046144608532277,0.011140704958113146,False,True,False,0,1.0,375558.472780123
200/100,3.0,198,205,976505.5713815968,-0.0023746583495063422,3870901.1503673918,773.8292192317128,0.0,-489074.44473500294,255856.3224613464,-0.0,141554.45668568648,0.05812264559255483,-0.4068157512133379,4.980294456462241,942378.6560301308,42451.51007147441,71544.67702308026,49676.07009853331,124010.7735066724,0.0,246898.32326815277,122887.54976148038,125498.28209158097,51203.29909336503,0.0,58761.80093782034,1487.5085849083046,0.5470739261006949,2.006951366039927,1.0062012775274929,0.008844251747794685,False,True,False,0,1.0,159336.80751598888
200/100,3.0,199,206,1612117.397518284,0.04891347937705981,5225451.697178071,7784.532192977131,0.0,-90929.41758622127,222501.37777689798,-0.0,226052.3381876168,0.04711060257467105,-0.3188589917558048,4.733100599798648,1313694.2415578384,59174.68556146014,99273.73976051758,66128.5676099221,172074.48225156387,0.0,343536.6190006277,171462.13674906385,174860.5604140871,71343.10864894753,0.0,81761.7153221494,2786.0781625230106,0.547068808926412,2.0067882906776937,1.0053137043738103,0.010357208455453959,False,True,False,0,1.0,319234.1603589352
250/150,4.0,0,7,792860.4755076404,-0.022943503201767745,3971060.727321101,1247.8350962341938,0.0,-681549.4646009868,307578.0369582009,-0.0,103455.26564085923,0.04588219268534918,-0.5502496588689723,6.751824650570244,647887.1427923746,29226.116519680465,73756.4180260597,46855.0399267775,127844.45791183684,0.0,212417.96787023917,84573.50995840233,128975.75753054983,52622.10907246433,0.0,50555.47635311692,1131.2996187124927,0.3969792545901088,2.5075138936391,1.5074950204850703,0.004520462750693399,False,True,False,0,1.0,122534.44382499986
250/150,4.0,1,8,1237553.3373005898,0.021542389311683507,5484675.351409022,1498.6189988560923,0.0,-492334.01196695166,276957.6899102327,-0.0,134834.50646999618,0.05965497199592971,-0.4203070792617416,6.665363814323389,986720.9736900326,44511.56789362892,113256.52687643409,69962.99227513211,196311.31325248576,0.0,325295.3694236799,128984.05617119413,187078.74863763712,76328.12944415594,11679.163356143341,77420.29792283583,2446.598741294598,0.3970745593245535,2.507770443147592,1.5066095315605055,0.007973719981267058,False,True,False,0,1.0,199486.99945493016
250/150,4.0,2,9,1633330.4360418753,0.05028558642543679,6843984.69042136,2226.024670821819,0.0,-109641.50786951376,263844.30069214053,-0.0,230967.97637638808,0.048524250000687975,-0.3480099116662907,6.394182765452568,1261866.92741362,56918.45037292155,142814.05459736448,86003.73184851604,247544.3613020984,0.0,412780.2118817762,165235.85057967782,251862.6420346683,102759.95795014467,0.0,98241.69042786275,4318.2807325703725,0.39681690813516185,2.5089736565249927,1.5064400989096378,0.007755696772396847,False,True,False,0,1.0,384461.95050861395
250/150,4.0,3,10,1255028.080403507,0.022975763111482195,7473093.170993797,2384.4071818572284,0.0,-527131.5280989761,250308.59958589642,-0.0,206868.8381345615,0.05322114572853573,-0.5098019378578023,6.557214842428449,1255838.2873441651,56648.196326130674,141460.93375989425,86715.98705795949,245198.95185048343,0.0,409644.7233875217,164445.77153703826,249608.37485421234,101840.21694051863,0.0,97495.44416623015,4409.423003728381,0.39708949263902565,2.5082642010722127,1.5061823584581167,0.006769646781738858,False,True,False,0,1.0,296480.48689181695
250/150,4.0,4,11,1126822.2695742697,0.012011720214688326,5347954.9191927705,985.603973459677,0.0,-508758.04533205414,268977.5404371657,-0.0,121970.28592128909,0.07903110161706968,-0.2538017894789246,6.598166323442555,1000977.141025058,45153.71908006541,114619.73093096795,69984.42319984638,198674.20028034443,0.0,329531.50765997375,130857.30737962932,201265.46230252195,82116.30861942895,0.0,78428.49882307374,2591.2620221770862,0.3965667520311888,2.5081742251119485,1.5068994699091198,0.007980594744954495,False,True,False,0,1.0,175741.91039249965
250/150,4.0,5,12,3037255.2988291224,0.11750153883313574,9694291.498571418,4759.2287221708275,0.0,475545.22170504776,160257.61978685373,-0.0,507304.78658344294,0.056213316551869216,-0.16933236603494672,6.389172628036409,1950859.5924885143,87997.14035108562,220252.66595558546,133590.41342296972,381771.2876563481,0.0,637580.6585354685,255809.37087912043,389983.6776696299,159113.340489209,0.0,151744.19673144154,8212.390013282858,0.39676216866602754,2.508989796656164,1.5053640285994507,0.008780296694713918,False,True,False,0,1.0,760956.3658675395
250/150,4.0,6,13,1900182.0026815236,0.06630027212510337,6572924.934085809,3252.592162168339,0.0,-134372.88323025103,273426.5804772604,-0.0,348054.47465417266,0.06739693870865242,-0.3352145255230351,6.326407458555049,1142047.806028019,51513.46360763723,128890.17776402645,78340.24108332583,223409.64145764586,0.0,373136.93199520546,149727.2905375596,228315.88093285123,93152.87942060329,0.0,88806.5898148589,4906.2394752050395,0.39696411822846356,2.5094004555644047,1.506413316661044,0.015274829952264257,False,True,False,0,1.0,505756.8987374922
250/150,4.0,7,14,1617317.075097214,0.049251302912452166,6366780.109967822,1857.61502637163,0.0,-286804.9815974296,263000.56364937476,-0.0,240612.8783297163,0.06415470062473713,-0.44557259625780954,6.458747464391861,1175888.154860525,53039.71624345104,132125.97938132496,81174.45452534426,229018.3642609632,0.0,382912.7821138324,153894.41785286923,232687.68430507366,94936.57519647005,0.0,91133.24214309212,3669.320044110884,0.39698612100384767,2.508024291155766,1.5058770731521287,0.008414819251268302,False,True,False,0,1.0,354321.87843848485
250/150,4.0,8,15,1251148.285497276,0.022659079496264667,7116679.494399879,977.2696031742004,0.0,-382813.1031326822,248812.9474772106,-0.0,170329.52989661216,0.07428706122530464,-0.40534601697503614,6.483927302706614,1295745.432510996,58448.38275608259,146974.77089200084,88325.73734579652,254756.26954613486,0.0,424425.1606697594,169668.89112362452,259287.52011642198,105789.30820750016,0.0,101013.18823940272,4531.250570286322,0.3968037454677473,2.508281129026964,1.5058673134880984,0.008833470692129364,False,True,False,0,1.0,256496.14706764714
250/150,4.0,9,16,1909165.3170790584,0.06680330778080346,8171837.7044015415,1770.0692055361021,0.0,-27300.203356052865,219612.35171205594,-0.0,305415.8040697421,0.05668673221451268,-0.2489298895306511,6.446896145664221,1651971.6909437694,74516.90750942861,186750.46960298496,112520.85088162005,323700.81397850724,0.0,540415.1500412724,216714.33606276516,331030.3553992484,135060.38500289334,0.0,128618.8057098228,7329.541420740431,0.39654876993743343,2.5104335317202504,1.506303260539193,0.009113963446690132,False,True,False,0,1.0,475109.5130928802
250/150,4.0,10,17,943060.0213300742,-0.005845383778139812,5281310.898425441,1124.2490566446793,0.0,-621223.6272470106,319500.08345191483,-0.0,160342.5783460738,0.06597368375539894,-0.5094251018825101,6.549462432620956,946253.1793504112,42683.227211750636,107533.43652574853,65514.39160357225,186391.2899779641,0.0,309871.34171086166,123480.05173289755,188199.41790291693,76785.3625043901,0.0,73749.37932718507,1808.127924953245,0.3966631315328005,2.5079981928988433,1.508651807045611,0.010335028635818144,False,True,False,0,1.0,214239.6952378263
250/150,4.0,11,18,1259210.6824709028,0.023316177587803466,5839955.385635845,3213.3872748946815,0.0,-336245.4562106354,277782.6012543328,-0.0,176869.26196026686,0.06780392074990844,-0.2673870075893121,6.72178960138905,1055087.9322871733,47595.19364290915,119895.24723396677,75266.4113371185,207818.42853887568,0.0,345825.2296465056,138006.80110762993,210735.50006173243,85980.08402518682,0.0,82306.40465586835,2917.0715228558297,0.3966540968491337,2.508657834485459,1.5071936902737568,0.006945293763478633,False,True,False,0,1.0,271841.67042242957
250/150,4.0,12,19,1105879.7614151812,0.01011493179702394,6125561.203919816,2931.5525876527454,0.0,-483687.67397137877,292642.17544887844,-0.0,197935.48857791562,0.07655890818643198,-0.42699649595137934,6.574255390201674,1066390.6701267846,48103.57812690526,121558.40429578406,74117.5396225229,210701.23411269241,0.0,350080.56488035346,139379.33076766104,213420.6440795537,87075.6227844579,0.0,83319.1744415241,2719.409966860673,0.3968768280216686,2.5078168427363527,1.507014207326851,0.006957482544953653,False,True,False,0,1.0,261599.70190037717
250/150,4.0,13,20,707850.5258211473,-0.033962120620204095,3488514.6670602323,241.06010367654446,0.0,-728284.3429542871,329157.8271213642,-0.0,89331.59309498707,0.06386791653604952,-0.6360635613161469,6.774483889903182,536148.3167786512,24185.884155751664,61270.0081434224,39197.24010104897,106201.34744859886,0.0,176113.223472668,69911.87602406915,106967.07268277841,43642.565654573584,0.0,41914.94718649497,765.7252341794023,0.39704017895299915,2.5068862091002004,1.5080662627307118,0.00823288298471403,False,True,False,0,1.0,97827.47371363497
250/150,4.0,14,21,1679617.2114048726,0.053224690530619734,6798951.047361981,2326.8137449905216,0.0,-319797.12645817106,258207.25427541585,-0.0,274730.0442312237,0.05861651526530094,-0.2652699779778295,6.3959524306886175,1268861.6616341532,57233.681994577455,143984.73605302477,86564.01182915474,249573.54249190955,0.0,415503.9414660562,165930.39897414666,253047.2649429224,103243.28409671233,0.0,98889.93806892134,3473.7224510123197,0.3970181783278142,2.5085198649694265,1.5066570517634985,0.008438741223343982,False,True,False,0,1.0,356196.92508463777
250/150,4.0,15,22,1542072.5760644702,0.044264420802750504,5029490.033948658,22874.46419170775,0.0,-333469.6239880953,264435.5730554613,-0.0,267999.70814892976,0.06551203847398167,-0.3827167481388345,6.629384212636071,912085.2217261766,41143.05008528994,103324.73530363837,65600.57277234772,179096.20785963984,0.0,298381.5578547078,119285.34999506798,181639.34553710563,74108.85297913909,0.0,71014.81076942047,2543.137677464989,0.3968865214120962,2.5085592167097537,1.5067298979686643,0.008864024588752795,False,True,False,0,1.0,351034.9701081045
250/150,4.0,16,23,915664.2045339186,-0.008771857825060292,4950152.673502447,690.4095357340549,0.0,-554460.7615626936,286391.2561196127,-0.0,127055.59656703334,0.05911956160081297,-0.4333338267216179,6.688901554669826,888866.8227592321,40096.45651058589,101083.03281798933,62904.15549416106,175210.59021784822,0.0,291390.75972703844,116180.16950919022,177377.60937903877,72370.0646266478,0.0,69351.00081503515,2167.019161189782,0.39709042382285387,2.5078669861650043,1.5067011704785067,0.006735207222207107,False,True,False,0,1.0,166258.9466719292
250/150,4.0,17,24,1586279.8937005345,0.0472201304405262,7645077.456296826,14787.692663591459,0.0,-149632.02863910404,256040.73980783147,-0.0,223272.1796458664,0.05301847085747704,-0.32801224755204184,6.513504879607441,1361485.4678724397,61415.67806952889,154276.05719723663,93824.88594171323,267411.83247521013,0.0,446158.6775708355,178746.84509562538,274081.6446026777,111825.3109978925,0.0,106185.76526185885,6669.81212746581,0.39711350424771,2.5097599824060444,1.5054324450423309,0.01261262407875563,False,True,False,0,1.0,378356.2618994499
250/150,4.0,18,25,2269026.7804895793,0.08538536695599608,7866923.138168647,58917.771240015616,0.0,268869.8674594435,199261.10981099907,-0.0,292077.44098904036,0.055042381081631425,-0.26699284485638974,6.40084651080403,1540823.2481197724,69502.69023135128,175252.9794717896,105476.58642525805,303771.8310844353,0.0,505651.2627656954,201879.43168126012,231404.26945726373,94412.9419385636,78104.76223395418,120345.00053823553,5737.200606782728,0.39709780222435753,2.5083145231008546,1.5055696694221283,0.007812130066299883,False,True,False,0,1.0,503634.5797936225
250/150,4.0,19,26,2043433.975433316,0.07407859315660592,9280860.93878269,3860.8191988427993,0.0,64969.68045225358,179963.40735972833,-0.0,253491.54978645995,0.0514058007217972,-0.1502220743897421,6.418406786436236,1777302.0280998915,80172.32899871864,202911.2898507533,120349.1342721502,351712.90240797226,0.0,584957.8049808105,233244.90257283824,328504.0205742537,134029.6403942955,31507.010879847978,139219.95758543292,8298.12904612828,0.3964414604170268,2.5101529807173826,1.505131040478876,0.01230925599512056,False,True,False,0,1.0,416607.69867925753
250/150,4.0,20,27,1680370.8145152968,0.053271936604844194,6600073.501078427,1659.5492800415427,0.0,-166624.70130093137,257571.7365497203,-0.0,241539.26032970485,0.052994482341829734,-0.2526090478314439,6.526770922460099,1242966.2419771287,56069.582616241525,141794.50710652137,86499.06953874977,245777.14565130367,0.0,408700.26240952214,162923.11675821847,250689.92655895333,102281.49003605294,0.0,97270.66245346627,4912.780907650073,0.39702437253964773,2.5089094789683584,1.5057605823541116,0.011690268884743116,False,True,False,0,1.0,380965.0068871683
250/150,4.0,21,28,884618.8962373971,-0.012184989641101263,4196246.858607591,5977.494387829614,0.0,-668787.2312921927,304256.3131227168,-0.0,145944.14518777316,0.050972892922661696,-0.462546261057043,6.495467106297511,725753.0723155531,32735.904177070086,82265.12181759156,50520.538328276154,142592.87781715867,0.0,237161.86781054034,94568.98999338166,143478.3878375109,58539.182237704445,0.0,56444.524538908605,885.5100203522956,0.3968600669769398,2.5072604509067564,1.508846233211623,0.007278894150510418,False,True,False,0,1.0,168601.3622518558
250/150,4.0,22,29,940486.9192194007,-0.006116968568913417,5564836.885245359,15228.912477576787,0.0,-641471.5884587198,261702.07127002464,-0.0,100452.4818729466,0.054349952328277745,-0.4373564651104084,6.603912305119216,1004608.525546313,45317.53481912497,114784.6345606674,69828.45975394851,198960.03323849017,0.0,330386.93342911726,131426.9001906271,201853.44871547958,82356.20707591566,0.0,78632.0901561299,2893.415476989292,0.39684200099140393,2.5082463537750277,1.5061350731631828,0.00865099264891156,False,True,False,0,1.0,129922.39604296652
250/150,4.0,23,30,947216.3305549605,-0.005408100696867146,8203723.25872813,1015.3116343963565,0.0,-620886.1765891624,298662.6780370008,-0.0,159063.21386355843,0.0645235780165033,-0.6622235560567846,6.588671061669539,1396625.6296333629,62999.76482262525,158052.58938811527,95579.00815109668,273957.8216060665,0.0,456724.9403545448,182767.1187484783,278419.2855544191,113595.06850620298,0.0,108700.53580438162,4461.463948353367,0.3968304257754901,2.508148856291489,1.5064763580596177,0.009261147927559943,False,True,False,0,1.0,229860.09511743003
250/150,4.0,24,31,2011694.9107454072,0.07239853425805598,8492826.938297706,3710.4607334303732,0.0,-36705.89592507412,198159.99376818974,-0.0,326879.5869747804,0.06280599797782455,-0.318670161493421,6.3333056018357805,1622471.3243441568,73183.37328632272,182652.56757395904,109064.90541437455,316597.7837948623,0.0,529455.1308086037,212857.34701374144,323897.5145293507,132150.18592797508,0.0,126010.32113244769,7299.730734489054,0.39681430247281296,2.5098459940497087,1.5053969081679905,0.011539101339443247,False,True,False,0,1.0,470273.8986452502
250/150,4.0,25,32,872085.273467225,-0.013593568440032122,3804452.1659292686,347.54313065758885,0.0,-655539.7300215989,310054.7907857225,-0.0,132266.77707802388,0.060943487869784506,-0.5587529194549443,6.764117512817849,655192.5861234815,29556.343601039414,75072.97622912016,47648.851760259706,130126.49213047497,0.0,215667.84624160425,85541.35411112927,131322.5081576689,53579.58332832891,0.0,51328.947405501836,1196.0160271941722,0.3968097533735819,2.507573733523631,1.507400627910036,0.007858641668661015,False,True,False,0,1.0,164905.0801162228
250/150,4.0,26,33,1613983.5662295928,0.049034837201339165,9632906.671387814,5496.8552011991615,0.0,-110135.56455199476,186102.8857542861,-0.0,200450.70889346834,0.05961163840550221,-0.3430835083799174,6.460770532820819,1750917.4047720246,78980.62113492528,199219.30318339454,118396.12804296814,345313.45885121735,0.0,574670.6401101074,229357.18125889002,351648.33354729676,143472.52008729707,0.0,136771.61234620554,6334.874696080836,0.3973059938536158,2.508270864726699,1.5052419663995487,0.010478551619274024,False,True,False,0,1.0,325072.9426305852
250/150,4.0,27,34,686695.6765233943,-0.036888804402253283,4513596.011172206,2631.6445043002614,0.0,-791957.0054154606,319792.4553949949,-0.0,108768.48945365511,0.06994512958211517,-0.64304887867427,6.664325173322266,710096.7124086907,32031.308717662105,80448.0006929193,50157.23351262848,139443.20120106018,0.0,232071.51254328532,92628.31134222515,140674.96852474005,57395.38715809393,0.0,55233.019985301915,1231.7673236789105,0.39709457724960046,2.506457346606166,1.5076964365431718,0.00861375919133045,False,True,False,0,1.0,116236.91932946516
250/150,4.0,28,35,2313050.3341514133,0.08747306346101436,8212820.481633148,2732.342774278748,0.0,-2208.2412798943406,199645.76329626262,-0.0,422689.7270612667,0.048234525468569094,-0.24118000650982319,6.437851754688244,1578983.2565086514,71222.17744636719,178017.60268828247,108808.27926617683,308563.8446596897,0.0,515255.86249049695,206692.01783080725,313635.39527303557,127963.2412713985,0.0,122630.89527273827,5071.550613346315,0.3967622815701402,2.508720898146334,1.5060926679139757,0.00865081290771852,False,True,False,0,1.0,572910.8242056528
250/150,4.0,29,36,1413415.7821759086,0.03520650808211956,5925666.822168925,922.9030851370292,0.0,-266042.7051961331,248834.30521258546,-0.0,245216.86796804742,0.05050930156744686,-0.38879787302711843,6.394574146276106,1157673.67785648,52216.94952515481,130373.14835105726,78792.21911941118,225980.12380849922,0.0,377266.60260587663,151286.4787973774,228767.33335006732,93337.07200682745,0.0,89789.4514201986,2787.209541569106,0.3970614280813291,2.507685522643023,1.5072163851506954,0.007912037978738518,False,True,False,0,1.0,329665.9898731206
250/150,4.0,30,37,1758301.983806406,0.058057686595459845,7273568.698265164,1665.912366401394,0.0,-104524.10757887489,219246.98028324402,-0.0,261605.08033194105,0.0559622715438109,-0.19499835890656347,6.289089660599425,1433835.3147902363,64674.59081150749,162717.13148420543,95825.08903304384,282043.027905956,0.0,469907.50057274697,187864.47266679094,287453.1639195171,117280.89087916295,0.0,111837.98513631377,5410.136013562528,0.39705186275738646,2.5088323795618273,1.5057756461446143,0.011584301601717861,False,True,False,0,1.0,395773.3081477266
250/150,4.0,31,38,1480261.7157496125,0.040001224660594525,5825706.911376161,6589.641981289685,0.0,-311040.76389999024,261641.30458325738,-0.0,222324.72652001842,0.06558777889263928,-0.2760178378094271,6.403806109583904,1131414.7099917356,51033.639937422966,127674.25384024756,77377.19081005194,221302.0399897625,0.0,369373.36607831693,148071.32608855443,224858.96823956576,91742.45904174283,0.0,87910.86112663944,3556.928249803353,0.3966576635590578,2.5089284114856922,1.506565859196444,0.009721779501888461,False,True,False,0,1.0,325809.19042171753
250/150,4.0,32,39,968398.7904161552,-0.0032059801324947346,4849446.376714583,16382.786847124873,0.0,-535953.4019884767,303184.8681000122,-0.0,174711.25609845767,0.05506829192315713,-0.43979801117539896,6.794257990067889,812932.1182452742,36671.34682051001,92468.23847322099,58876.129971365,160278.28002024977,0.0,266279.3682849623,106001.08826471254,161375.07712478272,65841.03146691134,0.0,63374.48965182102,1096.7971045326601,0.396909854811203,2.5067773675320333,1.5079940887130867,0.005654335888404471,False,True,False,0,1.0,208728.80482527846
250/150,4.0,33,40,1254197.0602698443,0.0229080063112852,5806003.053482241,2009.5594828743333,0.0,-381815.1291096421,271742.7417508982,-0.0,160442.7891368033,0.05889501331922629,-0.34424850510366056,6.455612991736861,1025558.2077907387,46260.32921413255,116733.47164070976,70540.87643321071,202338.01751056354,0.0,336469.9909393344,134131.97342877084,205234.44433946873,83735.65329050324,0.0,80079.85784356155,2896.426828905664,0.39680703323400823,2.5086285945494544,1.5067071307373934,0.01216932648618374,False,True,False,0,1.0,235195.78419919458
250/150,4.0,34,41,1501677.9056261564,0.041496174525349705,7549575.223410339,44860.82069591373,0.0,-316885.22161415406,230974.25773188984,-0.0,223067.11045269296,0.07384995043495442,-0.19801999074764776,6.393077586987673,1321163.4053564398,59595.32067939322,150788.03891965878,89409.57320401035,261365.93412740846,0.0,434581.9807235965,173216.04659618807,266817.7869944859,108861.65709375024,0.0,103430.51141221594,5451.852867077898,0.39679978709868235,2.5095861111898676,1.5060683106089654,0.011281317670616575,False,True,False,0,1.0,310013.1968526301
250/150,4.0,35,42,1108843.1342318554,0.010385281598243035,6137091.892147774,1178.1915999157218,0.0,-534831.6577364362,297558.0939384452,-0.0,194728.5172367711,0.0682743570098772,-0.5620981108696954,6.34942850389435,1043765.7056398634,47079.647725610186,118333.3853901222,70256.30468802222,205111.20134287857,0.0,341555.97991655197,136444.7785736734,207817.32007648406,84789.46659120549,0.0,81290.32322013938,2706.1187336051526,0.3967025323222269,2.5083513587785173,1.5071156146096911,0.007786575985101463,False,True,False,0,1.0,245811.84098635934
250/150,4.0,36,43,1055108.5523503537,0.005378779456739702,4711108.449986731,902.263506285636,0.0,-514405.58741421567,280127.4168976526,-0.0,111397.34524223031,0.05607402670692416,-0.4767210472877731,6.589908836000757,867209.9176680029,39119.026168499586,98769.61161917921,60902.19220060623,171200.6601399106,0.0,284652.48854000936,113451.82840009878,173686.50637412432,70864.09460064271,0.0,67747.2922725222,2485.846234214296,0.3969291031368851,2.5085954730469644,1.5063042688817916,0.008430025671355201,False,True,False,0,1.0,156158.6156130719
250/150,4.0,37,44,1909412.6111017142,0.06681712526967942,8018420.1768102655,2124.917020100076,0.0,26845.560698722955,167298.31802018156,-0.0,284089.25166339113,0.0570218029329766,-0.1926099881878165,6.377922124579176,1606447.073026428,72459.14870549932,180284.014633699,108547.66784924179,312492.2920317449,0.0,522838.24220157665,210345.95016983175,317886.39718115545,129697.6500499114,0.0,124435.50164397527,5394.1051494113435,0.39686446408033227,2.5083623208319543,1.505291176215911,0.008456148011490416,False,True,False,0,1.0,407325.8086608963
250/150,4.0,38,45,1000847.4462759679,8.471232749784896e-05,4072710.906521882,29840.32740847561,0.0,-540276.8831251916,296622.5584377208,-0.0,135389.26943588248,0.05585975466574617,-0.590465327274708,6.575639544376104,668635.3031632558,30160.92559663903,76034.67574744791,47636.322811098544,131793.43796224307,0.0,219173.65328994644,87380.21532770336,133310.51947009083,54390.69194379705,0.0,52163.329483007255,1517.0815078479282,0.39699971205822154,2.5083517692075032,1.5069443392071933,0.007087380409369626,False,True,False,0,1.0,161565.31196478003
250/150,4.0,39,46,1184824.541602432,0.01710409800299728,5088411.905149791,1684.9257762323673,0.0,-452813.5141563359,282993.84024336113,-0.0,171419.5195904025,0.06655760221418865,-0.49165913706322983,6.584854415650608,913365.0524044171,41200.75490537945,104052.15737120772,64310.86031854635,180357.07277676006,0.0,299739.8197405338,119382.74696377377,182634.30152920893,74514.79502391724,0.0,71338.07709824703,2277.228752448238,0.3968981796256515,2.5083062578237545,1.507496672035699,0.00887427348155545,False,True,False,0,1.0,238134.5769738895
250/150,4.0,40,47,865355.8047415615,-0.01435738761249239,4959558.270668896,705.3601757071513,0.0,-617924.0262001428,305256.0670308116,-0.0,139164.69285208418,0.05142009678387664,-0.4893075176599265,6.720574072814385,872286.5781836923,39348.424325807704,98943.00763479073,61957.999056787594,171501.21323363733,0.0,285473.91044100537,113972.69720736804,173473.86401441557,70777.33651788154,0.0,67942.79068495931,1972.6507807794314,0.3966510511400067,2.5073278523836318,1.5068356890640082,0.007585342235330694,False,True,False,0,1.0,176938.60571050242
250/150,4.0,41,48,1611377.169876045,0.04886530700265257,8073895.7921916945,1534.8344854792037,0.0,-161576.67579180037,227149.7738511849,-0.0,270020.3140416462,0.06358068875612806,-0.286873890837562,6.4452570194124785,1534990.1232822544,69241.55531435729,175071.72952680165,104287.35236575191,303457.66451312276,0.0,504756.2068200219,201298.54230689915,309953.10033815115,126460.86493796566,0.0,120131.97722316519,6495.435825028002,0.3972708930723159,2.509254793378686,1.5051142258874257,0.01201761553946179,False,True,False,0,1.0,406959.8671247359
250/150,4.0,42,49,2208084.154280736,0.08243434101566338,7071166.002545589,1766.4372415160312,0.0,-47262.92751174711,232496.91581002824,-0.0,384661.84476037615,0.05240154969682384,-0.39582617742398696,6.40189117713164,1318990.7225886916,59497.00189236143,149766.69318520062,91235.32152756954,259595.60152101438,0.0,432636.85361463914,173041.25209362476,76341.65408097522,31147.394865037888,189186.15453313722,102967.57116028412,5932.20709309797,0.39695583433221765,2.5085303435069597,1.5049890398033754,0.010462100836271748,False,True,False,0,1.0,536327.7549828927
250/150,4.0,43,50,3963049.6931670452,0.14763279912447413,9366419.989483023,4627.986681822089,0.0,-57500.63250448776,221097.21721707322,-0.0,938330.2550583715,0.06558189002378632,-0.3623643072650856,6.124768498146228,1744652.108574117,78688.02114051381,194512.51516192593,118368.74924378903,337155.02628067165,0.0,565964.8462573501,228809.8199766784,344731.74469875416,140650.55183709168,0.0,134699.63340924936,7576.718418082663,0.3969557301581552,2.509658815634923,1.5055467255666155,0.009646682621452074,False,True,False,0,1.0,1098345.229216995
250/150,4.0,44,51,2558164.541116579,0.09848175371387113,9485807.19057541,73247.34331319896,0.0,269645.36812269705,187223.59688373798,-0.0,468854.6603027114,0.07363238802808009,-0.253712347111285,6.268383147756632,1874117.8599478384,84532.33257611145,211757.85103939922,125331.89777815445,367046.9418016253,0.0,612552.6248896075,245505.68308798224,373922.33402429294,152560.31228191152,0.0,145787.5247237266,6875.392222666623,0.397309520148361,2.5086061839297775,1.5051015594917736,0.010633769545207006,False,True,False,0,1.0,694511.3795233779
250/150,4.0,45,52,2607468.526078714,0.10058073756083252,10544662.814381996,4274.419554233022,0.0,308726.5966173149,149723.95155766758,-0.0,391277.9109834161,0.05654216013656114,-0.2058835202706386,6.444462038306051,2027771.5333604768,91471.83390410413,230218.03452925733,138463.98350799043,399044.5931840461,0.0,665636.4403503875,266591.8471663414,410703.0744550668,167566.85437766724,0.0,158421.47280339221,11658.481271021932,0.3968017342467586,2.5108836760931723,1.5045417698469197,0.012699786644095434,False,True,False,0,1.0,601880.2653393969
250/150,4.0,46,53,2107831.3659778223,0.07741641083096273,7278005.498389967,15592.476267299517,0.0,99766.4927773971,209182.210560293,-0.0,296738.8045306065,0.06590631853563601,-0.3098320751783932,6.417621480175089,1406091.524528449,63425.19510352801,159019.8434089404,96769.70922776657,275634.39524216333,0.0,460012.68683927355,184378.29159711022,281620.2386157989,114901.05735524594,0.0,109483.01946774712,5985.843373635991,0.3969278714009906,2.5096376857740568,1.5060553577743865,0.01195911682513695,False,True,False,0,1.0,467108.45983966714
250/150,4.0,47,54,1411929.04749989,0.035097565870691794,5822637.156169534,1137.6278836181789,0.0,-479684.9300441885,266097.57374267734,-0.0,199841.6664875694,0.05701450518147068,-0.3044043199247848,6.460119579227563,1054530.7653388244,47567.50040254509,119636.23826422826,72800.32928668485,207369.47965799563,0.0,345502.999468758,138133.51981076237,211167.27884845494,86156.24977016961,0.0,82229.71387356438,3797.79919046,0.39691672276608175,2.5094578759357455,1.5061269270522044,0.011787659966725705,False,True,False,0,1.0,247415.00946039992
250/150,4.0,48,55,1538059.9017420835,0.043992370845163054,5982772.790785889,612.8830969069279,0.0,-296981.8059892749,247019.77915524368,-0.0,272713.1136429965,0.06359815807987856,-0.2742401623741436,6.393958817030724,1115429.0249007759,50313.22366048624,126868.50432791708,76494.95863320799,219905.40750172295,0.0,365798.319611919,145892.91211019605,223000.99909489945,90984.40763071897,0.0,87060.00006763672,3095.591593177187,0.3966879944979315,2.5087421768141986,1.506891925375951,0.007734800995919944,False,True,False,0,1.0,362946.99543073605
250/150,4.0,49,56,1501848.2154063173,0.04150798584200577,6787612.683809895,1027.9192761339898,0.0,-222403.6883346521,238105.33031798335,-0.0,180535.645134192,0.043702503782663896,-0.293824555131179,6.375769732990254,1232154.855760409,55579.34626121823,140445.08767578827,83449.97954956298,243438.15197136634,0.0,404843.0905193008,161404.93854793443,247928.4131139131,101154.79255047653,0.0,96352.65554359356,4490.26114254791,0.39680198447624015,2.5087371920274353,1.5057691980356949,0.008153022640899454,False,True,False,0,1.0,282693.35114464967
250/150,4.0,50,57,818333.7792795205,-0.019848863458598043,3776488.476266374,512.3516610909612,0.0,-691538.4100636779,307211.0385658609,-0.0,111249.11690024317,0.07067571168679125,-0.6218634714684166,6.68191351108428,629378.6824003255,28390.446443558252,71414.42690801466,45230.25577032701,123785.00664055874,0.0,205943.9862081873,82158.97956762856,124889.67190239226,50954.98613617604,0.0,49014.66871754857,1104.665261833674,0.3968965657327854,2.5076244282308258,1.5076100490015552,0.0069900867649816956,False,True,False,0,1.0,127387.60345919992
250/150,4.0,51,58,742278.3967146837,-0.02936335802712431,4480339.5296612615,407.6243606983464,0.0,-757785.5197592912,326400.42573405924,-0.0,138930.0940910488,0.06737160715693596,-0.5223943945958454,6.730878942142373,726930.1962685625,32792.18305413117,83251.17023221355,51943.81461436044,144302.02840250346,0.0,239188.8133390882,94886.78493658474,145615.97703323117,59411.318629558315,0.0,56926.93757470298,1313.948630727528,0.3959542730132145,2.5078966093835318,1.5082276591054373,0.005985405645219766,False,True,False,0,1.0,157998.5532344004
250/150,4.0,52,59,1415747.4016641988,0.03537715268562813,4996082.342276561,9896.738601947869,0.0,-337765.3188908942,276600.4545936147,-0.0,154580.5683661356,0.05956031422512572,-0.4931116131314349,6.653392277171065,824842.4387537213,37207.58956667898,93138.72303056945,59543.947827517506,161440.453252987,0.0,269258.950737725,107818.497484738,163748.03303185952,66809.19747699868,0.0,64083.630275578544,2307.579778872767,0.3966039234461629,2.508494533633981,1.5079825734891739,0.011397059139582888,False,True,False,0,1.0,241816.507339296
250/150,4.0,53,60,2500090.219786038,0.09596218140565749,10985636.465426914,9646.127144771634,0.0,362576.7764881966,201959.26913157516,-0.0,480906.86884370295,0.06129538746205887,-0.38766069950739446,6.356872200169237,2008880.8884683964,90614.11197117617,227689.17016626356,135446.32523426187,394661.22828819003,0.0,657957.8919265404,263296.6636383504,402594.38803185127,164258.51031699532,0.0,156593.9782785166,7933.159743660692,0.39682527007647045,2.509069392880507,1.5053990543400406,0.010562043293304235,False,True,False,0,1.0,742465.4438197034
250/150,4.0,54,61,1684169.4364736974,0.0535097958700006,6903881.224825411,1903.860856498987,0.0,-191561.4111045181,243909.7127325181,-0.0,221407.63440817638,0.05840052824068358,-0.38171850727376133,6.456493148387617,1296754.3668199908,58494.55041957174,147831.5491446463,89040.54170003677,256241.35185072024,0.0,426103.63882835873,169862.2869776385,188389.58160493034,76862.94929481157,72644.35652265334,101412.6660411494,4792.586276863974,0.39677008163682415,2.5086439777421874,1.5064326419894614,0.009402764660315421,False,True,False,0,1.0,346099.92710787884
250/150,4.0,55,62,1111779.864736726,0.01065256005610804,4593209.5512285195,1503.339063167105,0.0,-487172.1646076976,293706.6576160075,-0.0,142371.8545489555,0.06432408687261228,-0.5183499331509573,6.521902549571881,795542.2156670563,35885.41795350238,90367.12944592955,55816.05823142301,156636.35770627786,0.0,260696.298526987,104059.94082070913,159019.92840091727,64880.13078757425,0.0,62045.719049422885,2383.570694638703,0.39688547722317974,2.5086613954172234,1.5071981054749632,0.008283172896919933,False,True,False,0,1.0,201293.69055411182
250/150,4.0,56,63,1655256.3969871919,0.05168705302610732,7281453.693105099,5766.811427860671,0.0,-331968.4401919426,261962.93435164116,-0.0,262084.53280969593,0.06153986933350637,-0.35336251434024757,6.358135761009105,1393138.8839684455,62838.292355252896,157713.9139933813,93934.10689080159,273370.7842551943,0.0,455530.58516012493,182159.80090493063,277105.22982744046,113058.9337695957,0.0,108416.2792681097,3734.445572246536,0.3967897569715616,2.50868984897077,1.5068185373285652,0.00962737373109035,False,True,False,0,1.0,363122.7600369982
250/150,4.0,57,64,1293109.8735308598,0.026038229919115308,7675924.831136716,1502.1478534035714,0.0,-657553.9499543651,257154.13784393767,-0.0,188694.30663894847,0.05250681779118117,-0.376702878285035,6.541218217288687,1344981.3851952492,60669.79740572016,151732.3846931135,92380.02828254989,263002.80013472994,0.0,439315.1881600174,176312.38802528748,268388.2359482625,109502.4002668911,0.0,104557.01478208412,5385.435813533355,0.3963756081816801,2.509012905212047,1.5059584554655512,0.011637349257579643,False,True,False,0,1.0,295351.6698695368
250/150,4.0,58,65,1554907.8002992235,0.045130361147610376,7376616.197892376,946.624841606737,0.0,-334604.15402870014,243901.2864678448,-0.0,216225.83879996132,0.06479650064526747,-0.48110081605516886,6.332864390122759,1326973.9019168024,59856.42377021021,151735.68695652945,89123.26824950158,263008.52405798435,0.0,436866.8067431262,173858.28268514184,267993.1796082349,109341.21728015982,0.0,103974.30000486402,4984.6555502506135,0.39692096908153585,2.5094432590061153,1.5057489443565406,0.010541066891070816,False,True,False,0,1.0,301679.0293231134
250/150,4.0,59,66,1561519.3745729132,0.045573909683359615,5275316.893402843,20735.20077988703,0.0,-178965.99346681856,260376.45966225906,-0.0,202728.7938695505,0.06466435816100026,-0.472583254072956,6.503869316675731,1004030.4785116825,45289.40630453681,113179.18489814298,70384.79915497323,196177.25382344786,0.0,327724.95089338475,131547.6970699369,199986.43747855676,81594.46649125115,0.0,77998.53831262556,3809.183655108624,0.39711863706160444,2.5082720343803624,1.505853073246365,0.008877229267778564,False,True,False,0,1.0,325959.88539933227
250/150,4.0,60,67,1715170.1000600313,0.055433123142039964,7113138.681117463,1712.0897032187388,0.0,-141272.5448669555,229220.02916173515,-0.0,243904.04190548428,0.06353369910264647,-0.20541048374246318,6.393500562207435,1373268.278097956,61943.415712171,155618.22860646225,93323.60638781941,269738.2629178678,0.0,449509.8854652311,179771.62254736328,274231.1685217919,111886.31675689107,0.0,106983.35274072498,4492.905603923223,0.39687537093347985,2.5082999379338986,1.5057745286074968,0.008877593728735311,False,True,False,0,1.0,374444.558129609
250/150,4.0,61,68,2301039.622098316,0.08690705993269177,9166461.43430376,2742.9004322295414,0.0,120403.75529132481,204837.40309197348,-0.0,337149.5469473307,0.050054318794868644,-0.2477830702408702,6.410230589446437,1696541.35360176,76528.11968947985,192447.08273823003,115699.31607431933,333574.943412932,0.0,556306.6740782812,222731.73066534917,341920.39430661785,139503.52087710006,0.0,132400.98843063088,8345.450893686326,0.39695676023300547,2.5101535640732235,1.505314041340793,0.01250019334148833,False,True,False,0,1.0,531514.0322292703
250/150,4.0,62,69,1121741.8950567904,0.011554517710541168,5349523.964758374,668.7422650024986,0.0,-439461.34110451076,271851.0057187012,-0.0,159794.39956014854,0.05289954149316462,-0.3705120861434327,6.5489273214173505,968992.8503726849,43708.18191113598,109434.47564347668,67473.29442464348,189686.42444869297,0.0,316233.8616128976,126547.43716420463,191635.8059733545,78187.40883712862,0.0,75263.65906386962,1949.3815246609608,0.39716491687867983,2.5072189258144375,1.5070227505945948,0.007705627276386684,False,True,False,0,1.0,216079.02870507567
250/150,4.0,63,70,1190073.3282438396,0.01755378059537649,5289916.610311902,1490.5729095194572,0.0,-456697.2868861285,273405.886831131,-0.0,183338.34296999822,0.0595744834627256,-0.2574110450233895,6.5173748820872905,1002139.0012264028,45205.664738230094,115086.5791758238,69506.50222879785,199483.40390476116,0.0,330536.1464617716,131052.74255701047,202183.79859107189,82490.98982515733,0.0,78667.60285790163,2700.394686311057,0.3970717322583926,2.507707661342691,1.50597105487441,0.008958310543212278,False,True,False,0,1.0,244251.2280569368
250/150,4.0,64,71,1656451.4592764087,0.051762958087865796,6912462.388317842,2620.444636871367,0.0,-245939.42275202958,247814.12746226016,-0.0,266827.10704640945,0.06039778023558248,-0.27714821500823283,6.444937158219384,1307954.2953426284,58997.84072018269,148294.08457447498,89728.58548976356,257043.07992908993,0.0,428177.2849925333,171134.2050634434,260941.79820651526,106464.25366825821,0.0,101906.19382822295,3898.71827742556,0.3966697521268115,2.5088726775237817,1.5064766710891024,0.007812741881685792,False,True,False,0,1.0,385463.8457219095
250/150,4.0,65,72,874865.4211867023,-0.01327955907638656,5441257.317986985,569.247044664836,0.0,-643636.840730221,268709.9199201428,-0.0,62225.078725596126,0.0648078400985262,-0.5086577820647082,6.690201834137207,954011.70843313,43036.77159137695,109371.17754208347,67094.24223086744,189576.7077396114,0.0,314437.415071702,124860.70733209059,192643.90102152736,78598.71161678316,0.0,74836.10478706507,3067.1932819163826,0.3968267149748943,2.5082754357293835,1.5064689059594596,0.00876586605984997,False,True,False,0,1.0,101936.02931945643
250/150,4.0,66,73,2087352.3119918734,0.07636502055941885,8276350.0546932295,1879.118652477137,0.0,165793.15538406768,199655.0104316144,-0.0,263006.6803207745,0.06444787498129949,-0.3678516396004464,6.458561274952818,1597396.2907784176,72054.93824447389,180877.61594434094,109574.22855544306,313521.20097019087,0.0,522811.28528751346,209290.0843173226,319692.2768061736,130434.44893691882,0.0,124429.0858984282,6171.075835982668,0.39662023390633633,2.5098097674786826,1.506635893886934,0.012593698819659771,False,True,False,0,1.0,429864.10906020924
250/150,4.0,67,74,2538045.7901754803,0.09761477720559775,8852022.619332785,3258.1154961011093,0.0,221322.42465563284,203593.10902543593,-0.0,395507.8785041784,0.07784754931105836,-0.21229703016454216,6.30567916762321,1726600.3818478025,77882.4403006127,197144.69220703962,116472.17516720583,341717.46649220196,0.0,568134.5045023888,226417.0380101868,245972.63559454115,100356.83532257279,103081.40466868927,135216.0120715685,7336.573771028938,0.39694604104283254,2.5090054745646624,1.505173598862397,0.008833822130464686,False,True,False,0,1.0,612681.1767413506
250/150,4.0,68,75,1490795.015489211,0.04073891338369107,7836927.622722139,18000.609682650855,0.0,-293055.71773321275,238907.72974199345,-0.0,260388.0506205774,0.07092446937606521,-0.2961012107224469,6.474579858043542,1462567.5188995574,65971.92764110601,166058.4457653904,99750.79006772966,287834.63932667655,0.0,478871.3398403742,191036.70051369764,291158.56722352497,118792.69542719818,0.0,113971.37888200907,3323.927896847775,0.39695624719952816,2.5081874756063867,1.5074566449629678,0.009362516935985443,False,True,False,0,1.0,369379.9212172459
250/150,4.0,69,76,1899380.9738538056,0.0662553133091488,9980692.673601067,1595.8109126276013,0.0,90431.86994102137,184395.81920665284,-0.0,192749.24594059488,0.052819664554386934,-0.24608602072618813,6.422455299953393,1803259.6916916587,81345.841488503,207214.60027771973,121609.409089948,359171.973814714,0.0,596059.8332457506,236887.85943103663,368712.8326193627,150434.83570869997,0.0,141862.24031248863,9540.858804650297,0.39698857948724897,2.5102013812398405,1.505194257045213,0.011041810615727732,False,True,False,0,1.0,369000.0905056994
250/150,4.0,70,77,980409.4308174127,-0.00197654485920995,6592853.424969957,848.5029737583714,0.0,-562676.3441044671,280331.50402679393,-0.0,166474.83073128972,0.050827484090784074,-0.5105367146466466,6.535097620186404,1160430.562871705,52344.25976306286,131904.40812857164,79516.2863685608,228634.3074228576,0.0,380064.0537050357,151429.74628217812,230988.50134742013,94243.30854974741,0.0,90455.24478179851,2354.193924562899,0.3968616073310633,2.5070757639693784,1.5077563382287278,0.008723082670189175,False,True,False,0,1.0,207813.135636581
250/150,4.0,71,78,2205921.920854054,0.08232829851297985,10969532.355380787,2120.77371062908,0.0,222333.45191726036,172856.99037238368,-0.0,317796.28670224035,0.060881597727862946,-0.2853852033780796,6.365402146505629,2033132.5532775589,91710.02885326253,231761.7558605497,136100.853693643,401720.37682495295,0.0,668268.6833656777,266548.30654072476,410103.3517063619,167322.16749619565,0.0,159047.9466410313,8382.974881408012,0.3969677223425073,2.508412410502366,1.5053544957069327,0.008859580646905174,False,True,False,0,1.0,542414.9015038561
250/150,4.0,72,79,660368.8325452674,-0.04064651669771702,3206013.694672285,677.0528932137262,0.0,-818047.2842482022,354346.09973455366,-0.0,77006.08617913302,0.06348522149246788,-0.7804325029689573,6.7813048211237446,434298.91817750654,19591.179119434357,49364.38549968907,32172.41461554551,85564.93486612769,0.0,142240.80256867697,56675.86770254928,86258.81687004054,35193.59728297654,0.0,33853.311011345126,693.8820039128242,0.39689352697908964,2.506937914478468,1.5076540912328287,0.007748308687955063,False,True,False,0,1.0,80962.90809248043
250/150,4.0,73,80,1499460.5370725673,0.04134228554542685,6793017.859602356,2603.271719701261,0.0,-340685.37263514125,243358.3154879117,-0.0,195286.4895355881,0.048199676067567546,-0.36235003712008873,6.452109848208627,1244341.0524050847,56129.739218181436,142103.8876649487,85216.12014071185,246313.40528591105,0.0,409146.81934828416,162833.4140623731,223809.60261707444,91314.31786776637,26276.76932954538,97376.94300489163,3772.9666607086288,0.3970337293679831,2.5086996712450467,1.5060137546184795,0.01653823326167081,False,True,False,0,1.0,273643.65630992345
250/150,4.0,74,81,783760.7248602659,-0.024070716192821973,4585546.448565087,595.085129585498,0.0,-764466.7621785161,337410.9866941449,-0.0,162341.62918817333,0.058552437746504565,-0.6125441642421124,6.468350332261686,771616.2164928137,34804.67679527046,87333.9097716036,53058.374459597835,151378.77693744618,0.0,252095.46248520826,100716.68554776208,152887.86078733986,62378.247201234655,0.0,59998.72007147956,1509.083849893035,0.3967980142500628,2.5073873880009847,1.5080041112072895,0.007015546660930072,False,True,False,0,1.0,197410.13454620418
250/150,4.0,75,82,1481983.5850797251,0.04012213635607553,6236324.148610486,1124.949715319354,0.0,-244515.7900691778,253957.9972195298,-0.0,155270.91692526283,0.06724857211161478,-0.4626238376109403,6.413658070987806,1089393.3029880975,49140.11598685456,124554.04501871146,74663.29827182197,215893.6780324332,0.0,358374.31335136446,142480.63531893125,213785.3853198561,87224.43721050129,5395.785426421877,85293.08657762472,3287.4927138450166,0.3967392893117898,2.5089254439227107,1.5080033157901962,0.010288767985607628,False,True,False,0,1.0,256642.20389732622
250/150,4.0,76,83,3752918.949856038,0.14139750405999063,13034229.234183118,7491.576213754782,0.0,714402.1446162224,183603.5682700776,-0.0,678347.3351056997,0.042119735369952074,-0.13822496772555115,6.242707790058328,2449592.922446251,110495.82637271512,279015.64983605855,163599.44522327033,483627.12638250156,0.0,805755.4004292411,322128.27404673956,498118.42947846407,203232.31922721333,0.0,191769.78530215938,14491.303095963056,0.39624254303248163,2.510921120441739,1.5051997110341477,0.014458809530898842,False,True,False,0,1.0,1052218.3990965975
250/150,4.0,77,84,1265044.3296713014,0.02378927210345294,8390047.842398265,14780.999978078358,0.0,-368874.5806480578,243828.51563827327,-0.0,194766.27585267392,0.05693734569232308,-0.449063386726796,6.53254163836079,1421959.6010745356,64141.711756682234,160838.9049344624,97275.64430950485,278787.43521973473,0.0,464965.892731185,186178.45751145028,283566.024866435,115694.93814550547,0.0,110661.88247002198,4778.589646699968,0.3966494079702807,2.5090081193255456,1.5067114023103234,0.011444480991777306,False,True,False,0,1.0,285033.6252667676
250/150,4.0,78,85,2642159.2655185303,0.10203629818073923,8932700.164504053,23757.53377383109,0.0,332391.6272898925,217249.0777933003,-0.0,455145.1278639245,0.05061271826406657,-0.14348894630414555,6.415709008521698,1745212.8509956405,78725.12696808217,197897.3848402129,119857.2489572143,343022.13372303575,0.0,572520.0954028051,229497.9616797694,353306.4039649527,144149.01281770068,0.0,136259.7827058676,10284.270241918142,0.39671705230766996,2.510751338164097,1.5046674329105307,0.015032128654199006,False,True,False,0,1.0,716233.1956580868
250/150,4.0,79,86,2498438.2856762637,0.09588974418566365,10166392.662655793,1750.7826593094449,0.0,163525.02683064475,208168.75211195007,-0.0,411855.8445904085,0.06464305407261549,-0.20816601033057758,6.292818461341935,1868855.6256426193,84300.13383207555,212598.58705936623,125008.26128989906,368504.21756956814,0.0,614100.004144225,245595.7865746569,378824.8608999727,154560.54324718885,0.0,146155.80098632554,10320.643330403876,0.3966992613176574,2.509924233948791,1.5050999707938453,0.012507454932999096,False,True,False,0,1.0,633059.3540743776
250/150,4.0,80,87,1687087.1823911015,0.05369216945191169,7302704.960092255,1154.029037401734,0.0,-172221.66137682289,206211.76039188734,-0.0,224422.7085337367,0.062163197784129175,-0.2251019673116329,6.5609271204744015,1346829.1981270136,60756.35473399464,153986.2918629402,93739.50053172381,266909.57256242976,0.0,443605.84580822615,176696.2732457964,272979.4444440382,111375.61333316758,0.0,105578.19130235784,6069.871881607369,0.39683387708968054,2.5096181063460876,1.505676836657718,0.011562188740556367,False,True,False,0,1.0,326604.7322655461
250/150,4.0,81,88,1398461.7636412736,0.03410600402472541,6313614.92607823,31269.4522986051,0.0,-289692.7496849804,271884.5460633717,-0.0,242586.14969433966,0.06286505273318253,-0.33758660654792727,6.394708965524557,1183318.2214049147,53375.22651892482,134287.36467763956,80422.07490226028,232764.76544124182,0.0,387458.2377476477,154693.47230640586,236042.8285594688,96305.47405226328,0.0,92215.06058394014,3278.063118226772,0.39686943081388176,2.5082515754202594,1.5070444659266442,0.011291000077064739,False,True,False,0,1.0,335468.0761115999
250/150,4.0,82,89,1575376.65497463,0.04649809125514581,5896023.414952129,2134.997766866158,0.0,-308336.4329701258,252046.79793492617,-0.0,222030.16092396455,0.0671395323846326,-0.2752703604529314,6.285017798499282,1120661.9591403753,50546.94701371153,126545.3748342356,75546.38250195098,219345.31637934165,0.0,365886.3839053367,146541.06752599508,222501.46059297398,90780.59592193337,0.0,87080.95936947015,3156.1442136327187,0.3967169213876134,2.508138851599893,1.5070646332990276,0.009848164940527981,False,True,False,0,1.0,313520.01797682577
250/150,4.0,83,90,765556.1083664816,-0.026361580705439924,4140764.878087885,527.5579708211405,0.0,-714794.5114739414,328313.2502043911,-0.0,122531.4381493901,0.05841399149807786,-0.554510904828394,6.57115557770735,712188.0346954523,32125.666077288057,81466.96038047603,49860.933869669054,141209.39799282502,0.0,234108.52865333183,92899.13066050681,142343.15486788048,58076.00718609523,0.0,55717.82981949299,1133.7568750554772,0.3964988289001082,2.507255152402881,1.5083196492906634,0.006533994679808863,False,True,False,0,1.0,146090.88436911508
250/150,4.0,84,91,1370140.6843363482,0.03199244096522458,6190851.91338219,11232.444104199152,0.0,-458182.4795805833,264372.6213122188,-0.0,229236.913363437,0.06553234637571229,-0.40969130757298466,6.413301610184726,1108907.8390576555,50018.607446541224,125471.14364093918,75751.33663620688,217483.31564429452,0.0,362426.90992300806,144943.59427871354,220490.38915708402,89960.07877609027,0.0,86257.60456167591,3007.07351278949,0.3971371665096601,2.5079609123428606,1.506707738591633,0.009555264472576708,False,True,False,0,1.0,291567.89607204276
250/150,4.0,85,92,2170462.1792197316,0.08057576310662262,9230355.337529322,2513.4444466393406,0.0,56761.94225441266,234537.95362853212,-0.0,364861.45450192946,0.059770323571649304,-0.2634109034548129,6.3111208210096725,1835023.9660855606,82768.69207997556,205978.9518917806,122456.42603618845,357030.18327908637,0.0,597478.2540847671,240448.0708056807,364132.124852484,148565.90693981346,0.0,142199.82447217457,7101.941573398207,0.39681627439122263,2.5088725348242256,1.5062522083059844,0.01032677324346909,False,True,False,0,1.0,575359.9387284835
250/150,4.0,86,93,1241496.317354144,0.021867398161117713,7580926.657396242,1671.498082010285,0.0,-441959.78309308755,254552.25223280513,-0.0,151967.04099361092,0.06188619851747346,-0.40333529840504645,6.332000234918339,1386542.2982491243,62540.61081265143,156650.12551290987,92006.47467437675,271526.88422237715,0.0,453009.95387524145,181483.0696528643,275985.4816924811,112602.07653053229,0.0,107816.36902230747,4458.597470103185,0.39727251569785316,2.5079431771607674,1.506335485490792,0.010935945246052237,False,True,False,0,1.0,254973.64747889538
250/150,4.0,87,94,1535973.1256861035,0.04385063972429393,4837913.300436848,20638.996810017456,0.0,-568197.1883615857,301149.76987217483,-0.0,274301.4798159327,0.06424565352286603,-0.45322324715490403,6.585628700577144,826916.6077770855,37301.92732258266,94525.64592109829,59490.16334205291,163844.45292990364,0.0,272075.5548553631,108231.10192545946,102693.22701830539,41898.8366234686,63701.51724292334,64753.98205557642,2550.291331324971,0.39702259310472016,2.508736381635245,1.5061087783708262,0.008924743454963968,False,True,False,0,1.0,334169.5705936578
250/150,4.0,88,95,1475254.584921667,0.03964889738369948,6330725.864776559,1759.3508774165864,0.0,-390778.9056584081,256552.26567940714,-0.0,201979.17157408467,0.07521380266508076,-0.31559114542512934,6.532686421292675,1144259.064999381,51617.16858669677,131436.92874065938,79611.0246701515,227824.00981714297,0.0,377587.8195369156,149763.8097197726,160096.40300416062,65319.332425697525,71251.49528588227,89865.90104978588,3523.888472899428,0.39692042039447906,2.5085964024309546,1.5059254223039489,0.008079649604153527,False,True,False,0,1.0,282841.9587565765
250/150,4.0,89,96,1274643.8180039702,0.02456351012782587,5328047.040899138,465.09073960036585,0.0,-490037.37871474156,266339.2709309311,-0.0,217366.1281359385,0.05797517670670708,-0.25141405653386306,6.46984136986582,985030.5557276156,44431.11509136537,111828.84090097243,68158.18819805293,193836.6575616855,0.0,322378.76311861555,128542.10555693004,195491.18927947857,79760.40522602724,0.0,76726.1456222305,1654.5317177931167,0.39687410975380716,2.5073620232556313,1.5076824542059653,0.008030488837143857,False,True,False,0,1.0,267442.1842948183
250/150,4.0,90,97,1188599.6875811298,0.01742770896507051,4137348.060210889,999.167679461538,0.0,-517243.03469617525,304218.86029853765,-0.0,203190.1707281278,0.0786518217627986,-0.5405204603787199,6.614986633268735,751827.4253494911,33914.6263071359,85668.20689092067,53915.77773362469,148491.55861092923,0.0,246875.3961682151,98383.83755728588,150796.76053029593,61525.078296360734,0.0,58756.34428803518,2305.20191936669,0.39673996823938784,2.50845713417779,1.5061076313187725,0.011237672299603485,False,True,False,0,1.0,246028.77007711254
250/150,4.0,91,98,1605358.5880117235,0.04847289005675259,5748524.474490657,3177.6555937036082,0.0,-278540.56682555046,280807.95520473184,-0.0,196723.99884140055,0.05727147843651738,-0.3166269878041744,6.589276093666098,1016168.6987985646,45840.038411343936,116386.8615113114,72076.53096485321,201737.22661960634,0.0,334902.63481139124,133165.4081917849,199987.13012045086,81594.74908914395,5683.301767936355,79706.82708511113,3933.205268781472,0.39702028075193396,2.5090278030057385,1.5061361497579022,0.011933603193188702,False,True,False,0,1.0,318396.12622676254
250/150,4.0,92,99,1814808.8300473467,0.061409788303028456,7222234.513470007,8906.479907424402,0.0,-121475.68690551378,226091.22030336925,-0.0,275300.1749242549,0.0542977673923005,-0.29367871766952736,6.355658983767735,1350374.246115721,60911.30820869043,153912.3142540628,91604.9011290541,266781.3447070422,0.0,443585.2595766504,176803.91486960818,271351.6847887699,110711.48739381813,0.0,105573.29177924278,4570.34008172841,0.3967780545771482,2.5086509679878226,1.5059508752048718,0.01405099114946684,False,True,False,0,1.0,391983.97251686064
250/150,4.0,93,100,3287566.206688566,0.12638653644669717,10641889.841085268,7974.463748265395,0.0,483837.8626591168,189211.12538414402,-0.0,534051.0977536126,0.07627286916331265,-0.2027618761324741,6.25641990847892,2039209.3817580983,91981.75631508224,232017.57581300157,136982.9223317895,402163.79807586945,0.0,669666.349471249,267502.5513953796,399968.58806872874,163187.1839320413,11302.826176625036,159380.59117415725,9107.616169484523,0.39700368047955614,2.509007708151813,1.505468777489104,0.009587550066960437,False,True,False,0,1.0,826776.2256247837
250/150,4.0,94,101,1251866.428588449,0.02271776366141931,7480534.990448654,3081.6911094047427,0.0,-358733.1487389882,266862.1601271139,-0.0,158304.4298024037,0.049460659352947106,-0.364959996703479,6.4325979574262435,1367223.6132929318,61671.46748201721,154782.64646018224,92247.3381016514,268289.9205309825,0.0,447319.62038179435,179029.69985081186,273055.18273770437,111406.51455698337,0.0,106462.06965086702,4765.262206721284,0.39689821789508734,2.508577297697065,1.5060291810009758,0.008735267005814062,False,True,False,0,1.0,273700.17018050543
250/150,4.0,95,102,873415.1498617156,-0.013443250649842642,5874895.946917569,747.8575763793524,0.0,-669353.7052186447,294590.8949877992,-0.0,195516.1201591288,0.057928880389319634,-0.5913986107202974,6.5190985099403225,968290.5260155546,43676.15223239578,109215.58174256781,66563.32049583903,189307.00835378416,0.0,315706.8543311735,126399.84597738937,191316.69527693064,78057.21167298769,0.0,75138.23133081933,2009.6869231471862,0.3960557542138144,2.5078369748794103,1.508158511534123,0.008447609341809992,False,True,False,0,1.0,222025.2086103131
250/150,4.0,96,103,1908087.495790943,0.06674306598194835,7124951.957730192,2871.9583568838025,0.0,-70861.2872656809,216787.6384800282,-0.0,248360.54909027938,0.056608078445962544,-0.2106567505562993,6.529937296215169,1367003.5159922459,61662.40150286525,154570.73718223162,95166.09636817979,267922.6111158682,0.0,446825.35644664307,178902.74533077487,272210.663742815,111061.95080706851,0.0,106344.43483430106,4288.05262694669,0.3968084446006535,2.5085010002322528,1.5066567386295513,0.009658258465570002,False,True,False,0,1.0,380678.26332450705
250/150,4.0,97,104,711984.8426592808,-0.03339936789028464,4260141.590135338,845.2344167001241,0.0,-766205.4085561906,336192.0,-0.0,97982.06810970398,0.048186067916247,-0.7250036624345186,6.6781314664522515,669608.9092519451,30206.851291437863,77297.02925270885,47581.67049212752,133981.51737136205,0.0,221375.41251951433,87393.89514815228,135332.27990474174,55215.57020113462,0.0,52687.34817964442,1350.76253337943,0.3962755129715034,2.507076622393143,1.508575045465208,0.009523831448928766,False,True,False,0,1.0,126965.98932623422
250/150,4.0,98,105,1929769.5183575633,0.06794907575574927,5751436.317799038,9288.033443080152,0.0,-149102.46011889767,266151.93552259833,-0.0,304939.95354828343,0.0538110139988615,-0.35755730963856125,6.359364005414859,1019885.7746064384,46002.23442538694,114565.7775804987,70947.73294090928,198580.68113953108,0.0,332141.2808180775,133560.59967854642,202159.0804963686,82480.90484251839,0.0,79049.62483470244,3578.399356837319,0.3969941931132547,2.5090748979662814,1.5061723987764664,0.009771054307847526,False,True,False,0,1.0,442105.1283972865
250/150,4.0,99,106,1786682.8834691825,0.05975322698985619,6947184.470126556,2258.0575433558306,0.0,-51298.05349584503,205905.02514677757,-0.0,213540.92009901203,0.04802195828724569,-0.14012894505595752,6.5226004435978355,1374159.4837132425,61985.03521588914,155448.4120704078,95264.12274608198,269443.91425537353,0.0,449297.40662663605,179853.49237126252,273662.7590205787,111654.40568039611,0.0,106932.78277713936,4218.844765204273,0.39686542011589804,2.5084520813774644,1.5061548252136658,0.008930574824219217,False,True,False,0,1.0,331269.5717340571
250/150,4.0,100,107,1706754.4931076714,0.054914120227244734,7984360.954765489,3665.3653195179972,0.0,-139494.1034809715,243274.67968950776,-0.0,342923.40042183775,0.053418314611877286,-0.23299833841499284,6.325687102938738,1583142.7743633736,71409.46584519996,178841.85029365143,105744.02553931414,309992.5405089959,0.0,517524.4362399242,207531.89573092834,316498.23855601205,129131.28133085291,0.0,123170.81582510199,6505.698047015866,0.39693193717326225,2.509465814255102,1.5062123278027526,0.010339898949324189,False,True,False,0,1.0,484691.01546687644
250/150,4.0,101,108,809510.1219477215,-0.020910871452008428,4070282.7707009236,826.8509263755876,0.0,-653704.5474833531,298233.786342966,-0.0,121928.6344283287,0.05568771772056609,-0.48003136083853726,6.760162567976552,673308.9373928659,30373.848271273844,77108.91706397294,48701.35397468335,133655.45624421973,0.0,221646.18023260037,87990.72398838063,135265.38156254007,55188.27567751634,0.0,52751.79089535886,1609.925318320378,0.3970204052687689,2.5081474643082036,1.5069866172000137,0.00837332310593264,False,True,False,0,1.0,142141.54579208046
250/150,4.0,102,109,1943876.1266025244,0.06872718995878468,11086105.876793114,2385.086712122939,0.0,42854.44277903132,193387.5954324088,-0.0,280025.07937867596,0.057840764838194295,-0.3273435414098578,6.233658123327973,2016951.6762220263,90975.49891692145,228274.16363745558,131763.00047067952,395675.2169715899,0.0,660153.0065406678,264477.78956907796,404216.57147143426,164920.36116034517,0.0,157116.41555667899,8541.354499844152,0.3969419911258153,2.5090515114952603,1.5054224902104625,0.00838485550411705,False,True,False,0,1.0,476028.5975529251
250/150,4.0,103,110,1463870.8269920005,0.03884385601314677,6857915.2923860615,2981.3478206457407,0.0,-325202.13800227165,225861.80817722037,-0.0,168928.82345392602,0.06399427833918887,-0.2936829525875463,6.525870195298843,1268503.8624337134,57221.53763843703,144532.01742737275,87551.02671094521,250522.16354077944,0.0,416840.4051375868,166318.24159680738,255740.44918252874,104342.10326647172,0.0,99208.0164227457,5218.285641748918,0.3968779960636704,2.5090102995636614,1.5055869612229913,0.01068150619090158,False,True,False,0,1.0,257523.02552050963
250/150,4.0,104,111,2686106.355584372,0.10385574036635692,7892207.332702135,24376.99289892787,0.0,-76990.33838305273,242913.84226725413,-0.0,565382.8918048902,0.05163371338803585,-0.24613949794766954,6.440023607939655,1311174.5012380434,59145.79758126857,149771.85497963562,92617.87595179897,259604.54863136844,0.0,431564.3286594648,171959.78002809634,0.0,0.0,265268.97361677,102712.31022095261,5664.424985401982,0.3970313663271831,2.509033935102906,1.5052846265324695,0.01237575385231926,False,True,False,0,1.0,720135.3437579304
250/150,4.0,105,112,1155422.6205548123,0.014551474951230325,6917852.893229957,1478.3084001103794,0.0,-423256.73520876066,309446.88308019075,-0.0,222548.74844945373,0.055409646705196845,-0.43253889762701625,6.586810695710989,1233660.918789131,55648.09030098876,139496.28443724543,85402.73721323289,241793.55969122553,0.0,403182.1122382568,161388.55254703126,245311.23302160724,100086.98307281575,0.0,95957.34271270508,3517.673330381769,0.39680679035587857,2.5080338980743244,1.5063737107563357,0.008394041564577348,False,True,False,0,1.0,315013.6199322257
250/150,4.0,106,113,1370756.326558296,0.03203880187541608,6772061.997754515,1659.2973292353115,0.0,-257101.67073875462,236982.97049608635,-0.0,178274.5325795652,0.06270269160101866,-0.33979063211182103,6.612255143409324,1246983.0377309897,56251.64044826509,142789.14908103613,87093.79116872887,247501.19174046256,0.0,410721.67804408836,163220.4863036258,251363.85546104144,102556.45302810491,0.0,97751.75937449305,3862.663720579858,0.39716562408867806,2.5086265192945025,1.5056982072482528,0.008829544580640558,False,True,False,0,1.0,268743.7292679314
250/150,4.0,107,114,1846430.2037517673,0.06324485429352955,6383454.636618199,6828.260202767741,0.0,-130381.77580779186,233366.31510209086,-0.0,246464.39097920118,0.07280975230610089,-0.4213664555513035,6.306002153114538,1167405.812465382,52658.49636900586,133305.85617944153,79436.28411255968,231063.48404436526,0.0,384092.9890138344,153029.50496946913,192684.4491348022,78615.2552469993,43147.38105086822,91414.13138529258,4768.34614130466,0.39715080069664727,2.5095251883419687,1.505719857719253,0.010124339676295113,False,True,False,0,1.0,367663.97482433013
250/150,4.0,108,115,1379154.6439366476,0.03266937239567658,5839911.886638178,1161.3663141462634,0.0,-412996.30393147253,251152.45885189017,-0.0,194342.54795657928,0.061166083540292536,-0.2926381773004173,6.480487975631746,1038357.2340189803,46838.26492270456,118257.94119246028,71928.47421712952,204980.43140026456,0.0,340883.5118794014,135903.08047913684,208220.5939366055,84954.00232613504,0.0,81130.27582729753,3240.1625363405456,0.39715387557773435,2.5085216795996166,1.5060969803895818,0.00956201459184447,False,True,False,0,1.0,255782.16230007654
250/150,4.0,109,116,790301.3362578817,-0.02325932962525079,4293371.023509107,2081.7919500565868,0.0,-746438.9813587797,305060.7619303585,-0.0,88381.97842068666,0.05169979817260529,-0.48913297303802483,6.731919039501923,671363.1946643058,30285.435161619596,76633.14807649849,48272.88125257534,132830.7899992641,0.0,220519.72540787878,87688.93540861469,134264.53920022974,54779.93199369373,0.0,52483.69464707514,1433.749200965328,0.3972051571092416,2.5074529009072797,1.5074342353760053,0.005614670237952257,False,True,False,0,1.0,98841.67306776179
250/150,4.0,110,117,1496948.08201941,0.041167669378589844,5371896.758877196,869.6627424730984,0.0,-528444.4945454799,314202.91260022484,-0.0,234043.11371891736,0.06383745842658521,-0.42173462735704415,6.344727795112307,925199.6558725085,41731.360814152315,104461.30162375809,63576.659759903574,181066.2561478474,0.0,302059.56471215613,120993.30856430874,183722.21356066654,74958.66313275194,0.0,71890.17640149317,2655.9574128188474,0.3963851943849267,2.5080708768132225,1.5070136905412024,0.008799090778121244,False,True,False,0,1.0,321306.41301881114
250/150,4.0,111,118,1267338.947597415,0.023974822115346184,5843821.410399482,835.1360211377867,0.0,-488478.38688725233,294168.0,-0.0,268198.5283157824,0.06144386552974112,-0.3316391426004469,6.3527883705691774,1058841.1905798088,47758.688354966915,119348.58196071227,71743.1043174126,206870.87539856785,0.0,345268.4795309673,138397.60413239946,209415.07264226643,85441.3496380447,0.0,82173.89812837023,2544.1972436997685,0.39713334095326996,2.5074184034211338,1.506304722171715,0.008013898561730848,False,True,False,0,1.0,335388.5658467721
250/150,4.0,112,119,1315833.775434576,0.02782719170342096,8508555.85666266,48961.05860500887,0.0,-188223.34998107934,158734.41292828834,-0.0,58668.43851039287,0.0630837242682167,-0.40612535503990776,6.5192904672764085,1572527.0905872015,70934.28686977814,179086.30895749654,106903.07087348502,310416.2688596607,0.0,516239.6029533916,205823.3340937309,266819.870532762,108862.5071773669,48497.34419609886,122865.0255029072,4900.945869201244,0.39658648653995876,2.50851950018733,1.5062957181813548,0.00884980204907837,False,True,False,0,1.0,158903.2307063481
250/150,4.0,113,120,1656024.9184110179,0.05173587175987904,8119063.45220189,1873.1596278657921,0.0,-260969.10985181437,239039.5202265138,-0.0,286697.29878894467,0.06058844469974302,-0.546014161398189,6.4207553387110154,1472393.0052880885,66414.97099870667,166461.00259545672,99967.44679045491,288532.4044987916,0.0,481295.3287062225,192762.92420743091,293690.16772283864,119825.58843091817,0.0,114548.28823208097,5157.763224048027,0.39674952217531695,2.508505745867569,1.5057340502165375,0.009120730941461375,False,True,False,0,1.0,400098.5294109776
250/150,4.0,114,121,591269.3960433286,-0.05119155822128707,4320537.427707512,264.6979750604254,0.0,-840966.9885566803,348596.6615236542,-0.0,93052.71110464928,0.06121041810286134,-0.7359547544463895,6.9108246199164824,657314.085578413,29652.490719634072,74856.85472057761,48001.12859732953,129751.88151566788,0.0,215477.1184937937,85725.23697812583,130748.05482434729,53345.20636833369,0.0,51283.554201522886,996.1733086797581,0.3970471224809552,2.5064013203272273,1.5081854246991793,0.008466447742270233,False,True,False,0,1.0,107559.66876455798
250/150,4.0,115,122,1460394.4748659665,0.03859689076959416,6426074.488443743,1318.866544542542,0.0,-282696.17425441206,244481.44344792678,-0.0,169241.4878938144,0.061501542617466216,-0.35906918890435735,6.413017351650991,1203349.719788846,54279.72113918651,136820.47214972,81986.06640784425,237155.48505951467,0.0,394660.24096702447,157504.7559075098,241041.24240341177,98344.82690059199,0.0,93929.13735015182,3885.757343897546,0.39665552081291483,2.5089831343676936,1.5063192651787385,0.010031944348825261,False,True,False,0,1.0,265070.5165920914
250/150,4.0,116,123,734822.591662304,-0.030342747707773565,5036872.6564719705,7344.538389837532,0.0,-874891.4297172271,314906.8633007376,-0.0,89764.74193874383,0.05975680086309808,-0.5474571176842777,6.6739018711763505,794197.4931832714,35826.58018102957,90712.02955560172,55952.36411679063,157234.184563043,0.0,261097.32244877575,103863.13788573275,159504.07382696302,65077.662121400914,0.0,62141.162742808636,2269.889263919404,0.3966851424528774,2.508627923075178,1.5074931477977351,0.010196803325485115,False,True,False,0,1.0,109713.43075553101
250/150,4.0,117,124,1098284.9651602388,0.009419066866491077,5360946.235796331,1063.9362886649535,0.0,-571555.6350808551,278948.2445996553,-0.0,123474.28932461145,0.0569941843009786,-0.42674473466130136,6.506812791205522,970551.8760209071,43780.303534439154,110864.92402964682,67003.953029227,192165.86831805448,0.0,319188.94190453086,127023.07358647638,195142.0438358651,79617.95388503296,0.0,75966.96817327832,2976.1755178096755,0.39727939336870044,2.5082874202106296,1.5058362101616694,0.010160761941384822,False,True,False,0,1.0,169809.26094830164
250/150,4.0,118,125,1672671.6223532322,0.05278834621372219,7622227.748173364,16708.57616997442,0.0,-209071.75194823407,223837.9153556154,-0.0,200283.7562154965,0.0620881906248825,-0.3118702286047318,6.44959399279959,1415650.7035429694,63857.288230200014,161392.56257081416,96628.40433335707,279747.10845607787,0.0,465116.66960916365,185369.5611530858,284568.9367546432,116104.12619589442,0.0,110697.76736698096,4821.828298565798,0.39719332427784004,2.5088092789343053,1.5061402392925634,0.011678581321318049,False,True,False,0,1.0,313020.36197441316
250/150,4.0,119,126,918032.326248236,-0.008515800911934268,4032245.344284247,8006.079632857459,0.0,-737834.6363443533,333406.6128415826,-0.0,162579.63459610796,0.0591878817054331,-0.5663283187563676,6.749691222073126,679482.4531619657,30650.907182882256,77027.47598056757,49325.42402758672,133514.29169965044,0.0,222114.69918270077,88600.40748305034,134526.05127269874,54886.62891926108,0.0,52863.29840548278,1011.7595730480507,0.3965770990968648,2.507874976126826,1.5087400051080266,0.009306292812579331,False,True,False,0,1.0,195058.62271740794
250/150,4.0,120,127,1047081.2702386528,0.004611254349943028,4784502.801387983,704.4560711494584,0.0,-521047.4372994022,272943.1702070248,-0.0,185420.10149715064,0.058156728950297276,-0.30960788855308585,6.577766263977959,874589.0593640285,39450.69590144139,99096.65961568229,61384.8680510681,171767.54333384923,0.0,285997.79724327114,114230.25390942191,173644.88879541447,70847.11462852909,0.0,68067.47574389854,1877.3454615644864,0.3969200538959085,2.5078689427156107,1.507215343161326,0.006389129621677148,False,True,False,0,1.0,218424.86393447168
250/150,4.0,121,128,602631.4637859648,-0.04938386744358214,3199621.9894820387,2418.197276785265,0.0,-829248.625409684,358166.08697045123,-0.0,62427.17994179549,0.06377742423368982,-0.8122828798477368,6.820871631109827,406295.7364609564,18328.448868136096,46559.318069860354,30294.980726582904,80702.81798775794,0.0,133639.10721258906,52936.289224831125,81163.52066397747,33114.7164309028,0.0,31806.107516596203,460.70267621925797,0.39677922561613566,2.5065542357604524,1.5090586130729162,0.010145753038371286,False,True,False,0,1.0,87521.05580615174
250/150,4.0,122,129,1677983.686749246,0.053122213494957826,8299296.669223703,13526.718735066364,0.0,-172968.44424439096,233425.8410519524,-0.0,248078.1079937054,0.054916989209107404,-0.2978927010391017,6.541887350198365,1493638.4452156858,67376.27049543486,169373.84457508818,103113.13221757983,293581.33059681964,0.0,489319.9675756749,195738.63697885524,299338.11753675103,122129.95195499441,0.0,116458.15228301061,5756.786939930969,0.3970107469345791,2.509336711346827,1.5061630277734133,0.009760732011914852,False,True,False,0,1.0,384245.6115985033
250/150,4.0,123,130,857013.246571632,-0.01531175491511072,3858291.497732747,1034.7259566159285,0.0,-676792.5733281544,305186.93707707745,-0.0,125728.98758484612,0.05969926907844023,-0.5002279634841176,6.5816873228512165,649146.188250717,29281.43598447875,73938.48070496212,46014.72705057122,128160.03322193437,0.0,212720.1073208626,84560.07409892822,128870.9855383255,52579.362099636804,0.0,50627.385542365315,710.952316390491,0.396612925891753,2.507415095021346,1.509666361149182,0.01029672570781015,False,True,False,0,1.0,149242.0890482378
250/150,4.0,124,131,1354270.825891029,0.030790844026673758,7558055.490255404,43377.52233641002,0.0,-439554.15788760193,280170.5311528193,-0.0,229878.9011677663,0.06190563070268823,-0.4611835530469328,6.475695184599813,1309797.037962506,59082.227041953025,149507.99464789996,89445.71617798004,259147.19072302664,0.0,430354.1117162379,171206.92099321127,262599.05621348234,107140.4149351008,0.0,102424.27858846463,3451.8654904558216,0.3970615779877546,2.5083372919824853,1.507452915918679,0.008183672197941583,False,True,False,0,1.0,334799.8213318009
250/150,4.0,125,132,2722054.265135586,0.10532419820447947,12881667.49534193,4151.243613378323,0.0,689404.6152794755,219307.0215220533,-0.0,608876.0325556251,0.061980820802609395,-0.33298150558723283,6.365305955957487,2315765.4485694747,104459.23919349255,262095.0346160274,155831.8126093423,454298.0600011142,0.0,758521.3550046086,304223.2950034944,466600.64327456825,190373.06245602382,0.0,180528.0824910969,12302.583273454506,0.39660036736001036,2.510205163987192,1.5051945248301795,0.011118020773982717,False,True,False,0,1.0,941616.0055675786
250/150,4.0,126,133,1078603.0682823695,0.007595374486137896,7362121.376559308,697.8828463819315,0.0,-438129.46522582177,304504.9626835219,-0.0,183514.82309057374,0.05251592913849292,-0.5053867765848422,6.581740482378743,1312937.478233825,59226.45973981084,149971.3773410053,90322.7268836049,259950.38739107596,0.0,431914.361438363,171963.97404728702,264545.24843427254,107934.46136118319,0.0,102795.6180223304,4594.861043196856,0.3971425452850915,2.5083743815428936,1.5056849196752151,0.00852925064622223,False,True,False,0,1.0,274367.8217069303
250/150,4.0,127,134,763886.5688455097,-0.026574122314247717,4256429.749231342,3246.9730712788096,0.0,-678968.210792746,307820.0621066905,-0.0,115183.87908492249,0.058012581237596735,-0.5820717886057393,6.6460447438301715,698512.5396814704,31509.4570508326,79822.43395298538,49499.01319745475,138358.88551850803,0.0,229524.95609440553,91166.0705758975,139674.28931001906,56987.110038487765,0.0,54626.93955046852,1315.4037915107642,0.3962417203918435,2.5079512541408038,1.5084963177204116,0.00856978382194784,False,True,False,0,1.0,157895.05585011825
250/150,4.0,128,135,2297764.258009567,0.08675224735503795,8889931.753899481,5677.757532478893,0.0,73928.89561623096,193696.27039835037,-0.0,378376.3446085951,0.058157855817177896,-0.1550330464716626,6.449934074796677,1689122.7387409944,76193.42700776951,191723.58763769382,115994.34413759483,332320.8852386694,0.0,553829.550976157,221508.66573748755,339546.3571726214,138534.91372642954,0.0,131811.43313232536,7225.471933952337,0.39671202227223695,2.5092199737392322,1.505889122845795,0.012596507824224501,False,True,False,0,1.0,549949.1252959338
250/150,4.0,129,136,1343917.9793935092,0.03000012263039653,4603728.348855573,1272.929287178899,0.0,-424277.3688851374,261894.0556984999,-0.0,206875.87135970325,0.06238469633468888,-0.3968700252286438,6.415188262931028,883215.717860025,39838.1100104658,99560.4319266149,61249.24616987515,172571.4153394658,0.0,288100.3998175082,115528.98447804237,175066.53504720685,71427.14629926038,0.0,68567.89515656694,2495.11970774122,0.3969298063633556,2.5090205602660682,1.506905249963641,0.00763996998558536,False,True,False,0,1.0,261285.63545414316
250/150,4.0,130,137,1085950.4835343678,0.008279650798568072,6835981.94109666,665.8948866257327,0.0,-389098.72965348366,257271.45308857772,-0.0,162926.4773258061,0.05099933879667071,-0.4228199624623653,6.679646979796843,1171877.1916568414,52863.769117048636,133527.38620298804,82210.82078126115,231447.46941851263,0.0,384808.75910850085,153361.28968998822,235069.67100749994,95908.42577105996,0.0,91584.4846678232,3622.2015889879817,0.3968742429894352,2.5084703250981764,1.5061186675200884,0.008934429109237918,False,True,False,0,1.0,221480.59928078944
250/150,4.0,131,138,917877.576310908,-0.00853251532962318,4111877.148252941,18745.229077315093,0.0,-611051.9523214417,311581.21683049685,-0.0,146458.51773606252,0.05695451761017041,-0.5320997000729458,6.585439243891931,705336.852481907,31816.97637971233,80867.29180913145,49910.47995445655,140169.97246916112,0.0,232224.81486282448,92054.84239366336,141373.6994792308,57680.46938752616,0.0,55269.505937352245,1203.7270100697142,0.3970818676970143,2.5074678308759575,1.5074644560210393,0.007987634819442757,False,True,False,0,1.0,184933.00211893703
250/150,4.0,132,139,2561025.624807057,0.09860454751967329,9417612.02375449,2954.5645717460466,0.0,364362.2404465276,187204.61271885005,-0.0,425594.13280279137,0.05601718005616987,-0.17841207774760393,6.450533720905646,1804078.0413720296,81376.01841282556,202753.01224997718,124112.55841869774,351438.5545666272,0.0,587882.9550725747,236444.40050594747,358498.1962967146,146267.26408905955,0.0,139916.14330727275,7059.641730088604,0.39687991954093654,2.5096171315941915,1.506018319376911,0.011353303443699891,False,True,False,0,1.0,642099.6886682073
250/150,4.0,133,140,2145154.1045969566,0.07930912713285299,9143716.522770084,1624.532162774553,0.0,171260.31709455303,210120.0,-0.0,306216.4209009402,0.0627890378185544,-0.3087857846985045,6.284496589985723,1784032.4887137034,80470.30344443706,202294.0582377078,118699.08816997513,350643.0342786935,0.0,584398.0712869932,233755.03700829973,357375.3174166614,145809.12950599784,0.0,139086.74096630435,6732.283137967005,0.3967224986499424,2.509087930552254,1.505979721109742,0.008139786883327726,False,True,False,0,1.0,509150.97154312645
250/150,4.0,134,141,1168152.3359370518,0.01566374024580197,5450295.824571888,2387.5782294465776,0.0,-517236.54815264046,289548.2630503568,-0.0,183075.45316536285,0.06006856977284738,-0.4473576290046709,6.510329639574219,964807.0829353726,43518.663031043616,108502.39231324708,66936.58113864859,188070.8133429616,0.0,314112.5823639156,126041.76902095397,190252.11571399384,77622.86321130948,0.0,74758.7946026119,2181.3023710324337,0.39659929261885934,2.5075935352035676,1.5071149534968575,0.009042784746214672,False,True,False,0,1.0,246336.00450100878
250/150,4.0,135,142,2456424.40718895,0.09403279419045418,6916735.491496354,40016.20145179764,0.0,181804.91622961918,213905.6666899269,-0.0,368912.9727483437,0.06355964707949863,-0.3059772525021809,6.322728669643084,1349510.3602923308,60870.65507587766,151615.70385774344,92732.90446540136,262800.553353422,0.0,439810.7568005167,177010.2034470947,268833.06405935966,109683.89013621873,0.0,104674.96011852295,6032.51070593723,0.39690316503591383,2.509805384341767,1.5059545049686662,0.010916066256708046,False,True,False,0,1.0,556672.6990004019
250/150,4.0,136,143,2014117.5566933653,0.07252761124060503,6516498.497220477,2537.0863199321966,0.0,-93373.41570512933,269383.4868296514,-0.0,329867.9065181025,0.054088636530822014,-0.49807447150139705,6.554131834993423,1133316.099702144,51123.05417614729,128504.06709996144,80553.2976579182,222740.3829732665,0.0,371275.48899838555,148535.10602511905,227440.1715968562,92795.59001151733,0.0,88363.56638161575,4699.7886235898295,0.39679672522978393,2.5088446093855707,1.5067228063281983,0.013181020687918599,False,True,False,0,1.0,492332.0867915489
250/150,4.0,137,144,1016660.6407871667,0.0016537033456704986,6696010.718098485,9145.861344349136,0.0,-640009.6143339847,225784.73044141,-0.0,72447.79551364636,0.08506489725163582,-0.4429638278624113,6.701199272573464,1174109.651354478,52962.84970730224,132930.713835555,82348.36751243936,230413.23731496208,0.0,383773.14675915794,153359.90944419586,232902.73033452424,95024.3139764859,0.0,91338.0089286796,2489.493019562432,0.39712134115227427,2.507423749935042,1.507143826334353,0.008257217138305961,False,True,False,0,1.0,118015.66875104666
250/150,4.0,138,145,1732832.6811953108,0.05651498937820043,7318846.134800288,40345.91304075534,0.0,-356077.4544323836,245690.78493913976,-0.0,352124.48269455857,0.06465040763822308,-0.3060488663649359,6.492202190460529,1295717.9099235355,58447.74451172421,147979.26042067455,89809.14447436224,256497.38472916916,0.0,426032.3760319692,169534.99130280004,260319.024716084,106210.16208416226,0.0,101395.70549560865,3821.6399869148345,0.3967819343094317,2.508682482893847,1.5062191711196942,0.0097215625278817,False,True,False,0,1.0,428071.7282104158
250/150,4.0,139,146,616896.3089947468,-0.04715728659302865,4216421.642888844,3135.7505937887945,0.0,-780715.1616291817,300093.2788593821,-0.0,76948.01454835942,0.05812881558560268,-0.6878114498069051,6.917690476,688633.8033614174,31066.23919908152,79080.08387350975,50273.55278562066,137072.14538075024,0.0,226927.31728671427,89855.17190596403,138226.14835580467,56396.26852916831,0.0,54008.701514238,1154.0029750549118,0.3969104281709759,2.5069072057924604,1.5077695611632305,0.007737363093619942,False,True,False,0,1.0,84055.05340099521
250/150,4.0,140,147,1567163.7047813032,0.045951233654114354,6925591.860419985,1822.7000939437348,0.0,-185799.90974313102,240475.60459851674,-0.0,224035.93652684765,0.05203814835039186,-0.3840781705004609,6.418860945941764,1340597.538926131,60470.86093148909,152728.3179364113,91186.62499942079,264729.08442311286,0.0,440168.75820875925,175439.6737856464,268893.3139731109,109708.47210102926,0.0,104760.1644536847,4164.229549997505,0.3969871377877784,2.508487753062597,1.5062962691375739,0.007826430306116183,False,True,False,0,1.0,330117.7281362032
250/150,4.0,141,148,1469575.6155860298,0.039247991206863286,7845437.699326684,8173.8609109231675,0.0,-176310.4880448464,231806.08678825363,-0.0,212245.30148190958,0.07075244903610808,-0.342154015601145,6.470990033914733,1543718.4228324455,69632.89182216495,174993.5104969118,104791.38016362378,303322.08486131387,0.0,505330.0779370605,202007.99307574664,307976.7389513565,125654.50949215346,0.0,120268.55854902042,4654.654090043301,0.396918773599493,2.5084634332468885,1.5063885867473736,0.008232785077322058,False,True,False,0,1.0,330686.8782349559
250/150,4.0,142,149,4050831.496757799,0.150149825334577,12326771.411258332,4975.007670243152,0.0,1222494.8874796603,116936.87520569706,-0.0,614135.7406696174,0.05842084732243172,-0.14672201694990838,6.32595860469594,2511878.333021174,113301.27660012891,282112.9746475251,170153.1910286843,488995.8227223769,0.0,818819.885680363,329824.06295798614,501617.79681978084,204660.06110247056,0.0,194879.13279192636,12621.974097401651,0.39718340993994683,2.5083877869762943,1.504576749765055,0.00845324374528178,False,True,False,0,1.0,1045885.5318874
250/150,4.0,143,150,1076368.9359860602,0.007386474434863288,4889842.458610121,1224.0844341400834,0.0,-504484.49289450346,297499.4897738481,-0.0,198759.09567602145,0.06694100785269816,-0.464255534991473,6.4400960687103765,885276.511770792,39931.29144977122,100041.15336321152,60952.139637064945,173404.66582956663,0.0,289030.7089404883,115626.04311092166,175466.42414958676,71590.30105303139,0.0,68789.30872783622,2061.7583200202157,0.3966437181057319,2.507981103209198,1.5075720147251852,0.00836163436738735,False,True,False,0,1.0,240729.92465048938
250/150,4.0,144,151,1535221.285099721,0.0437995332181178,5300203.957914929,1931.0140188121486,0.0,-280182.4135178389,253796.4483051038,-0.0,225851.43249056456,0.05603321055906091,-0.3223486787813685,6.559308062323764,997767.1259613339,45007.02862262851,112821.71378765441,70516.31321231984,195557.63723193435,0.0,326022.11939248414,130464.48216054979,198309.3835511279,80910.22848886017,0.0,77593.26441541123,2751.746319192643,0.39650880001350175,2.5085400026023614,1.5073630391390078,0.008417909863680295,False,True,False,0,1.0,318007.7307938339
250/150,4.0,145,152,1991721.527229264,0.0713290016575574,5451433.1546903495,2606.8408775637663,0.0,-241197.4762348499,274072.3256526234,-0.0,346342.622751085,0.059831408296133856,-0.4637388497165713,6.3529563171120795,1060699.4946494517,47842.788370110844,119183.39798453574,73575.41650288705,206584.55650652858,0.0,345404.8797234856,138820.32321695704,209936.12749392696,85653.94001752221,0.0,82206.36137418957,3351.570987398172,0.3970108110621587,2.507768250114753,1.5065103586181774,0.009231778845939953,False,True,False,0,1.0,472061.062495556
250/150,4.0,146,153,772412.2883607326,-0.02549310235608515,5847245.09243758,701.5831616453258,0.0,-667774.7243444525,303716.13922446885,-0.0,111099.80216337414,0.05279561496580564,-0.6598651695551023,6.595244754722489,949784.0879027793,42843.94224363772,108120.11351218453,65725.43118826364,187408.19675445327,0.0,311590.4807018536,124182.28394740031,190126.5401631028,77571.62838654594,0.0,74158.53440704117,2718.3434086501297,0.39655589847883654,2.5084307452396595,1.5078599487187478,0.012029017688183652,False,True,False,0,1.0,137654.90352587588
250/150,4.0,147,154,1419727.5928716664,0.03566786801754063,5857150.031867103,2620.728726196896,0.0,-339581.68242621375,247999.88237090487,-0.0,168446.19872042775,0.06273725249289389,-0.3038422202614596,6.475057576868461,1118697.260752378,50462.18522931625,127451.99383820739,77149.40798449732,220916.78931955944,0.0,367310.6467948679,146393.85747530844,224345.50527988235,91532.96615419199,0.0,87419.93393717858,3428.715960322659,0.3970370946887087,2.5085639570870937,1.5060415318685898,0.008329117069238778,False,True,False,0,1.0,246464.0230810332
250/150,4.0,148,155,1137997.6508954822,0.013010942363242517,7168017.651156099,994.7490400548924,0.0,-435105.18597867206,268203.8948273524,-0.0,245830.0967145506,0.055668031349507464,-0.4604338740831764,6.427197319898442,1249219.8896325808,56346.391590076695,140754.0699227917,84481.33647055217,243973.72119950558,0.0,407084.3833056121,163110.6621061065,246579.92262489707,100604.608430958,0.0,96886.08322673567,2606.201425391481,0.3967059544524125,2.5078454262527985,1.5075663628135252,0.008370441436987619,False,True,False,0,1.0,294512.9226939553
250/150,4.0,149,156,1462397.725753273,0.03873926921681847,7101724.285667714,5012.977643861039,0.0,-340102.3708458211,259624.5691105154,-0.0,298614.0382303641,0.07004845688220439,-0.4623278064788431,6.373211180421768,1317785.0425127128,59440.68318246418,149504.2446786694,89016.45421033012,259140.6907763604,0.0,431682.69005837047,172541.99928201007,263513.66688243655,107513.57608803411,0.0,102740.48023389216,4372.976106075638,0.3967283182784304,2.5092420564487625,1.506484353536134,0.01012337937306862,False,True,False,0,1.0,395497.24064029346
250/150,4.0,150,157,1042754.2573507631,0.004195329548211335,5221280.68864989,1204.1913284113166,0.0,-530125.569443971,294168.0,-0.0,144918.40470852057,0.06532969656579936,-0.6070268845007061,6.6054867168958324,877928.9594178802,39600.9238744781,98659.39572315369,61735.640715104484,171009.61925346646,0.0,285717.17902162886,114707.5597681624,173128.2236689721,70636.31525694061,0.0,68000.68860714766,2118.6044155054524,0.39675995828368044,2.507909522784565,1.5076690747231498,0.009196048385991418,False,True,False,0,1.0,197354.84782183048
250/150,4.0,151,158,919307.0263161068,-0.008378217959349565,7333805.497196497,5053.0360817037545,0.0,-551831.328434488,304004.00415431877,-0.0,93125.82493297545,0.0647123756200627,-0.6351193838242686,6.4425151096148765,1229310.0003399472,55452.232016239825,140311.03786811983,82574.25449596062,243205.79897140787,0.0,404239.27473237406,161033.4757609662,247750.41205848492,101082.16811986183,0.0,96208.94738630501,4544.6130870777215,0.3965290985158286,2.508693217574779,1.506422623173528,0.009621564357455092,False,True,False,0,1.0,173860.37943598715
250/150,4.0,152,159,2057706.3331448606,0.07482643550110946,8388445.520396506,3077.04550786857,0.0,50666.8065534115,195259.56272530663,-0.0,285329.854038637,0.060070974606265023,-0.24265189303531065,6.436181468490359,1582575.7929194148,71385.25164426776,178213.32753054285,108183.5918783342,308903.10105294076,0.0,516407.27524178306,207504.1741888423,315476.54650855914,128714.43097549213,0.0,122904.93150754434,6573.445455618773,0.3969023156758177,2.509310028636804,1.5058255536042373,0.012333907317734427,False,True,False,0,1.0,443854.0698421
250/150,4.0,153,160,1653065.8833310732,0.051547793155733324,9931714.455205632,1874.9545444610899,0.0,-257227.55846202574,213738.10710758125,-0.0,286511.8912525057,0.06511083470678608,-0.4371046142409607,6.503932185274506,1762597.5189374653,79510.368965748,201081.60408964564,120052.08082253125,348541.4470887191,0.0,579743.1058298069,231201.65874108777,356495.7530541452,145450.26724609124,0.0,137978.85918749403,7954.3059654249955,0.3969721658694347,2.5090370076984994,1.5056094014931267,0.010516973160698218,False,True,False,0,1.0,433772.71580555034
250/150,4.0,154,161,1960057.4052275787,0.06961350839944647,10146712.014078893,1979.4767273565403,0.0,110157.36424699798,179398.39483158744,-0.0,352700.4215213404,0.06709949090762482,-0.30132972578663064,6.435873691189114,1936767.502241328,87360.75181326146,218033.46977136587,130986.67266647388,377924.6809370343,0.0,631490.5287062267,253565.84776919242,384749.9191201985,156977.967001041,0.0,150294.74583208194,6825.238183162991,0.39704276823779105,2.5089964357976173,1.5058086428224449,0.014059188336003059,False,True,False,0,1.0,520379.7103280008
250/150,4.0,155,162,2603156.195974014,0.10039858374936661,10140656.008999247,64273.30552593551,0.0,293536.8955857229,222974.48577576946,-0.0,532709.7075795978,0.051832564836378554,-0.3551807210080291,6.33054332218488,1915583.0665657124,86403.39986048028,215776.27690489372,129260.19481601118,374012.21330181573,0.0,625028.6372513643,251016.42394954857,381281.580160816,155562.8847056129,0.0,148756.81566582472,7269.366859000546,0.3969459987092174,2.509226359664869,1.5059775224570644,0.010828089314902867,False,True,False,0,1.0,779313.6781096256
250/150,4.0,156,163,938930.3143940778,-0.00628158931627365,4011867.461706364,938.7517712039304,0.0,-608082.095148305,296195.5809826829,-0.0,170197.56234113494,0.05431541779712629,-0.41787710023363067,6.632691863220268,734114.4991972588,33114.89635600755,83800.22531554343,52247.267230392055,145253.72388027527,0.0,240996.98386633059,95743.25998605532,146273.76921172033,59679.69783838189,0.0,57357.28216018667,1020.0453314449989,0.39687840031826493,2.507237321096991,1.508002548890703,0.006945804525737342,False,True,False,0,1.0,202918.3549253284
250/150,4.0,157,164,806524.3228731952,-0.021272599717379492,4079478.279526262,741.805999631548,0.0,-682625.1491081284,300528.66745863494,-0.0,128719.52725403091,0.07278258320005847,-0.5908332827778531,6.486236499659502,703621.5759270405,31737.55103351373,79522.43818538141,48826.11068347539,137838.8928546611,0.0,229602.91976890853,91764.02691424743,138997.80822556457,56711.105756030345,0.0,54645.49490500023,1158.9153709029465,0.39668463183608027,2.5072806750543717,1.508150101122188,0.007096289217409124,False,True,False,0,1.0,136310.5284920924
250/150,4.0,158,165,1423939.88169853,0.03597473805067608,6492792.6767397085,1100.4454011348828,0.0,-272626.4392598621,251938.29854964768,-0.0,194737.25262745394,0.06801580750714098,-0.3914020797162251,6.546078945998808,1197315.6936299924,54008.36894753623,135523.9383978006,83154.4246689981,234908.15988952116,0.0,391568.1186979081,156659.95880838696,238469.90009170695,97295.71923741643,0.0,93193.21225010211,3561.740202184231,0.3971284061206891,2.5083704878172965,1.5064568153847246,0.00915416586531137,False,True,False,0,1.0,302433.6708833565
250/150,4.0,159,166,1650478.0010778415,0.05138305677810928,6611169.610714983,1032.463142224423,0.0,-278857.60786483454,241285.16170311495,-0.0,240191.5837910179,0.059887093712098785,-0.384277454122409,6.376690245800327,1243150.9911784679,56075.71145773067,141226.1232682411,84587.43029338193,244791.94699828446,0.0,407871.1488341123,163079.20183582781,250334.63029053083,102136.52915853658,0.0,97073.33342251871,5542.683292246855,0.3969609796207431,2.5090603214210665,1.5047748025347256,0.010192715512753914,False,True,False,0,1.0,339631.96824482095
250/150,4.0,160,167,1752742.6694335777,0.05772267809843723,10125130.552059146,1184.6106566128415,0.0,-96068.02383839054,184516.5826593852,-0.0,237931.83871334489,0.060532999123283415,-0.3673366845189616,6.197846528153066,1922299.2411448262,86705.13293948662,217947.28146715913,124747.95918435603,377775.2878764092,0.0,629680.1595406664,251904.8716642572,385146.22210659995,157139.65861949278,0.0,149863.87797067864,7370.934230190452,0.3967263840424831,2.5098389303934305,1.506110409186747,0.012017672773744659,False,True,False,0,1.0,378428.10966987174
250/150,4.0,161,168,1681005.4031325197,0.0533117064470241,8565070.177471632,21882.590491255152,0.0,-282215.09390407166,275586.166014092,-0.0,350390.84027237946,0.0750961155988123,-0.47036519647110264,6.3583034728934855,1551455.4106383885,69980.4108555185,176176.11058721712,104171.05552822628,305371.92501784314,0.0,508250.4276472922,202878.50262944907,310040.88676376257,126496.68179961514,0.0,120963.60178005556,4668.961745920226,0.39648316028689756,2.50885338181547,1.507428890526501,0.008612297832903737,False,True,False,0,1.0,457452.13175712666
250/150,4.0,162,169,893654.9794911928,-0.01118057824383678,4308987.844810932,790.897754796034,0.0,-615476.9116835374,298879.7305891481,-0.0,118091.35169357446,0.05696711999767577,-0.43747774096079495,6.506814855991465,741409.5126909402,33442.88201836512,84332.72617110456,51618.424494099665,146176.72536324797,0.0,242986.0352201044,96809.30985685642,147594.01362427982,60218.357558706164,0.0,57830.67638238483,1417.2882610329852,0.3969581408814095,2.5073613209544887,1.5068162680243689,0.004498177883984544,False,True,False,0,1.0,150211.7802717892
250/150,4.0,163,170,1202557.8944444512,0.018616248044655226,7911466.919267996,567.503634376386,0.0,-450758.8883869732,238894.14188718342,-0.0,129250.03192082475,0.056990065451532616,-0.5098955065194952,6.478461788234,1430472.6603564478,64525.64136383326,162529.49097265754,96803.32999975531,281717.7843526063,0.0,468985.4845904589,187267.70023785264,286476.9700443786,116882.60377810647,0.0,111618.54533252922,4759.185691772704,0.39694577808718445,2.5083592910505685,1.5060678244292878,0.010673937922545562,False,True,False,0,1.0,208463.6598860179
250/150,4.0,164,171,2054066.647599526,0.07463616794432681,7909291.624387231,1412.9089765769488,0.0,38080.07779362815,225404.13939023126,-0.0,298840.03568666027,0.06500540209318931,-0.3105218347329103,6.463707242689516,1455229.0433782276,65644.8483762257,166062.3839201613,100425.02745089795,287841.4654616129,0.0,478850.7649123523,191009.2994507394,294896.38683517236,120317.72582875032,0.0,113966.48204913983,7054.9213735597405,0.3966365540589711,2.5101378964384415,1.5058715174317912,0.010136752045689645,False,True,False,0,1.0,475233.7156409148
250/150,4.0,165,172,1568578.8782682351,0.04604564633755004,7193137.7641180735,1417.5704575058528,0.0,-124934.3109503118,195146.31552745446,-0.0,177905.21950668417,0.05807523415282464,-0.19620356602879718,6.4695864315544735,1398392.25504184,63080.38405171444,160275.8154917014,95581.96879451917,277811.41351894906,0.0,461023.0646435453,183211.65112459625,282958.9582472257,115447.25496486807,0.0,109723.48938516379,5147.544728277935,0.39696093563428375,2.5091057690647416,1.5055635831656182,0.0095737206864559,False,True,False,0,1.0,281510.6584131282
250/150,4.0,166,173,968617.8348134274,-0.00318343570902635,4208639.000271488,754.7036494799304,0.0,-600195.0859858603,318928.2623071345,-0.0,126883.67227612255,0.06584956937371142,-0.45229693043479036,6.729150213283916,694870.1227598686,31347.454138295205,80326.2438256359,50311.55084444084,139232.15596443557,0.0,230151.61415167523,90919.45818723965,141317.82992989724,57657.67461139807,0.0,54776.08416809869,2085.673965461697,0.3965601800021934,2.5090641379014764,1.5068892752111338,0.00954141155397803,False,True,False,0,1.0,171761.61323248647
250/150,4.0,167,174,1158696.4099643407,0.014838573408502587,5842603.065157813,1180.3620483935904,0.0,-488751.79947216413,256265.29022822744,-0.0,163364.44426710284,0.05504226813219312,-0.4281847511078487,6.462716666924277,1038470.4301271478,46842.46851116408,117580.2218380389,71189.67769098487,203805.71785260073,0.0,339665.54760718433,135859.8297545836,207062.0383045781,84481.31162826785,0.0,80840.40033050986,3256.3204519772908,0.39674362831316834,2.5085064967006607,1.5072674248071067,0.011546066260115895,False,True,False,0,1.0,213349.10636039992
250/150,4.0,168,175,1122958.8117715786,0.01166420221811304,5220584.346501647,8460.069426409447,0.0,-436802.6248047745,247212.1247065685,-0.0,140413.18587730016,0.06026519655714404,-0.2533377878921732,6.565990002640225,957629.7794076276,43197.23725977644,108861.58815924918,66866.25193818737,188693.41947603194,0.0,313960.55364810204,125267.1341720701,191376.9072581361,78081.77816131953,0.0,74722.61176824832,2683.4877821037894,0.3967383060298273,2.5081483378591707,1.505755617158908,0.007339603175067433,False,True,False,0,1.0,174437.7853022889
250/150,4.0,169,176,3486095.0850340044,0.1330104692544234,12362794.96258155,4035.3003543563095,0.0,720869.5650109184,179375.3831322459,-0.0,551781.9723837822,0.06290875671750498,-0.1975258268195318,6.1818209703411435,2438547.279861239,109993.57518778395,276054.71979440656,160711.04950216884,478494.847643638,0.0,799057.4696628851,320562.6220192471,492438.18669873424,200914.78017308356,0.0,190175.67777976664,13943.339055094017,0.39651788051098774,2.5103147964059125,1.5041060679653717,0.011202347910730381,False,True,False,0,1.0,921369.9897683932
250/150,4.0,170,177,1230927.2037032233,0.020994110656737286,5441195.859960037,1666.4419109464193,0.0,-435400.7931897135,257433.4179219518,-0.0,217039.26496804057,0.048334792129422016,-0.29377482602098726,6.301280180871186,1058000.7818454436,47720.46757298444,119534.99624318328,71051.84337021923,207193.9934881843,0.0,345478.5209095214,138284.5274213371,209717.58790408453,85564.77586486649,0.0,82223.88797646611,2523.5944158997977,0.3965838287952383,2.508425841768651,1.5069222298904283,0.010795785234624544,False,True,False,0,1.0,269872.6913599011
250/150,4.0,171,178,1147950.3888164076,0.013893437237444628,5250599.422383714,1601.3463528043294,0.0,-450859.0541463102,297943.00967745105,-0.0,171123.44150901918,0.06747572833444763,-0.41917019050062676,6.560290384739936,929979.607534068,41951.370252579254,106557.63216529613,65077.705318442146,184699.89575318003,0.0,306408.7260983321,121708.83034515206,187812.95072618278,76627.68389628257,0.0,72925.27681140303,3113.0549730028633,0.3967368376619876,2.5084668782895734,1.5064815081002654,0.012371481518203886,False,True,False,0,1.0,243618.88070848418
250/150,4.0,172,179,1005383.1553433043,0.0005370159366446803,3927860.835510094,41900.367402500284,0.0,-550977.9040122564,309173.6844443636,-0.0,129206.68117800112,0.06331369537838573,-0.48591507961732106,6.551556378378538,664487.157066214,29974.186894512062,76081.36957085396,47196.69179180811,131874.37392281354,0.0,218685.7606570517,86811.38673423816,133331.35483157026,54399.192771280665,0.0,52047.2110363783,1456.9809087568829,0.39648273204023443,2.5082400632070216,1.5072039943623736,0.0078543051163813,False,True,False,0,1.0,170765.53856851527
250/150,4.0,173,180,1283260.3641563174,0.025254013453120727,5513149.777707823,1592.6611623828287,0.0,-343366.9608598509,270011.7908033339,-0.0,159117.99514107627,0.0701214945836285,-0.30487899977102995,6.500859625949967,1039834.6573835335,46905.0501284186,118906.01342155974,71996.49903082995,206103.7565973703,0.0,342022.7081452905,135918.9515479202,208605.04976313357,85110.8603033585,0.0,81401.40453857914,2501.293165762979,0.39690871509687115,2.5078562279577112,1.5066796351880267,0.008871936155813387,False,True,False,0,1.0,251836.31272691893
250/150,4.0,174,181,1555973.6116327194,0.04520197750608235,6652878.064003651,1247.764640390262,0.0,-204103.82874960708,279394.5079615175,-0.0,368063.18764365977,0.06754821376205164,-0.2764735001490499,6.444166464827626,1238718.3743096134,55872.17082305758,138729.90068666314,85191.34033370466,240465.16119021617,0.0,402329.46866911335,161864.3074788972,243319.19342176642,99274.2309160807,0.0,95754.41354324896,2854.032231549691,0.39684331218448265,2.507867894346737,1.5067610966925795,0.01020930811980203,False,True,False,0,1.0,471252.56475411326
250/150,4.0,175,182,2003679.9561333386,0.07197050340972933,7918047.158737815,939.9667835434643,0.0,-29083.509863850166,224524.28994574645,-0.0,390609.6982504336,0.0665591589148268,-0.16783498098879424,6.279084172358816,1613236.7393842393,72764.32839800038,182256.966716775,107753.66845439817,315912.07564240997,0.0,526939.1907850058,211027.11514259584,320554.84798007226,130786.37797586947,0.0,125411.52740683136,4642.772337662125,0.3970433660566699,2.5085078832858807,1.5064819941721308,0.008855861747517846,False,True,False,0,1.0,556737.3600220879
250/150,4.0,176,183,993391.8795577937,-0.0006627853342515699,4222564.316458946,356.82340310709014,0.0,-595514.2280502429,297601.3574065189,-0.0,142577.57814998063,0.05366854889578004,-0.4455308236631119,6.536130896675599,739542.7687705597,33359.484912063584,84462.8406333387,51975.846666223224,146402.25709778705,0.0,242945.16833010205,96542.911232315,147950.08594840745,60363.63506695024,0.0,57820.950062564276,1547.828850620497,0.39710970907248405,2.507515052050748,1.5073178000788523,0.008926808113877138,False,True,False,0,1.0,179761.1938469091
250/150,4.0,177,184,1833156.3742083537,0.062478012596256294,5837759.414827379,1242.28886740447,0.0,-222494.2633908502,235907.21869061486,-0.0,310320.0203395385,0.06632861420663677,-0.2741059938695797,6.271840336133574,1121894.6890485599,50601.75143190509,125821.65429068868,76152.36878258713,218090.86743719375,0.0,364905.87564341293,146815.00820621918,221666.0704795987,90439.75675567627,0.0,86847.59840313229,3575.2030424052514,0.39720462669577306,2.508202067526068,1.506373564262604,0.011368726677269958,False,True,False,0,1.0,395780.418049412
250/150,4.0,178,185,1391785.967395632,0.03361129220093262,8557715.286809681,1513.269181379158,0.0,-444379.7870421139,205546.3138448022,-0.0,208391.99638745625,0.06024290128568105,-0.3666787401471221,6.554099947969695,1579859.7883916064,71263.39612508341,178056.76020985385,108291.4407103893,308631.71769708,0.0,515351.5841970202,206719.86649994022,313335.30270301295,127840.80350282928,0.0,122653.67703889082,4703.585005933822,0.3969636818152801,2.5077785294316817,1.5059740247605515,0.008110721323715264,False,True,False,0,1.0,304627.87579542096
250/150,4.0,179,186,1334322.7839922842,0.02926235813032485,7584434.863487051,52695.797487268064,0.0,-494829.7604165941,240131.57779675632,-0.0,201443.91631692272,0.05693284965383563,-0.3230910992032985,6.540907377960558,1393095.4715680573,62838.37453372448,157082.79774946262,95668.77869177474,272276.8494324018,0.0,454448.5334582182,182171.6840258164,275920.33283713117,112575.4957975495,0.0,108158.75096305594,3643.4834047290838,0.39702616570666777,2.508052930623266,1.5066319481900468,0.005789120239473755,False,True,False,0,1.0,279024.9123443392
250/150,4.0,180,187,1836248.7658683052,0.06265710842824834,6875671.048543149,2089.9024517347693,0.0,-73789.4089965029,230684.0123989871,-0.0,264265.40137413313,0.05927726651073987,-0.3868630180964192,6.500292029567436,1214021.9751052721,54762.195948920635,137859.95588711672,84737.06116002164,238957.2568710023,0.0,397862.7670814062,158905.5102104039,242954.1475011984,99125.29218048893,0.0,94691.33856537468,3996.89063019523,0.3970637448328848,2.508441481694377,1.506443797318968,0.009863217580053485,False,True,False,0,1.0,399528.8729973271
250/150,4.0,181,188,1375270.1180900775,0.03237814150719043,6473286.529643464,5900.773045708616,0.0,-350127.70485960733,244833.3835170896,-0.0,185698.95061970988,0.06238087434519963,-0.34808949463851757,6.578193694625421,1174337.7979032514,52972.90291619758,133481.96481344145,81897.43094670182,231368.73900996512,0.0,385043.769739359,153675.03072939385,234851.58530226062,95819.44680332232,0.0,91640.41719796746,3482.846292294682,0.3971524644962136,2.5083301514693686,1.5058897790839718,0.009118102256987948,False,True,False,0,1.0,264539.0027919292
250/150,4.0,182,189,1675798.9813363228,0.05298501842391512,6191346.499108741,2198.64575769507,0.0,-164336.4492991498,268793.0940350948,-0.0,321255.01270141447,0.06048506615584834,-0.29786334212848264,6.279085655444018,1150715.7787379057,51902.86738203505,130301.4249556142,77789.72432601814,225855.80325639795,0.0,376349.0514393598,150493.24818296183,229141.2975523274,93489.64940134957,0.0,89571.07424256761,3285.4942959275245,0.3969802500638287,2.508249586984605,1.5067803286899182,0.008079276886965303,False,True,False,0,1.0,444035.1443003989
250/150,4.0,183,190,1876798.3290308798,0.0649807574315695,8993140.691953529,20927.802531311925,0.0,-52712.925692654564,276310.2860622435,-0.0,304372.4199028059,0.049312523748622036,-0.6343938198655981,6.277513328280395,1507719.2509762575,68007.16615988112,170980.83556520368,100569.12207337226,296366.78164635325,0.0,493891.57201211277,197524.79036575952,302300.6186424432,123338.65240611683,0.0,117546.19413888283,5933.836996089461,0.3967204713943824,2.5091686856713786,1.506637891154216,0.010899091949125195,False,True,False,0,1.0,479280.67342443817
250/150,4.0,184,191,1263346.0542885908,0.023651749068104078,6260835.625054104,4002.8641457865783,0.0,-297549.52338455984,243806.26634760603,-0.0,177500.82819661568,0.05545016551191254,-0.288392616636476,6.463531835412638,1218743.7248914153,54973.15282257455,138047.79646462612,83166.16829651294,239282.84720535207,0.0,398506.62772858195,159223.78052322989,241987.52531169378,98730.91032717106,0.0,94844.57739940246,2704.678106340655,0.39705373449830306,2.5077119429573864,1.5068193106493784,0.011095564228340793,False,True,False,0,1.0,253807.79392284242
250/150,4.0,185,192,865077.265804236,-0.014389117869362922,4079580.5414424753,1357.876882085189,0.0,-659918.8044622876,305130.1447896351,-0.0,132313.41816795894,0.0633663707582219,-0.4749031435408493,6.773264143270251,720800.1562968369,32515.217504340533,82045.65727098112,52145.332676185615,142212.4726030339,0.0,236184.61075003984,93972.13814700593,143211.34498395276,58430.22875345273,0.0,56211.93735850948,998.8723809188637,0.39706045397843787,2.506826453891088,1.508365491684558,0.006615523627824249,False,True,False,0,1.0,155682.59490584268
250/150,4.0,186,193,2054566.6527418946,0.0746623240946862,8042111.795759083,1833.1663049149522,0.0,156232.69558898802,218553.96394257492,-0.0,237119.35985105773,0.06234923048291402,-0.3118162407398317,6.370433481390338,1580274.3414580435,71282.46334386837,179974.8579702424,106917.16313055552,311956.42048175354,0.0,519090.6244075411,207134.2039257876,318378.9580197163,129898.61487204424,0.0,123543.56860899477,6422.53753796323,0.3970956407016661,2.5088748751624017,1.5059811266566903,0.010905592969311595,False,True,False,0,1.0,444360.2739528065
250/150,4.0,187,194,995829.8618764172,-0.0004177984377551347,6726838.83637875,712.7173251070669,0.0,-734365.6298023262,276909.769093134,-0.0,120208.01769931887,0.05885452371787209,-0.5240390900525147,6.60281868613653,1200380.1209753882,54147.3616951117,136031.95892133747,82875.03144753842,235788.72879698497,0.0,392730.59481601394,156941.86601902897,239075.68568422765,97542.87975916488,0.0,93469.88156621129,3286.956887242305,0.39683777981068447,2.507924547056477,1.507349394651351,0.010240132076870134,False,True,False,0,1.0,189602.5391867556
250/150,4.0,188,195,1011737.0677138765,0.0011675533198785004,5000583.759852389,962.5051072181607,0.0,-578480.949320158,293826.8166886874,-0.0,192381.35005508055,0.06976225141756412,-0.3366648400816523,6.586943435402008,901157.9947390838,40649.33659742003,102235.1132231374,63134.84166794373,177207.52958677147,0.0,294922.9002817632,117715.37069499175,179103.53567195684,73074.24255415838,0.0,70191.65026705964,1896.006085184408,0.39691455596570707,2.5083118362466603,1.5076112040622955,0.005576818128131711,False,True,False,0,1.0,239042.1670436256
250/150,4.0,189,196,1093197.2082947106,0.008950480267431837,5166227.537043438,521.01862967916,0.0,-516417.92560294236,282042.3912784812,-0.0,134181.58059653753,0.06080942889463159,-0.29749997488408253,6.515421646839508,898577.2012877453,40533.35380194588,102685.57982158997,62433.56635960981,177988.33835742247,0.0,295425.8287178804,117437.49036045794,180220.57405016007,73529.99421246529,0.0,70311.34723485552,2232.235692736984,0.39698906604977535,2.507763166578265,1.5067339640639907,0.008439143348960787,False,True,False,0,1.0,189993.0369588969
250/150,4.0,190,197,2103136.0390957887,0.0771761686339647,8134001.384087959,1420.2189534958839,0.0,88885.65017484833,198603.23008164758,-0.0,337063.98646966333,0.06745986845443169,-0.1876010806848517,6.378330310732421,1541741.9512793806,69545.0645731626,175286.43489692343,104916.04191898093,303829.8204880006,0.0,506180.6580487763,202350.83756077575,311168.8893562872,126956.90685736517,0.0,120470.9966156088,7339.068868287986,0.3968472548645072,2.5097857196802758,1.5049763965169012,0.01263925354865214,False,True,False,0,1.0,505252.9979085335
250/150,4.0,191,198,2151361.8831060794,0.07962105823420296,12251388.970463308,53969.104336592805,0.0,385660.25224874704,174639.63123504928,-0.0,340484.3089400579,0.062155761289949284,-0.4322497824133529,6.494884696761469,2138178.6920242016,96452.69377238653,243943.53966211213,145586.4457380684,422835.46874766116,0.0,703380.7681199396,280545.29937227844,432692.4107366099,176538.5035805368,0.0,167404.62281254565,9856.941988949748,0.3968333938149332,2.50965621626411,1.5056475636003694,0.012188259607154528,False,True,False,0,1.0,597946.0234372304
250/150,4.0,192,199,2072282.1719058082,0.07558537670986687,9428121.176798161,1866.0364454071348,0.0,285725.41372054454,166326.22622650483,-0.0,281758.77022642095,0.059350790448317634,-0.24456457345127836,6.314930891116697,1838314.7306355038,82917.74316320683,206525.01077302627,122510.39121841856,357976.6853399123,0.0,598989.2827715034,241012.59743159113,365529.5881314588,149136.07195763517,0.0,142559.44929961785,7552.902791547451,0.39706574630909175,2.509091823661554,1.505519132386143,0.009671131775083719,False,True,False,0,1.0,484745.44276553055
250/150,4.0,193,200,1071016.5758814267,0.00688441622508118,5004278.13157306,1130.8353749068349,0.0,-537720.333411692,305250.8980235397,-0.0,141523.50453508875,0.06122278743546368,-0.4485999923284504,6.551009757225659,853930.8760230683,38519.798527391926,97591.70490155679,59768.45591296372,169158.9551626985,0.0,280775.0582656151,111616.10310291659,171308.33214296206,69893.79951432851,0.0,66824.4638672164,2149.376980262583,0.3967240341522893,2.507984195466854,1.506935736746985,0.009711423410388331,False,True,False,0,1.0,203169.18247555374
250/150,4.0,194,201,1527187.17506104,0.04325200208396085,6489963.231601817,2651.0127798683143,0.0,-228853.3382964128,234312.05011460657,-0.0,188843.97064715435,0.04810542131914911,-0.3005331300429168,6.518645532608451,1198162.3119281717,54045.86246995256,135470.54419062327,83125.80497894828,234815.60993041375,0.0,391528.90039510804,156713.2904646943,238182.70254562146,97178.54263861355,0.0,93183.87829403575,3367.092615207051,0.39715703440308436,2.508124775133068,1.506396927999647,0.008955305109274558,False,True,False,0,1.0,289832.80454125046
250/150,4.0,195,202,1256490.8342580113,0.023094929967460986,6024634.874285384,4032.307421957867,0.0,-353241.6404960684,266381.67985889385,-0.0,112941.78353352472,0.06958018147126886,-0.3627018916582678,6.640419351058742,1036378.9361560832,46752.194178854246,118653.52805876726,73046.26408032292,205666.1153018632,0.0,341486.1501892095,135820.0348873463,209609.01104078552,85520.4765046405,0.0,81273.70374503186,3942.8957389238644,0.3966726947102846,2.509298700737218,1.5059832116524006,0.00895839882355931,False,True,False,0,1.0,203465.65669938616
250/150,4.0,196,203,1893619.5928213263,0.06593144439637988,10476792.139064785,3146.088973075351,0.0,902.8538729473657,210120.0,-0.0,322432.8358838678,0.05816728784079333,-0.40802286837763724,6.437492767442729,1962772.7796801697,88534.99422019672,221881.25662232406,132369.90413241694,384594.1781453618,0.0,641655.7679836713,257061.5898383095,391747.6143759972,159833.02666540685,0.0,152714.07278011378,7153.436230635621,0.3969657657884913,2.508797995066245,1.5060130089240473,0.011364143353001621,False,True,False,0,1.0,477619.9061406861
250/150,4.0,197,204,1699903.501016286,0.054489905949985484,6550261.241589005,3310.2031842736696,0.0,-241884.01158062398,211785.0689937694,-0.0,294653.65454640344,0.05916375241736648,-0.163673068564131,6.492136315414631,1298770.9914588076,58585.67547483132,148099.27813171395,89865.43215736163,256705.41542830432,0.0,426785.9799385859,170080.56451028158,261099.36241701536,106528.53986614225,0.0,101575.06322538343,4393.946988711019,0.3972330043703035,2.5084085689617144,1.5050445770980847,0.00908981293869382,False,True,False,0,1.0,358257.40407709894
250/150,4.0,198,205,919076.3677489904,-0.008403101037770089,4971588.09662654,969.8714937106823,0.0,-614521.8498946044,288462.19901079213,-0.0,141111.13312614252,0.07889641482169246,-0.4685443423484613,6.736381898484881,901163.4348366598,40651.728204827064,102680.56289272817,64200.02200540762,177979.64234739554,0.0,295764.972513761,117785.33016636549,180058.99285154833,73464.06908343172,0.0,70392.06345827511,2079.3505041521917,0.39706925263129333,2.507744038527583,1.5064996632510916,0.0067846779858351525,False,True,False,0,1.0,171812.84952611756
250/150,4.0,199,206,1585905.8154718506,0.047195432161824646,7022874.999940471,10441.125765232398,0.0,-284994.64898869983,263880.1572282299,-0.0,242560.08250303986,0.06324474819846061,-0.3277731633688885,6.426579575993886,1300011.6141598444,58638.803657935474,147327.45137104907,88710.46711195071,255367.58237648505,0.0,425318.0841836393,169950.50180715427,258722.01115571446,105558.5805515315,0.0,101225.70403570615,3354.4287792294094,0.39694135375955975,2.50756668575632,1.5062715752647926,0.008307306678763338,False,True,False,0,1.0,346620.01531698776
